rep,N,method,acc,macroF1,macroAUC,brier,ece,cwece,far@pd0.9
0,10,Proposed,0.5552,0.4463203302040304,0.7946786680624628,0.5561722331517334,0.030733343506448574,0.03782620634561046,0.5066864784546805
0,10,uninformative MAP,0.3756,0.15575655579567943,0.5207356326197486,0.7344213237735794,0.07295935343863823,0.1356310123559274,0.9338781575037147
0,10,Laplace,0.3716,0.13546223388743073,0.516549744555225,0.7394558751983984,0.09011655084739788,0.14224070648811077,0.9286775631500743
0,10,B1-MLE,0.3728,0.16723046280510742,0.5406862797376069,0.7535939578027169,0.10377292713960727,0.15316730653361302,0.9316493313521546
0,10,B0-as-prior MAP,0.39,0.16649936076623098,0.7765090376506592,0.658935042368749,0.05964792057248471,0.12050350299903251,0.5178306092124815
0,10,expert MAP (full table),0.5644,0.4642993281343292,0.7793478361858869,0.5663773333486641,0.04892755182347231,0.05189444203551536,0.5297176820208024
0,10,expert cMAP (full table),0.562,0.4597233166532751,0.7919711152186525,0.5601192369881125,0.03680014490264775,0.04391283095773757,0.5260029717682021
0,10,logistic regression,0.3308,0.23753566661435005,0.5481092435289894,0.812892366592843,0.22551119676289416,0.15966435952155286,0.7488855869242199
0,50,Proposed,0.5856,0.4720508028285759,0.807165948214667,0.5351844488946934,0.042287435831254785,0.030279767837298008,0.46285289747399705
0,50,uninformative MAP,0.5572,0.33530020041154324,0.7695181831130159,0.6105032038412249,0.15581231694053052,0.10624150905497973,0.5208023774145617
0,50,Laplace,0.5568,0.315981130492492,0.7666053782142581,0.6399736048291234,0.1947471761634515,0.13163791629574373,0.5208023774145617
0,50,B1-MLE,0.556,0.41315008508937173,0.767085294210976,0.5732336015043812,0.06550449762797031,0.05702202364455305,0.5445765230312035
0,50,B0-as-prior MAP,0.5676,0.3829623213430767,0.7982678313417879,0.5679462273536523,0.08955305722896438,0.0717379456186892,0.4739970282317979
0,50,expert MAP (full table),0.5844,0.47367575165860454,0.7991609712541521,0.5424758692088466,0.035792406379314266,0.034867244147854776,0.4710252600297177
0,50,expert cMAP (full table),0.5844,0.47367575165860454,0.8006514881301812,0.5418488447850256,0.035401502019728276,0.03423349091219471,0.4710252600297177
0,50,logistic regression,0.4832,0.3290442407935955,0.6860170258934635,0.660517775396822,0.1389401481657095,0.08345538666082145,0.6277860326894502
0,80,Proposed,0.586,0.5016493683181235,0.8069967295995757,0.5347934200458887,0.034361795571951646,0.026235233888218225,0.4725111441307578
0,80,uninformative MAP,0.5696,0.4484017913330446,0.784449425726025,0.5769706780764218,0.12663926338438558,0.08327744531456713,0.5066864784546805
0,80,Laplace,0.57,0.4059499230753556,0.7814615641557013,0.6046016138698721,0.17308268296039317,0.10987096856522037,0.5416047548291233
0,80,B1-MLE,0.5512,0.4737670907244691,0.7811722613316947,0.5590513607726096,0.06832638499813345,0.04746640748333433,0.4970282317979198
0,80,B0-as-prior MAP,0.572,0.4582814414639115,0.8002285652743536,0.549772977435284,0.07241687215532389,0.05273431199212906,0.4903417533432392
0,80,expert MAP (full table),0.5848,0.5010525374599132,0.7992074191724314,0.5419637004736769,0.04887657483004745,0.03433687893042543,0.47473997028231796
0,80,expert cMAP (full table),0.5848,0.5010525374599132,0.8005431484544822,0.5415071230332662,0.04646738719336921,0.03401555765617285,0.47473997028231796
0,80,logistic regression,0.4852,0.3783877424466321,0.7149454878704545,0.6496471789620059,0.11744114111119415,0.07405422518880993,0.6047548291233283
0,100,Proposed,0.5876,0.48838734051329113,0.8083851619605749,0.5340385107476296,0.04267425011819081,0.028937959228142913,0.4673105497771174
0,100,uninformative MAP,0.556,0.38984399820768595,0.7832180242754256,0.5716421733460487,0.08986645589532993,0.0737804493788756,0.49405646359583955
0,100,Laplace,0.5524,0.3795463377976397,0.7822399522780272,0.5938931605105141,0.1333227105386949,0.10013913741206451,0.512630014858841
0,100,B1-MLE,0.544,0.43151319853859404,0.7792565687109829,0.5648979818204881,0.06095607804293829,0.04923277249435853,0.4866270430906389
0,100,B0-as-prior MAP,0.5656,0.40017978813936744,0.7959195035099269,0.5519098554281727,0.05170075696878739,0.050212756880358436,0.47176820208023773
0,100,expert MAP (full table),0.568,0.45772126207601815,0.7947992689391512,0.5451901618683319,0.0431360612228936,0.03536203342737015,0.4702823179791976
0,100,expert cMAP (full table),0.57,0.46164257470155967,0.7997001753774158,0.5422914075142485,0.042643477862555915,0.03353520047344172,0.4673105497771174
0,100,logistic regression,0.4796,0.3830963081232565,0.7081035148504866,0.6625539255701284,0.1191216167255034,0.08639989836127968,0.6017830609212481
0,200,Proposed,0.5868,0.4670303066520823,0.8108697132191537,0.5295923106539917,0.02369458137506948,0.02266427135182663,0.45690936106983654
0,200,uninformative MAP,0.5776,0.41287941579089926,0.7985250434993276,0.5439295677601017,0.05274083582876818,0.0396356601443182,0.5014858841010401
0,200,Laplace,0.5764,0.40749402023521925,0.7963920401074056,0.5557774530800221,0.08900536482745007,0.060126577919839067,0.513372956909361
0,200,B1-MLE,0.5788,0.4385948155598071,0.8029694966686629,0.5392599499755008,0.04771219751826366,0.027459288084333098,0.5104011887072808
0,200,B0-as-prior MAP,0.5836,0.42648236310136656,0.8053748228945534,0.5361715196769196,0.043243839877555985,0.028276917646324642,0.4947994056463596
0,200,expert MAP (full table),0.582,0.4477828428020223,0.8062940917952155,0.5351002957747562,0.04519516732928236,0.02672123070191532,0.4799405646359584
0,200,expert cMAP (full table),0.5844,0.45007900272697154,0.8066112804595615,0.5345302603996237,0.043501750448682236,0.02704867856697222,0.4799405646359584
0,200,logistic regression,0.5324,0.41294565694036534,0.7575558099718368,0.5944637473629901,0.06659655842666858,0.04606697718543423,0.5586924219910847
0,400,Proposed,0.5804,0.43914997910180253,0.8106820658824494,0.5298686182199577,0.029801689460745583,0.02315962081300558,0.45468053491827637
0,400,uninformative MAP,0.5708,0.4071770832187499,0.8021506522810966,0.5346741194322376,0.038488476158564586,0.0308843046862227,0.4710252600297177
0,400,Laplace,0.5724,0.4093973251133383,0.7988141959380057,0.5380952840153701,0.04365262049431325,0.036678098716207266,0.48811292719167904
0,400,B1-MLE,0.574,0.42054052017032667,0.8055109041286179,0.5355130937881807,0.042374082936190494,0.02616322215784586,0.47473997028231796
0,400,B0-as-prior MAP,0.5724,0.4167121757145562,0.8063608730891375,0.5328207134616512,0.029062673320935928,0.02316286001352992,0.4769687964338782
0,400,expert MAP (full table),0.5808,0.4355965948653056,0.8063197807230424,0.5342178375994705,0.03607163173049514,0.0253463109168719,0.46433878157503716
0,400,expert cMAP (full table),0.5808,0.4355965948653056,0.8063050724695123,0.5342187381932542,0.03607345470432468,0.025347781887875717,0.46433878157503716
0,400,logistic regression,0.564,0.41071765956344625,0.7770759435474139,0.5672532447027963,0.05974499671595207,0.031951529759220616,0.5304606240713224
1,10,Proposed,0.5416,0.4702134079085176,0.8026465748457707,0.5501448553367168,0.047667912991809905,0.039481009996914916,0.5302257829570284
1,10,uninformative MAP,0.4316,0.3157170261478637,0.6919217602634369,0.7146881012855505,0.13431656531528038,0.13558507166735725,0.7123088128186453
1,10,Laplace,0.444,0.3155819519656349,0.6877778206891324,0.7267934809665095,0.16581688365909247,0.13975112449697025,0.7378004369992717
1,10,B1-MLE,0.452,0.3420466586399886,0.6952967569847435,0.6895834073269567,0.05763744021177509,0.12808324267962015,0.6467589220684632
1,10,B0-as-prior MAP,0.5436,0.3945435501648469,0.7909337910133569,0.6167091799427841,0.16443224825856032,0.10747609734520035,0.4785142024763292
1,10,expert MAP (full table),0.5444,0.5068527162528214,0.8031991310218396,0.549666505586611,0.04818985828685915,0.03561680116577239,0.5316824471959214
1,10,expert cMAP (full table),0.5444,0.5068527162528214,0.8031943379663539,0.5496672398617366,0.04819057516134641,0.03561725074655632,0.5316824471959214
1,10,logistic regression,0.4016,0.2761567223440045,0.57196623650556,0.8169605947234931,0.27406509861102085,0.15487100387527988,0.9082301529497451
1,50,Proposed,0.5456,0.4406078856898529,0.8075324524808649,0.5544061104752037,0.04076631242456474,0.05136118664417773,0.4690458849235251
1,50,uninformative MAP,0.4832,0.3642422809566318,0.7485883647310755,0.6391892280096036,0.04655928146342477,0.10407160025174048,0.58557902403496
1,50,Laplace,0.492,0.36164754588350184,0.7468518217798248,0.6562503078133194,0.10138053439063961,0.11346099622647186,0.6256372906045157
1,50,B1-MLE,0.4772,0.3829953811299314,0.7370033147295367,0.6811248689363916,0.18645776887966603,0.12483763416761207,0.5579024034959942
1,50,B0-as-prior MAP,0.512,0.39428892384851716,0.7868068864232604,0.5886961166470324,0.03432946552915517,0.07662268573118491,0.47341587764020393
1,50,expert MAP (full table),0.5264,0.426976366077372,0.7964188231093058,0.5764975291073575,0.0919777210375724,0.06630097172775229,0.504734158776402
1,50,expert cMAP (full table),0.5264,0.426976366077372,0.7964393461790538,0.5764990099397979,0.09197706956968435,0.06627546913429533,0.504734158776402
1,50,logistic regression,0.448,0.3604752238050544,0.6847371265247513,0.7314212362043047,0.19267761190009008,0.11428742177408222,0.7691187181354697
1,80,Proposed,0.5552,0.45373556404958776,0.8077697524253832,0.542905167547847,0.04879148576667392,0.0351697189611405,0.47560087399854334
1,80,uninformative MAP,0.5408,0.4301055259462201,0.7846760677232584,0.5916271601741454,0.08413323506073275,0.08360357989790229,0.5134741442097597
1,80,Laplace,0.536,0.41964311178266755,0.7837634503924973,0.6134318931532523,0.12226813771021698,0.10793923813080647,0.5360524399126001
1,80,B1-MLE,0.5208,0.4296432422609156,0.7758215166001634,0.5948302296474166,0.11265017196725001,0.07177782325679156,0.5273124544792426
1,80,B0-as-prior MAP,0.5524,0.4455958096004926,0.8011687292635773,0.5594615412084759,0.04385726552906102,0.05563646591585264,0.47341587764020393
1,80,expert MAP (full table),0.554,0.46061668419879503,0.79963827917327,0.5547057802801745,0.07081392652833737,0.04578162606905753,0.4945375091041515
1,80,expert cMAP (full table),0.554,0.46061668419879503,0.7996579790664147,0.5547034465805262,0.0708132521762441,0.04578020026796445,0.4945375091041515
1,80,logistic regression,0.4788,0.3987773841906926,0.7295658300271792,0.6431286088370154,0.12120532403544357,0.07207161620113076,0.6139839766933721
1,100,Proposed,0.5612,0.4559603407780643,0.8103716586450496,0.5384982707572545,0.043768941864365106,0.03218550860581272,0.4668608885651857
1,100,uninformative MAP,0.5332,0.42961145697091085,0.7862973596406163,0.5828311705194408,0.05528861555987046,0.07442982724003967,0.5134741442097597
1,100,Laplace,0.5356,0.425226644244892,0.7855166837688197,0.6009875379920339,0.10255708796350976,0.09150798168004545,0.5003641660597232
1,100,B1-MLE,0.5244,0.42821758012491573,0.7798871053504486,0.5900472594650302,0.110690353877777,0.06544932084088546,0.5404224326292789
1,100,B0-as-prior MAP,0.5536,0.4477240308309504,0.8022332104543959,0.5557109172463468,0.04137084543857992,0.04979702873698517,0.4632192279679534
1,100,expert MAP (full table),0.558,0.4603460491680399,0.8004917143484553,0.5535373026172058,0.07951279979725782,0.04450916566987923,0.515659140568099
1,100,expert cMAP (full table),0.5572,0.4590303937351317,0.8007312794764094,0.5529586228270086,0.0751722752738942,0.0435174628928048,0.4996358339402768
1,100,logistic regression,0.4672,0.4087877113924313,0.7331419000298133,0.638205603948322,0.11531774279085495,0.06847798541447962,0.6183539694100509
1,200,Proposed,0.5692,0.4620322679787525,0.8206470079850133,0.5265563277133738,0.02820215707678268,0.03022327667357564,0.42534595775673706
1,200,uninformative MAP,0.5652,0.4405225331779504,0.8160580564951119,0.5442889203999698,0.049342111028511465,0.0554552709591187,0.4362709395484341
1,200,Laplace,0.56,0.4323272856175936,0.8127695660558103,0.5581146789943967,0.0787411925960842,0.07389656998365798,0.43262927895120173
1,200,B1-MLE,0.5648,0.45572116776873994,0.8170657740587881,0.532007954041099,0.03512201265588104,0.03329011010509023,0.44136926438455937
1,200,B0-as-prior MAP,0.5692,0.44898322510614014,0.820717358038986,0.5325516224343426,0.02953153993697996,0.04162002693603601,0.4304442825928623
1,200,expert MAP (full table),0.574,0.46660554126361603,0.8188541358487029,0.5290738929658099,0.03877441117727153,0.03301267642004935,0.437727603787327
1,200,expert cMAP (full table),0.574,0.46660554126361603,0.8188533539398891,0.5290736288700878,0.03877196649755251,0.03301201269693197,0.437727603787327
1,200,logistic regression,0.4992,0.43332052013683486,0.761667334117109,0.5984420403876193,0.060729510954487205,0.04267117788200236,0.5557174071376547
1,400,Proposed,0.5768,0.46702764078701986,0.8232712036305844,0.5227412423047524,0.02832151826856038,0.026855888303202635,0.42680262199563
1,400,uninformative MAP,0.5772,0.4617581800029188,0.8215548752518967,0.5287611309610496,0.03735759382437706,0.04151532362362137,0.42680262199563
1,400,Laplace,0.5756,0.45965920076358274,0.8191343068265288,0.5346043121200693,0.04977061894402375,0.05257667186589592,0.4319009468317553
1,400,B1-MLE,0.5764,0.4653815754087138,0.8208536235944854,0.5249907277409432,0.033367985123115534,0.02829873198781683,0.42534595775673706
1,400,B0-as-prior MAP,0.5784,0.46783969684906596,0.8233827647878951,0.5247364976580334,0.029454406914672396,0.03192212983959877,0.4319009468317553
1,400,expert MAP (full table),0.576,0.469811253229463,0.8209307553622224,0.5243840085204884,0.03194649568831991,0.027608118808209563,0.4384559359067735
1,400,expert cMAP (full table),0.576,0.469811253229463,0.8216995660379167,0.524379271248505,0.03135939233757566,0.027549271069624744,0.43699927166788055
1,400,logistic regression,0.5316,0.45699398516790823,0.7766835638101589,0.5764082803971733,0.051507894091269615,0.029901813287093227,0.504734158776402
2,10,Proposed,0.5004,0.46210539031481634,0.7884343513777398,0.5922937087978156,0.050305094446470015,0.07047284786308616,0.465324384787472
2,10,uninformative MAP,0.2748,0.270559256981486,0.7141791858502591,0.7458887445770205,0.014322262413562227,0.15657950515483057,0.575689783743475
2,10,Laplace,0.2656,0.2600074644685702,0.7093615257884134,0.7491268668721743,0.05611182687511612,0.15586709277141084,0.575689783743475
2,10,B1-MLE,0.3264,0.2932490028207887,0.6988542358938905,0.7693541801561269,0.12136008169525393,0.16810351142429703,0.5920954511558538
2,10,B0-as-prior MAP,0.4152,0.32371733757859833,0.7662084640445149,0.6638063465874002,0.04148934083996429,0.11996466249231694,0.5272184936614467
2,10,expert MAP (full table),0.436,0.4087974551402685,0.7582405793016043,0.6219854678429905,0.06667582491746087,0.07659567672488499,0.5324384787472036
2,10,expert cMAP (full table),0.4604,0.4221342031968305,0.7682577272374596,0.6143100355958,0.05829620281752619,0.0766474176030167,0.5048471290082028
2,10,logistic regression,0.256,0.24735659980344868,0.6440995164553911,0.8959291419210451,0.25665960480856564,0.2254278172289929,0.6942580164056674
2,50,Proposed,0.5312,0.49114412838433497,0.7959075080183837,0.5761289519552497,0.050358501630905765,0.05622077997780822,0.488441461595824
2,50,uninformative MAP,0.4724,0.40545367249360303,0.761474813453167,0.648478585429329,0.09772239615545775,0.1240604000852425,0.5346756152125279
2,50,Laplace,0.4732,0.39449743123157494,0.7577615666695133,0.6702733041268172,0.13557148809101788,0.13004990325682078,0.5458612975391499
2,50,B1-MLE,0.4804,0.4496266969395369,0.7527322759963709,0.6419598420501142,0.08080489112549519,0.08743147522793801,0.5384041759880686
2,50,B0-as-prior MAP,0.5044,0.44523539156737146,0.787878870814995,0.5970601792996622,0.0652948047979541,0.0907216247648268,0.4966442953020134
2,50,expert MAP (full table),0.5356,0.4852433140523834,0.7907513230277716,0.5846123635777566,0.06497855794218857,0.05562904246230392,0.49217002237136465
2,50,expert cMAP (full table),0.5356,0.4852433140523834,0.7907689900479871,0.5845990979331833,0.06472780042333368,0.05565500434340465,0.49217002237136465
2,50,logistic regression,0.4064,0.38240726930706176,0.6848089841528621,0.7213437489974531,0.14144941352146612,0.11481000872729541,0.7009694258016406
2,80,Proposed,0.5232,0.4648667045349594,0.8029914364993364,0.5582261174729575,0.045846775868535763,0.048411098001449035,0.4862043251304996
2,80,uninformative MAP,0.5108,0.4225875606193479,0.779575326182991,0.6057431668373794,0.07690237036917462,0.10282175843403096,0.5421327367636093
2,80,Laplace,0.5156,0.4271838291625497,0.7760152720373097,0.6249625270274218,0.12457549957482468,0.1225001268048544,0.5600298284862043
2,80,B1-MLE,0.5136,0.45328617904790675,0.7760786848283288,0.5992810119301306,0.08075252738800556,0.07063262735802862,0.5316927665920954
2,80,B0-as-prior MAP,0.5232,0.43979379588285417,0.7954235783633086,0.573881005340031,0.03601365061013888,0.06758857177787783,0.4906785980611484
2,80,expert MAP (full table),0.5228,0.4597628802467668,0.8015572780303355,0.5603145923757615,0.03919727308507302,0.04489737905986575,0.48769574944071586
2,80,expert cMAP (full table),0.5228,0.4597628802467668,0.8015814676257708,0.5603000809492518,0.039194144711741964,0.044905663824564804,0.48769574944071586
2,80,logistic regression,0.454,0.3804860743831332,0.7104536325216804,0.666850300355047,0.1309903496856827,0.07992172278460238,0.6868008948545862
2,100,Proposed,0.5292,0.4703830028521825,0.8022106390257591,0.559256868111812,0.02482494591317339,0.04956620180596899,0.49142431021625654
2,100,uninformative MAP,0.5148,0.4318162051212538,0.7845752871888326,0.5968375042107061,0.06983591585144255,0.0940205737382834,0.517524235645041
2,100,Laplace,0.5108,0.4067666782430611,0.7811789685076227,0.6145669488512032,0.10664159009781454,0.11453608575504665,0.5294556301267711
2,100,B1-MLE,0.5184,0.44944238427539424,0.7831087713654776,0.5866728128276919,0.06666120169684228,0.06695808724300326,0.5197613721103654
2,100,B0-as-prior MAP,0.5224,0.4449377642174877,0.7977226847236185,0.5712329143359092,0.03539727310964203,0.06960303484079082,0.5026099925428784
2,100,expert MAP (full table),0.5304,0.4643401510182201,0.800421379709433,0.5621690878335456,0.030562681038834163,0.05087998117879816,0.4988814317673378
2,100,expert cMAP (full table),0.53,0.4635490117777138,0.8004646463517706,0.5621534333972764,0.027840857079905485,0.050940537841068285,0.4988814317673378
2,100,logistic regression,0.4524,0.3560418675286176,0.7230326980350514,0.6495755570568318,0.12417396494574456,0.07332540301890285,0.6360924683072334
2,200,Proposed,0.5256,0.46374581253347225,0.8027885794627778,0.556486135031552,0.04497530763025224,0.04665572496495549,0.4981357196122297
2,200,uninformative MAP,0.5204,0.44277331125938574,0.7973312043094636,0.5659682256905664,0.03563581551949084,0.06605448557841197,0.5152870991797166
2,200,Laplace,0.5188,0.4357411183949149,0.7936670574655369,0.5760099793096383,0.05381000026301155,0.07754589156570293,0.5182699478001491
2,200,B1-MLE,0.5256,0.466317109632793,0.8006177729681072,0.562484879996313,0.0615839205272643,0.050820087650976814,0.5011185682326622
2,200,B0-as-prior MAP,0.526,0.46235722432955284,0.8034407434349219,0.5571610080726008,0.028097923706500463,0.05648303457363932,0.5018642803877703
2,200,expert MAP (full table),0.5232,0.4533058428597351,0.8039531833566673,0.5556916351412176,0.04966078567663943,0.04838104921367295,0.5018642803877703
2,200,expert cMAP (full table),0.5232,0.4533058428597351,0.8039541684808547,0.5556895151193484,0.049663783119340006,0.04837972469591234,0.5018642803877703
2,200,logistic regression,0.4684,0.403613171421899,0.742989575225836,0.6325675881019517,0.10789042582016109,0.06681625529038057,0.6271439224459359
2,400,Proposed,0.5364,0.4646320417122576,0.8068021537257941,0.5461445110836668,0.03802787539944103,0.0389353465667567,0.4981357196122297
2,400,uninformative MAP,0.526,0.4487161736799209,0.7980591865548449,0.5552603512019785,0.03805271456630856,0.050659671322295804,0.5070842654735273
2,400,Laplace,0.5244,0.4436005466241003,0.7945567611549369,0.5584842286083854,0.02965264152971208,0.05608687068648783,0.5026099925428784
2,400,B1-MLE,0.5284,0.4600441289524208,0.8003186906644156,0.5565506390453242,0.062164022671470705,0.04306519906139069,0.5041014168530947
2,400,B0-as-prior MAP,0.5284,0.44785322196482547,0.801954300830631,0.5526947812853147,0.04411706037287932,0.045719697928840224,0.506338553318419
2,400,expert MAP (full table),0.53,0.45374758305095453,0.8025696720154246,0.5534676420953075,0.052595803470610526,0.040937446585398635,0.5033557046979866
2,400,expert cMAP (full table),0.53,0.4536237461708247,0.8025650065493495,0.5533172101408352,0.05191677379219961,0.04083910397325985,0.5033557046979866
2,400,logistic regression,0.516,0.43010203690995114,0.7675756411484398,0.5949174810947772,0.07244659547476306,0.04488254873015509,0.5443698732289336
3,10,Proposed,0.524,0.391775944809684,0.7870063729434618,0.6010088160299678,0.06598032716993249,0.08802096815705657,0.4603746397694525
3,10,uninformative MAP,0.4576,0.1998868346369467,0.5858453690362586,0.6985338278089351,0.14189947006623205,0.12270154844554407,0.7896253602305475
3,10,Laplace,0.4612,0.1692963820068501,0.590737022583022,0.7143206916879291,0.1660201633899106,0.13463127918984577,0.8011527377521613
3,10,B1-MLE,0.5072,0.2768934413037595,0.5814133853434347,0.7103820934908717,0.16879223827304835,0.11687110617086081,0.781700288184438
3,10,B0-as-prior MAP,0.5612,0.3056508283748917,0.7824332064942641,0.6037037189247115,0.1542682823388389,0.1061982159283902,0.4899135446685879
3,10,expert MAP (full table),0.5044,0.37048072909513563,0.7744950889781,0.610985133216595,0.0810991048643063,0.08798826592323097,0.4661383285302594
3,10,expert cMAP (full table),0.5012,0.36839592319389425,0.7745419712376587,0.6111253147323711,0.08364073287187085,0.08816197419370093,0.4661383285302594
3,10,logistic regression,0.4956,0.25591223413643305,0.5561881657875893,0.6940654540174517,0.17246605474693225,0.10467550081636284,0.7910662824207493
3,50,Proposed,0.5656,0.4487382092254,0.8094323520524263,0.5383317209903971,0.048098355367613116,0.047616433265400104,0.4603746397694525
3,50,uninformative MAP,0.5628,0.4052183413773424,0.7708143091916648,0.5994755742828209,0.14637546975926677,0.10078505521136089,0.489193083573487
3,50,Laplace,0.5632,0.3627890918650853,0.7686837427503614,0.630610289657247,0.1917012029055612,0.12049263787991843,0.5151296829971181
3,50,B1-MLE,0.5608,0.43927965830421545,0.7377479481800839,0.5736966440932729,0.0781275306225158,0.05755841904782601,0.4762247838616715
3,50,B0-as-prior MAP,0.5764,0.41058374500916234,0.801479757914232,0.5521257204504731,0.08626373127620111,0.06082169773297966,0.4812680115273775
3,50,expert MAP (full table),0.5832,0.45336112195175654,0.812480111158899,0.5306114139237589,0.02451141685228084,0.04208037832226994,0.46397694524495675
3,50,expert cMAP (full table),0.5824,0.45381578066565764,0.8122806124369085,0.531313156674852,0.02487339468239995,0.042695110630713504,0.4610951008645533
3,50,logistic regression,0.4528,0.3119375946723998,0.6448053767823908,0.696606456886643,0.1669728404867125,0.09795198000764421,0.69164265129683
3,80,Proposed,0.5956,0.4847360362604083,0.8181422382409095,0.5253765910419564,0.04473050105461563,0.040761363483621485,0.4603746397694525
3,80,uninformative MAP,0.5824,0.43630806845965764,0.7914642019598719,0.5706904360480731,0.13489183699825677,0.08356348050812618,0.48054755043227665
3,80,Laplace,0.5704,0.38765662699154585,0.7838630869705956,0.5980137532927396,0.16236406632316788,0.10928240993337937,0.5561959654178674
3,80,B1-MLE,0.5756,0.4769511999032022,0.7968492001471066,0.5525938073428924,0.03639905571402185,0.04302701142030785,0.47910662824207495
3,80,B0-as-prior MAP,0.5976,0.43758709444985094,0.8130384547888758,0.5366427465568134,0.09081473325438127,0.055513569507856006,0.4697406340057637
3,80,expert MAP (full table),0.598,0.4749740787236578,0.8198682252228424,0.5183822025128113,0.031456659751932584,0.030804028154974017,0.4668587896253602
3,80,expert cMAP (full table),0.5992,0.47579960779550523,0.8194701636526869,0.5189959347259326,0.03177211787168838,0.030447402534125256,0.4654178674351585
3,80,logistic regression,0.4644,0.32687581753320855,0.6676618093109695,0.6903688324558587,0.18179307116935273,0.09956094329204729,0.6721902017291066
3,100,Proposed,0.6004,0.4926748876670907,0.816178617381214,0.5253212823714098,0.03421553224259469,0.03312189044906862,0.4711815561959654
3,100,uninformative MAP,0.6,0.4947874516286245,0.8012354406555857,0.5557448319841909,0.14050024031227906,0.07552432147622105,0.5129682997118156
3,100,Laplace,0.598,0.4628982552377376,0.7970161585994694,0.5809429184677832,0.18299600174345354,0.10094355640072995,0.5072046109510087
3,100,B1-MLE,0.5844,0.5021328810404141,0.801734157118708,0.5406494559672629,0.05806782318858971,0.03908747694365581,0.47982708933717577
3,100,B0-as-prior MAP,0.6052,0.49655204895120464,0.8143220970046811,0.5310723963525761,0.0917526055436828,0.048153444647438606,0.473342939481268
3,100,expert MAP (full table),0.6072,0.5082424095087359,0.8186435149161493,0.5180181091972137,0.029896072760239104,0.027466082471989752,0.47406340057636887
3,100,expert cMAP (full table),0.6072,0.509441012705749,0.8186303409943231,0.5187576689028806,0.030774008013971583,0.028260000103271878,0.47406340057636887
3,100,logistic regression,0.4708,0.3484425085334564,0.685363095487986,0.670322545807959,0.16052233635774218,0.08451875970565162,0.627521613832853
3,200,Proposed,0.6064,0.5185301016877468,0.8203323175213025,0.51555640234694,0.039639312945365775,0.028161143391616763,0.4675792507204611
3,200,uninformative MAP,0.5964,0.4980240057529419,0.8095438015718242,0.536655521591129,0.08933981714399111,0.056521184303523014,0.49495677233429397
3,200,Laplace,0.5968,0.4898016547429184,0.8083551657550518,0.5492674898186959,0.12664271042651545,0.07547233328898602,0.4920749279538905
3,200,B1-MLE,0.5796,0.4912718456992218,0.8083748605691682,0.5346194476644176,0.034270988190290876,0.03519260267231342,0.48054755043227665
3,200,B0-as-prior MAP,0.608,0.5056971201287831,0.8151230456330286,0.5253349288285363,0.0683526602065535,0.03982011103169227,0.4776657060518732
3,200,expert MAP (full table),0.6052,0.5178867822075135,0.8179654666093865,0.5174560540470038,0.03877984731931222,0.028639941656824208,0.4755043227665706
3,200,expert cMAP (full table),0.606,0.5217224500842417,0.8180618597108922,0.5179483215424332,0.0379034467088334,0.029208408478680788,0.47406340057636887
3,200,logistic regression,0.5296,0.388102512478374,0.739190172767533,0.5888467133454469,0.054702957230574174,0.038974224130608685,0.5677233429394812
3,400,Proposed,0.6012,0.4987067186879937,0.8227966086976541,0.5137128689274947,0.028219820862436087,0.030003064232802662,0.46829971181556196
3,400,uninformative MAP,0.5984,0.4956240631801153,0.8165802650565817,0.5227568484741298,0.052978747721202396,0.04506180923256114,0.47046109510086453
3,400,Laplace,0.5964,0.4904924025289571,0.8147684666431412,0.5286075003146403,0.07304388053180892,0.05202435435599769,0.4675792507204611
3,400,B1-MLE,0.5976,0.4982300567388549,0.8174818989079511,0.5204613222928061,0.025562800842576876,0.03303849073159042,0.47478386167146974
3,400,B0-as-prior MAP,0.5996,0.49479344474316955,0.8196464630116145,0.5184200565737361,0.05475971823422659,0.03841450104811192,0.47910662824207495
3,400,expert MAP (full table),0.6036,0.4957571995666397,0.8205050371799547,0.5163545126082124,0.03246001772612476,0.031221360863720276,0.46397694524495675
3,400,expert cMAP (full table),0.6036,0.4957571995666397,0.8206100479371572,0.5164737205662044,0.031752806317835516,0.030966306115955345,0.47046109510086453
3,400,logistic regression,0.5504,0.42494228959984226,0.7765424261656279,0.565593925515963,0.04272121981121385,0.033792571583471695,0.5172910662824207
4,10,Proposed,0.578,0.48968383421737055,0.810641354461592,0.5412592732890211,0.05159489129237824,0.037646027528815865,0.4588839941262849
4,10,uninformative MAP,0.4232,0.22029615755507753,0.6777055789047006,0.7134846235526973,0.1228871712993006,0.13475690680053867,0.6461086637298091
4,10,Laplace,0.3816,0.16128509068579128,0.681018305557692,0.7270999563845388,0.1059191326507776,0.14155286878240558,0.630690161527166
4,10,B1-MLE,0.4452,0.36071235277714214,0.6533036605706909,0.732057275478055,0.12194563436585884,0.13066904717768366,0.7055800293685757
4,10,B0-as-prior MAP,0.4768,0.3288983664560903,0.7862388377977568,0.6321711581066584,0.06762634073702228,0.1129217286529466,0.48164464023494863
4,10,expert MAP (full table),0.5768,0.4890314627508349,0.8111612185056307,0.5406673078922809,0.0534451046133202,0.036329269833889954,0.460352422907489
4,10,expert cMAP (full table),0.5768,0.4890314627508349,0.8111558551212288,0.5406679057268958,0.053449220098304835,0.03633064041545079,0.460352422907489
4,10,logistic regression,0.3956,0.20063901444995488,0.5925353987472566,0.827880227453587,0.2945318866951416,0.17088254753423482,0.644640234948605
4,50,Proposed,0.57,0.4919153981210803,0.8109202218791463,0.5455620100774853,0.08609993734855029,0.049367446383285184,0.4684287812041116
4,50,uninformative MAP,0.548,0.3941199979101646,0.7694023039988134,0.6065723646404987,0.13725093069684086,0.09979230888673433,0.5286343612334802
4,50,Laplace,0.5512,0.373970740359028,0.7683009453205246,0.6346326217347756,0.1814319657609509,0.1245475554283777,0.5602055800293686
4,50,B1-MLE,0.5332,0.46835893675084583,0.7649653073722346,0.6018718505085227,0.1206325451684589,0.07403395971824644,0.5080763582966226
4,50,B0-as-prior MAP,0.5608,0.4038109533447011,0.8034955986147558,0.5601568388016385,0.06781104845613409,0.06225051757918368,0.4698972099853157
4,50,expert MAP (full table),0.5652,0.4925826527317993,0.8099089500237019,0.5504666353578836,0.09512020076041475,0.05238342983519248,0.461086637298091
4,50,expert cMAP (full table),0.5652,0.4925826527317993,0.8099086062059913,0.5504650082817815,0.09511871485086054,0.052382434911150036,0.461086637298091
4,50,logistic regression,0.4672,0.3073614764751682,0.6550365565986241,0.7248402647926823,0.2128185606456872,0.12111459312847303,0.6740088105726872
4,80,Proposed,0.576,0.4868569391065315,0.8144050962686622,0.5378159480679595,0.05406307664964559,0.03952813554990167,0.46916299559471364
4,80,uninformative MAP,0.5468,0.4279088784355638,0.7932489699963918,0.5781586117591523,0.09960121653978815,0.08701349930278748,0.5381791483113069
4,80,Laplace,0.5424,0.3760202257889448,0.7873850324063579,0.6035133691800271,0.1355004427166605,0.10477695355691768,0.5697503671071953
4,80,B1-MLE,0.5364,0.4761916636235251,0.7921410705143914,0.5784997610450126,0.09776164327591909,0.06201161856377382,0.4948604992657856
4,80,B0-as-prior MAP,0.5672,0.44459228373896786,0.8128264018045716,0.5436896007549872,0.06000339629893417,0.050033546717489136,0.47944199706314244
4,80,expert MAP (full table),0.5692,0.48983342595337787,0.8134151935013025,0.5395246740330888,0.06316063634953631,0.04010387693885835,0.4698972099853157
4,80,expert cMAP (full table),0.5692,0.48983342595337787,0.8134187232025454,0.5395251406439698,0.0631583020205969,0.040105208328391304,0.4698972099853157
4,80,logistic regression,0.4872,0.3329177972406503,0.6993445073017319,0.6839909496141596,0.1868864637679061,0.10275058113481188,0.643906020558003
4,100,Proposed,0.5764,0.46243447423885464,0.817380516821648,0.53959106268088,0.059790841954925025,0.04582995084726003,0.4618208516886931
4,100,uninformative MAP,0.5472,0.41669232646116944,0.7976625452942125,0.5696816993122835,0.06127242251282401,0.07244945363711922,0.5073421439060205
4,100,Laplace,0.5444,0.39374799725283016,0.789676933103947,0.591156803069198,0.10252454475712709,0.09790747940729788,0.5587371512481645
4,100,B1-MLE,0.5488,0.4585991750438095,0.8039340115098661,0.5633969915768439,0.09810357682387656,0.06237204803417645,0.49706314243759175
4,100,B0-as-prior MAP,0.564,0.43763891038566044,0.815779378654337,0.542134189888806,0.029430322331763858,0.05273457989799578,0.4845814977973568
4,100,expert MAP (full table),0.5744,0.46791918231647245,0.8175550768288236,0.5393478472250179,0.06700233334023448,0.04694495214831456,0.4720998531571219
4,100,expert cMAP (full table),0.5744,0.46791918231647245,0.8175590217313737,0.5393482580317084,0.06700639812676203,0.046946043077699964,0.4720998531571219
4,100,logistic regression,0.5004,0.31061380055671634,0.721787498824594,0.6684994553068866,0.17536782731493145,0.09413273203327628,0.6079295154185022
4,200,Proposed,0.5768,0.4824980840377941,0.8171578275572822,0.5354837838389682,0.04441909790649772,0.03806428294158871,0.4750367107195301
4,200,uninformative MAP,0.5748,0.46928834802531755,0.8089328945626372,0.5420300895216332,0.045809893711954104,0.0531343113312614,0.48164464023494863
4,200,Laplace,0.5708,0.4552792140058078,0.8035834275364638,0.5548297233135743,0.08187646350948602,0.0690962219916835,0.5102790014684288
4,200,B1-MLE,0.5756,0.4888846200478349,0.8143748304418643,0.5435068892603143,0.05546793568758184,0.04410720031731991,0.4684287812041116
4,200,B0-as-prior MAP,0.58,0.47238065617045516,0.817963100214667,0.5312677952845695,0.01711698850184017,0.03789408554455137,0.45741556534508077
4,200,expert MAP (full table),0.582,0.4854161805435481,0.817275981342525,0.5360498766813766,0.05093540603276486,0.037086597073442265,0.4713656387665198
4,200,expert cMAP (full table),0.582,0.4854161805435481,0.8172744431639489,0.5360485211726553,0.050930722373859406,0.03708454579813237,0.4713656387665198
4,200,logistic regression,0.5284,0.384050526129602,0.7707140066179805,0.5995149676216641,0.1039470178625522,0.0606776636731223,0.5029368575624082
4,400,Proposed,0.5732,0.4976702907521055,0.8175014373909109,0.5313557677284634,0.029058385048987848,0.030449393857881847,0.47577092511013214
4,400,uninformative MAP,0.5708,0.48783158139700433,0.8144197825969571,0.532987161118782,0.0217964769276222,0.037614249227947184,0.47063142437591776
4,400,Laplace,0.57,0.4845746732887914,0.8118707970929193,0.5383288263460588,0.049907032038667046,0.04696254273914012,0.46622613803230545
4,400,B1-MLE,0.5728,0.4964927651560815,0.8170851710141804,0.5342970010930918,0.035854451080784486,0.03446468052997757,0.4720998531571219
4,400,B0-as-prior MAP,0.5748,0.4889230908846698,0.8179159223621473,0.5290166038430931,0.01802764559776352,0.029708796130448377,0.4698972099853157
4,400,expert MAP (full table),0.5708,0.48844607481930424,0.817106785002064,0.532404797788021,0.036751435212159934,0.03142694731802622,0.4698972099853157
4,400,expert cMAP (full table),0.5708,0.48844607481930424,0.8171090519734943,0.5324052340916489,0.0367528856329806,0.03142727249443309,0.4698972099853157
4,400,logistic regression,0.548,0.4391848864771398,0.7876230484526388,0.569849864302659,0.05263356425860975,0.041994600878359156,0.4845814977973568
5,10,Proposed,0.4852,0.3688131571583704,0.7761809002750167,0.6232612248450692,0.09664910670962884,0.09789697385378027,0.5665204678362573
5,10,uninformative MAP,0.4552,0.29238434431480276,0.6495949683405335,0.7175031753150376,0.15972989055515613,0.14763717927773604,0.8282163742690059
5,10,Laplace,0.4496,0.27418594262927737,0.6488793360462431,0.7282706108063381,0.17013603625517643,0.14813726805707028,0.8384502923976608
5,10,B1-MLE,0.404,0.3300346091669133,0.6243100271535837,0.7167977270316914,0.07363165055592392,0.1364559785784576,0.8011695906432749
5,10,B0-as-prior MAP,0.5516,0.38266544619285414,0.7848964460375211,0.6256827853871093,0.1797705330930424,0.10483279280163386,0.5730994152046783
5,10,expert MAP (full table),0.4684,0.35468603979976804,0.7683932110953519,0.6490084367425379,0.1734219619385863,0.11863884080481113,0.6133040935672515
5,10,expert cMAP (full table),0.4668,0.35491897585899956,0.7726203355514074,0.6467114390829993,0.17425921441486475,0.11843765695157207,0.5285087719298246
5,10,logistic regression,0.3828,0.22908463096078557,0.5497937422713883,0.8011830766398149,0.1967401592577279,0.1472148215001917,0.9495614035087719
5,50,Proposed,0.5396,0.4379349096398432,0.7863787019291428,0.5850566013162759,0.09712128853840832,0.07431661483542383,0.5307017543859649
5,50,uninformative MAP,0.5604,0.4701347032902054,0.7725040456315823,0.6085253512329531,0.15129322918543178,0.10161661481403378,0.6118421052631579
5,50,Laplace,0.5396,0.39625411747507194,0.7648629640607119,0.6380081829951613,0.16965951399950305,0.11467678126848874,0.652046783625731
5,50,B1-MLE,0.5564,0.4957592991560641,0.7668113460724622,0.5925694739698049,0.11360420917098223,0.08049014620454617,0.5328947368421053
5,50,B0-as-prior MAP,0.5748,0.47953032748873053,0.8001244477728139,0.559914619370612,0.09498103159410887,0.06610649175768582,0.5116959064327485
5,50,expert MAP (full table),0.5428,0.4442137076205442,0.7880330647745919,0.5833591720182645,0.099821689527325,0.07610029229877417,0.5102339181286549
5,50,expert cMAP (full table),0.5424,0.4435044181593212,0.7903156643149988,0.5802244894526947,0.09660599491625005,0.07388210870578694,0.5058479532163743
5,50,logistic regression,0.486,0.3293719907314883,0.6560827863733173,0.6748634863186102,0.1458947644548116,0.08931987911970159,0.6637426900584795
5,80,Proposed,0.5512,0.45008057199040996,0.7971156909665734,0.561979847182794,0.0773839794733472,0.05809319962046958,0.4904970760233918
5,80,uninformative MAP,0.5812,0.4735079809179319,0.7874237698551757,0.5710587174324292,0.12679981994771192,0.08423026556977195,0.5087719298245614
5,80,Laplace,0.566,0.4391613283122752,0.784458789768131,0.598274100016043,0.1563732390936622,0.1095009863550593,0.564327485380117
5,80,B1-MLE,0.5768,0.4875673745936125,0.7760485489435184,0.5673911615587863,0.09809298910531797,0.06051859293313546,0.5
5,80,B0-as-prior MAP,0.5856,0.4786339566230871,0.8068064962791829,0.5404100848611594,0.07181474111936853,0.048908763604682264,0.48830409356725146
5,80,expert MAP (full table),0.5608,0.46165160260357874,0.7948541042572661,0.5605661355631208,0.0727799049747419,0.06064036871130535,0.4861111111111111
5,80,expert cMAP (full table),0.562,0.4658006715634917,0.7960135401564897,0.5588462131968057,0.06913837487317794,0.05917792302318751,0.4861111111111111
5,80,logistic regression,0.5296,0.3567835017008879,0.7171063610542987,0.6190647968051562,0.0884866968589867,0.05778471646703725,0.5752923976608187
5,100,Proposed,0.5616,0.46038014154679463,0.8032097926049611,0.555061205340141,0.068226071982107,0.05670145552471887,0.49415204678362573
5,100,uninformative MAP,0.572,0.4523300729454919,0.7960862992268916,0.5609956096524855,0.09416172280748897,0.07056340786571261,0.5095029239766082
5,100,Laplace,0.5704,0.43349273585417064,0.7938204453528814,0.5851554624649288,0.13945728549417558,0.09541324889414779,0.547514619883041
5,100,B1-MLE,0.5712,0.473985097356666,0.7851737107819184,0.5608637647664941,0.08704314102595125,0.05809053792438744,0.49780701754385964
5,100,B0-as-prior MAP,0.5708,0.4617012287653943,0.8105860866870349,0.5357498935584012,0.045649243217030934,0.04045308932456257,0.4868421052631579
5,100,expert MAP (full table),0.5744,0.47206894764935214,0.8000597839219121,0.5532282519272056,0.06465063489551653,0.05770740106545275,0.49780701754385964
5,100,expert cMAP (full table),0.5744,0.4720834594045704,0.8007939434747499,0.5521348539178685,0.06035836780272101,0.055610022396502395,0.5
5,100,logistic regression,0.5292,0.34159723727893343,0.7193294629005429,0.6108542649527436,0.08310186887793863,0.05400822523340663,0.5635964912280702
5,200,Proposed,0.5808,0.480886596485431,0.812923780604584,0.5342819838903404,0.039116312485338554,0.04340751048117549,0.47149122807017546
5,200,uninformative MAP,0.5832,0.46598325722436107,0.8088084140907199,0.5390715451025797,0.06541051213709118,0.057146199543633605,0.4766081871345029
5,200,Laplace,0.5828,0.45600864967027216,0.8057102165055624,0.5526910670732664,0.1010730873115272,0.0735830119226907,0.5350877192982456
5,200,B1-MLE,0.58,0.4883648622103708,0.812900448288085,0.5316774517126978,0.04957581200828716,0.03493108386898891,0.46271929824561403
5,200,B0-as-prior MAP,0.5892,0.47963109368598567,0.816228905942143,0.5273469328521957,0.045252167165923,0.0380954587626096,0.45321637426900585
5,200,expert MAP (full table),0.5804,0.49326440572834473,0.8134610716177084,0.5331903178590237,0.04605168834993019,0.04311244641677536,0.4766081871345029
5,200,expert cMAP (full table),0.5804,0.49326440572834473,0.8134819320106604,0.5332105159787947,0.045344465362783755,0.0432883099105944,0.4766081871345029
5,200,logistic regression,0.524,0.3946526625402201,0.7508865680860735,0.5943370140698719,0.07139433270035674,0.04910494950913753,0.5328947368421053
5,400,Proposed,0.5876,0.4542527512901009,0.8218353360927404,0.5174620089217609,0.02514097359542569,0.026043567030361148,0.4590643274853801
5,400,uninformative MAP,0.5932,0.48694057359729553,0.8190041390110023,0.52143220973698,0.03908103532616241,0.03325648738687134,0.45760233918128657
5,400,Laplace,0.5924,0.4818734482334722,0.8174005976518396,0.5269831210446841,0.0633638771652223,0.04642732985638314,0.46345029239766083
5,400,B1-MLE,0.5904,0.4854052804253212,0.8196514306349396,0.5184952190191061,0.022068521942898635,0.019073928692588636,0.45248538011695905
5,400,B0-as-prior MAP,0.5912,0.4857966151774714,0.8210364685731517,0.51767161960071,0.022352856698665914,0.02526183914579039,0.45687134502923976
5,400,expert MAP (full table),0.5956,0.4914372800195085,0.8199993830448928,0.5179163996726335,0.029393866476416227,0.025955767830969284,0.4619883040935672
5,400,expert cMAP (full table),0.596,0.49169635165411774,0.8201420647363629,0.5177793113625986,0.02802475276314693,0.026138748103376883,0.4612573099415205
5,400,logistic regression,0.5632,0.441810960591133,0.7901998267611883,0.554349408930124,0.057666951759730536,0.032540167894695105,0.48830409356725146
6,10,Proposed,0.4596,0.37969834045108963,0.7681846142819334,0.676375168519817,0.15041269415229702,0.12365112788994956,0.5070737155621743
6,10,uninformative MAP,0.4432,0.25511626835547957,0.7315733754505502,0.7231864971571451,0.1576558148525852,0.15285284782881045,0.556217423678332
6,10,Laplace,0.4592,0.2581200604514035,0.7357591355412678,0.7340189150712491,0.18883708057558382,0.15571652844197967,0.5539836187639613
6,10,B1-MLE,0.4328,0.2612070921459415,0.7381782104369166,0.6678383442496258,0.09021340692324732,0.12041468478070819,0.5860014892032762
6,10,B0-as-prior MAP,0.554,0.409179460232978,0.8019064471409296,0.6240321107646891,0.1882704992729572,0.12224675488489635,0.46016381236038717
6,10,expert MAP (full table),0.4384,0.3564115052659653,0.7637121940912115,0.6859070410874342,0.16017183684641928,0.12271254233371925,0.505584512285927
6,10,expert cMAP (full table),0.4384,0.3564115052659653,0.7636712633855289,0.6860473826348339,0.16051433107314564,0.12235217090664227,0.505584512285927
6,10,logistic regression,0.3436,0.28565289469250127,0.6051100881439186,0.7556286955590367,0.1554568672589202,0.14099517429982733,0.7773641102010425
6,50,Proposed,0.5628,0.4966878719792649,0.8080663622327912,0.5485172864905489,0.01829594143017742,0.05052859419332299,0.46835443037974683
6,50,uninformative MAP,0.514,0.43995152154490025,0.7618620809270991,0.6160785111221999,0.1299049186659256,0.10877056105986321,0.533879374534624
6,50,Laplace,0.5072,0.4187188553066349,0.7617024560001768,0.6424843670993581,0.15791454305905295,0.12478665372826,0.533879374534624
6,50,B1-MLE,0.5148,0.44575636705495075,0.7580088997482677,0.5781937375270815,0.07207624922201225,0.05691352450504106,0.5577066269545793
6,50,B0-as-prior MAP,0.584,0.4963219471212234,0.8093728551744186,0.5566957634053795,0.13601213712569774,0.08125246931854932,0.45569620253164556
6,50,expert MAP (full table),0.5464,0.4989608294850349,0.7998501286821477,0.5586550460418602,0.04984969761330664,0.061045960794274844,0.48175725986597173
6,50,expert cMAP (full table),0.548,0.4998804153005843,0.8007302346479808,0.5577332913626547,0.04852185942357157,0.06015496941540108,0.4743112434847357
6,50,logistic regression,0.4708,0.37680285418304016,0.6757556897341621,0.6946618691717913,0.17983615308240944,0.10799401711388092,0.620253164556962
6,80,Proposed,0.5788,0.47251662153112156,0.8139094847102208,0.5340580562012017,0.027372728142035698,0.043421861442108946,0.462397617274758
6,80,uninformative MAP,0.576,0.3643669847542843,0.7831495193551827,0.5778653349890441,0.1446785719535106,0.09029765024910143,0.5212211466865228
6,80,Laplace,0.576,0.31031931945522373,0.779847394915419,0.6017023805730758,0.18088312436363752,0.11157409050919553,0.5219657483246463
6,80,B1-MLE,0.5652,0.39456158831213783,0.7803699537337914,0.5532535018292611,0.05282355856229168,0.04282244745079879,0.4802680565897245
6,80,B0-as-prior MAP,0.5904,0.4351309975480282,0.8157247353856174,0.5365756847387368,0.09867502558349632,0.06264263863005426,0.4609084139985108
6,80,expert MAP (full table),0.5748,0.4842413405595334,0.8137558537609624,0.533152381368494,0.029521243226523913,0.04548885834031118,0.47133283693224126
6,80,expert cMAP (full table),0.5748,0.48563653641019566,0.8132711873809975,0.5339515616855389,0.029074947642075903,0.045241280300783726,0.47058823529411764
6,80,logistic regression,0.518,0.35437225692498797,0.7125811164387794,0.6310082061942119,0.11900385699104567,0.07053267089506256,0.5532390171258377
6,100,Proposed,0.5704,0.4621464727137114,0.8147903245691515,0.5361589593780439,0.020939385065495347,0.046629010681151994,0.45346239761727475
6,100,uninformative MAP,0.5692,0.3968263405008951,0.7934836011396653,0.563759756309357,0.12267866569752668,0.08603701348405421,0.48399106478034254
6,100,Laplace,0.5768,0.34422831858501624,0.7911579822254143,0.5857862666819547,0.1652420741816142,0.10515348153709975,0.4951600893521966
6,100,B1-MLE,0.5452,0.4271047408627735,0.785518075406042,0.5538662499977658,0.045140698017018754,0.0416628551759248,0.49069247952345496
6,100,B0-as-prior MAP,0.572,0.41167347739156,0.8149043838366729,0.533523176387288,0.07227527465266613,0.05494287794195081,0.43484735666418467
6,100,expert MAP (full table),0.57,0.4899292385603089,0.8121868920829942,0.536612849085666,0.028585857971024923,0.047942724258824426,0.466120625465376
6,100,expert cMAP (full table),0.5664,0.48803926353142246,0.8118315117109872,0.5377036034621419,0.03062544848774835,0.04922846506566059,0.466120625465376
6,100,logistic regression,0.5292,0.38712491138400507,0.7261485858441357,0.6140658830215336,0.10117138890057771,0.06190629402608946,0.5085629188384214
6,200,Proposed,0.6036,0.5160539071575804,0.8258189713469547,0.5134233329423109,0.030733924767213896,0.028001757810412337,0.43857036485480266
6,200,uninformative MAP,0.5856,0.4460717973452544,0.8103716861762689,0.5287657313186177,0.0728481207782094,0.05462518282376339,0.4437825763216679
6,200,Laplace,0.5836,0.43160488105024486,0.8045540639983457,0.5433211194583913,0.10477458187445599,0.07358778966952954,0.46835443037974683
6,200,B1-MLE,0.5976,0.49959980189506925,0.8164567340308122,0.5167453091999232,0.03298870418126356,0.02592861911335239,0.44527177959791514
6,200,B0-as-prior MAP,0.5976,0.47630116254984567,0.8218421696626084,0.5167602774765153,0.05371431963336745,0.03400555039520172,0.4445271779597915
6,200,expert MAP (full table),0.5928,0.49873498275714784,0.8230677763104324,0.5136205325459059,0.022796939602731305,0.02756710357703762,0.43261355174981386
6,200,expert cMAP (full table),0.5924,0.5000459199575109,0.8229227070748578,0.5138253906253011,0.027583526675094797,0.02802315367893926,0.43261355174981386
6,200,logistic regression,0.536,0.39940178223956685,0.7598519042207953,0.5898980753091861,0.08857755107378758,0.047219470687704636,0.5443037974683544
6,400,Proposed,0.604,0.4969799597696733,0.8308293472109498,0.5066819814373859,0.024317385034537304,0.027112262630148574,0.42591213700670144
6,400,uninformative MAP,0.5968,0.4839513743968478,0.8209299976469595,0.5162561171927152,0.049597732534636986,0.04320397726019194,0.426656738644825
6,400,Laplace,0.5996,0.4726739368098551,0.8170407447459884,0.5230665328034159,0.07675690613853932,0.05232478863680544,0.426656738644825
6,400,B1-MLE,0.5948,0.49597070868344484,0.825815394941899,0.5116894926897677,0.027583166770900114,0.029126820327644916,0.4236783320923306
6,400,B0-as-prior MAP,0.5976,0.48971926456599324,0.8253645847595953,0.5122982501920714,0.03366912112322707,0.03295333408365749,0.42144452717795977
6,400,expert MAP (full table),0.5964,0.4863570352858535,0.8267759134321324,0.5107632540109556,0.02670087793627035,0.02835434925636331,0.42144452717795977
6,400,expert cMAP (full table),0.5964,0.4863570352858535,0.8268371762756329,0.5107296410732539,0.02623106832405306,0.028526299571873134,0.422933730454207
6,400,logistic regression,0.5756,0.4467838924221893,0.7977912155380167,0.5442407632492477,0.032724389411853495,0.02537537078558847,0.4787788533134773
7,10,Proposed,0.5816,0.5069977552102272,0.8122146623438411,0.5348536100142753,0.0254871511636878,0.032149302713084804,0.5036818851251841
7,10,uninformative MAP,0.4232,0.24710123886953156,0.6271991461446527,0.7032606659528144,0.11713195473124376,0.12338546506382768,0.53240058910162
7,10,Laplace,0.4112,0.21274963797230853,0.6341033542160504,0.7202501179740486,0.12383592240934714,0.13311882712020007,0.572901325478645
7,10,B1-MLE,0.4944,0.36912126124654443,0.6036196019808766,0.7225723892817637,0.15176734855785562,0.12951918057270784,0.646539027982327
7,10,B0-as-prior MAP,0.5388,0.3073727335745121,0.77856490302873,0.6144682078690427,0.11986466143546673,0.09081811723123673,0.5036818851251841
7,10,expert MAP (full table),0.5676,0.4983165418535234,0.8096854524486568,0.5409483681428726,0.05215201110944038,0.037214994407808295,0.5036818851251841
7,10,expert cMAP (full table),0.5676,0.4983165418535234,0.8096914127129832,0.5409487608099969,0.052152509753931875,0.037215728802838195,0.5036818851251841
7,10,logistic regression,0.4564,0.2567763228826382,0.5783020176969101,0.7334731399151307,0.21470438849803616,0.11612807654776412,0.8254786450662739
7,50,Proposed,0.566,0.5224286899417309,0.8137266814516086,0.5332468638421236,0.02555756403081058,0.03433141536781735,0.4845360824742268
7,50,uninformative MAP,0.5564,0.43478891944736253,0.7800123309147418,0.6060458637845162,0.14287457430862022,0.10411267408248874,0.5316642120765832
7,50,Laplace,0.554,0.4335073849084151,0.780650117546768,0.637460342227114,0.1905795414391645,0.1222079077358573,0.520618556701031
7,50,B1-MLE,0.5552,0.4604573203784089,0.7561256311966487,0.5963135026429456,0.11041276974200334,0.07363572279696284,0.5250368188512519
7,50,B0-as-prior MAP,0.5684,0.46827446308974974,0.8025652204360703,0.561044520225261,0.07657540082658103,0.06520902162953275,0.5228276877761414
7,50,expert MAP (full table),0.5728,0.509334556015453,0.810281501966937,0.539051427512654,0.044077427493244996,0.04006222200180856,0.49410898379970547
7,50,expert cMAP (full table),0.5724,0.5081952703765615,0.810430009788398,0.538659101205755,0.046168440745728394,0.03996170709986648,0.49410898379970547
7,50,logistic regression,0.4748,0.37187542344045943,0.7000436666227989,0.6458181666948057,0.09445564960529111,0.07240386411358352,0.5441826215022091
7,80,Proposed,0.572,0.5018398512989408,0.814441371768168,0.5343106386897042,0.02255046802773308,0.038813556851747234,0.49410898379970547
7,80,uninformative MAP,0.5548,0.44140018018079796,0.7894645418788663,0.5782422531922066,0.09656501275718876,0.08315773198787915,0.5103092783505154
7,80,Laplace,0.5556,0.4376309182371569,0.7873153320182458,0.6033457766631002,0.14679116360398783,0.10894297906491925,0.5007363770250368
7,80,B1-MLE,0.5492,0.4593119199160576,0.7799547363822784,0.5762092857032146,0.08792536824897595,0.05960665766777381,0.5103092783505154
7,80,B0-as-prior MAP,0.5656,0.468074378171778,0.806892353077539,0.5535134623108277,0.04537620245708295,0.05938518061660704,0.5184094256259205
7,80,expert MAP (full table),0.57,0.5072467661664003,0.8128277843704227,0.5382390893167187,0.02960502389823504,0.04339620906289248,0.49337260677466865
7,80,expert cMAP (full table),0.57,0.5072467661664003,0.8128281688081145,0.5382380569367037,0.029602174506147976,0.04339475272977348,0.49337260677466865
7,80,logistic regression,0.502,0.3902818712424283,0.710400695537054,0.649686276412191,0.13048602686844885,0.07651304995206497,0.5552282768777614
7,100,Proposed,0.5612,0.5010565914504369,0.8107334284262228,0.5382428013027469,0.03714173808213716,0.03810137426981976,0.5022091310751104
7,100,uninformative MAP,0.5432,0.4803823202255586,0.7901212320892679,0.5689269739451476,0.07150160357283417,0.07492118880398041,0.5044182621502209
7,100,Laplace,0.5448,0.4739182682375377,0.7871592717960791,0.5912040456997772,0.11888429320083824,0.0944339709102307,0.5117820324005891
7,100,B1-MLE,0.542,0.5100818235656422,0.7960217943695718,0.5532411424116229,0.07450869594227295,0.04979997953841993,0.5066273932253313
7,100,B0-as-prior MAP,0.552,0.49741654417544634,0.8060354466133888,0.5488390969716745,0.04028826677204771,0.056124790984046824,0.5103092783505154
7,100,expert MAP (full table),0.5584,0.5107495750972061,0.810966494892585,0.5388998014549221,0.047843091117237,0.04184416187337689,0.5007363770250368
7,100,expert cMAP (full table),0.5584,0.5107495750972061,0.810968647489857,0.5388992792940609,0.0478383223924732,0.0418440759341391,0.5007363770250368
7,100,logistic regression,0.4848,0.3712279688082977,0.7317106317131099,0.6354039904892702,0.1155888150235873,0.07014753769852121,0.5279823269513991
7,200,Proposed,0.5784,0.5079864194395911,0.8194884956694372,0.5239354633592289,0.021233178667031116,0.02728087034696188,0.4683357879234168
7,200,uninformative MAP,0.5824,0.5146407811010701,0.8098258292858056,0.5377601512768209,0.0730007102681301,0.052021577461981036,0.48674521354933725
7,200,Laplace,0.5812,0.5138332954999622,0.8075137639046576,0.550991208278538,0.10881414177067004,0.07144771983961092,0.49705449189985274
7,200,B1-MLE,0.5812,0.5056427102451599,0.8105021981749652,0.5328850449881567,0.034722637965676977,0.03519306226352532,0.4963181148748159
7,200,B0-as-prior MAP,0.582,0.5096035239563944,0.8161719321757656,0.529244497213524,0.03946581361740893,0.0358396513509635,0.5014727540500736
7,200,expert MAP (full table),0.5804,0.5061911431659464,0.8187947086881779,0.5240079078570982,0.01708086472925829,0.02595931985991197,0.47496318114874814
7,200,expert cMAP (full table),0.5804,0.5061911431659464,0.8187943295720586,0.5240087089784878,0.017077782373494152,0.025960803418798382,0.47496318114874814
7,200,logistic regression,0.4928,0.4431393896110392,0.7597450650447267,0.6104171667342906,0.09268458678841737,0.06268262640442819,0.5390279823269514
7,400,Proposed,0.5816,0.5116303172647537,0.8221493613108697,0.519763516364909,0.018156032322958343,0.02379010453822601,0.49189985272459497
7,400,uninformative MAP,0.5812,0.5068834051395776,0.8162201835441755,0.5272127163907365,0.04244992914885585,0.03410156109615241,0.4852724594992636
7,400,Laplace,0.5824,0.5052806302224907,0.8150753021853683,0.5322519587522674,0.06887132610195625,0.047499144097220905,0.48379970544919
7,400,B1-MLE,0.58,0.5073421091762015,0.8152559888121278,0.5277043431341742,0.017351567980804682,0.025832653782737504,0.4852724594992636
7,400,B0-as-prior MAP,0.5852,0.5097107372345309,0.8190072465311087,0.5241236934206077,0.0289333381549471,0.02666028220328874,0.48600883652430044
7,400,expert MAP (full table),0.5828,0.5076816516956233,0.8211823750818144,0.5208506609165326,0.015051368451384389,0.023947766028760312,0.4896907216494845
7,400,expert cMAP (full table),0.5828,0.5076816516956233,0.8211797520902993,0.5208519044515447,0.015049154169931729,0.023949758697191233,0.4896907216494845
7,400,logistic regression,0.5528,0.49370694784421176,0.7867432436453616,0.5636920006832744,0.04707287711356827,0.03676907163637327,0.56480117820324
8,10,Proposed,0.4572,0.34738258463401817,0.7571307828932125,0.6765346844003809,0.15948042151730646,0.12540025751456013,0.5113981762917933
8,10,uninformative MAP,0.4868,0.34892117118562754,0.7323486745857585,0.7048484640713397,0.17912003870345894,0.13899611967643066,0.7872340425531915
8,10,Laplace,0.4308,0.2586899462532297,0.7365978797374511,0.7215171371724335,0.14492924094802148,0.148605964408958,0.729483282674772
8,10,B1-MLE,0.506,0.38190678253046684,0.6896322476723005,0.6531619089436351,0.1070463299223195,0.10112002087920316,0.8275075987841946
8,10,B0-as-prior MAP,0.5592,0.3593647262202061,0.8005717094281481,0.6054600412853509,0.16304897277649727,0.10504345984647592,0.45440729483282677
8,10,expert MAP (full table),0.45,0.3436423828357264,0.7601264883160239,0.6817757694060377,0.18674513340637683,0.12583780274533557,0.5091185410334347
8,10,expert cMAP (full table),0.4512,0.34515691437323714,0.760533316610678,0.681155230496647,0.18462046090249568,0.12531963917879468,0.5091185410334347
8,10,logistic regression,0.4368,0.2597067236124748,0.6009033230776908,0.7226934413915984,0.19988354614677195,0.1265739466478048,0.6588145896656535
8,50,Proposed,0.5552,0.4818047309012917,0.8063779672547007,0.555985256633213,0.03981680652816079,0.04870869217343024,0.4521276595744681
8,50,uninformative MAP,0.542,0.47288017554545414,0.7885536765040682,0.6066088060214716,0.13217484178308547,0.10253868569664203,0.5007598784194529
8,50,Laplace,0.5496,0.4601184270293195,0.7859378187665331,0.6369947642870623,0.18468387071158612,0.11978504692751199,0.5296352583586627
8,50,B1-MLE,0.5452,0.4980326130253392,0.782565758081696,0.5824450677846832,0.05672969751101253,0.05907865793947609,0.48024316109422494
8,50,B0-as-prior MAP,0.5636,0.4891227066704309,0.8084225215568138,0.5579820735181716,0.08959286157836391,0.06607651297380733,0.44224924012158057
8,50,expert MAP (full table),0.5516,0.48114695892261244,0.8015401693225549,0.5703102790958625,0.048184076116591354,0.056081564772667444,0.4490881458966565
8,50,expert cMAP (full table),0.5516,0.48114695892261244,0.8015435314644128,0.5703041420760462,0.04818087937591577,0.05607641780787899,0.4490881458966565
8,50,logistic regression,0.434,0.3337197481342813,0.6526671851372908,0.7216434578672489,0.1712780501585356,0.1013898764134407,0.7477203647416414
8,80,Proposed,0.5628,0.47339063616015653,0.813034861663576,0.5401813269639495,0.031050804480432122,0.04205388468922439,0.44452887537993924
8,80,uninformative MAP,0.5672,0.4614002024779845,0.7933134136713926,0.575440348573036,0.11385370038664107,0.0842478128115532,0.49012158054711247
8,80,Laplace,0.5668,0.4542061517032944,0.7911998399432019,0.6001833990712641,0.1578787437179443,0.10858660889309386,0.4878419452887538
8,80,B1-MLE,0.5544,0.46799945689947964,0.7864935972307323,0.5592402076829373,0.054656321503291604,0.04729098777432354,0.493161094224924
8,80,B0-as-prior MAP,0.5668,0.45088511430196043,0.8104308605960022,0.5453466171358111,0.05732319646439846,0.05006874310738075,0.4399696048632219
8,80,expert MAP (full table),0.5612,0.4792442768240526,0.8082571809120321,0.5460307274244874,0.029350426748960573,0.04166270644822241,0.44832826747720367
8,80,expert cMAP (full table),0.5612,0.4792442768240526,0.8082459100852482,0.5460283953004944,0.029349525163154092,0.04165848454672623,0.44832826747720367
8,80,logistic regression,0.4364,0.3618309703127386,0.6763154158121405,0.7105712936590799,0.18752510639628542,0.0999620199756342,0.6580547112462006
8,100,Proposed,0.5712,0.48537439750678585,0.8139815950860356,0.5385362970285049,0.037696518977171245,0.040395961438235914,0.44376899696048633
8,100,uninformative MAP,0.562,0.4563045464934221,0.8011453442498941,0.5636212166972416,0.08636488400619295,0.07834510639216097,0.4574468085106383
8,100,Laplace,0.5608,0.4462249627173769,0.7982506385769282,0.5852588894858193,0.13070294429042706,0.10476749614443928,0.4574468085106383
8,100,B1-MLE,0.556,0.4851171016536043,0.7997798290541991,0.5582114251985837,0.07704322569618201,0.048091878385419715,0.44680851063829785
8,100,B0-as-prior MAP,0.5688,0.46371788852961904,0.813080769004638,0.5398825456273916,0.0434477922401054,0.04805728383116195,0.4338905775075988
8,100,expert MAP (full table),0.5648,0.4769332724581158,0.8115517092046626,0.5425773600615176,0.03553507329112715,0.04176866342847348,0.446048632218845
8,100,expert cMAP (full table),0.5648,0.4769332724581158,0.8115400793013401,0.5425780299129428,0.035533247572661,0.04176935508320503,0.446048632218845
8,100,logistic regression,0.4816,0.40842394111530145,0.7230072173705793,0.652022703245326,0.129427608391014,0.0697832701068502,0.6177811550151976
8,200,Proposed,0.5744,0.48490809418889524,0.8225924724931251,0.5216356103411154,0.02032890088941881,0.026840177890912406,0.4217325227963526
8,200,uninformative MAP,0.5616,0.48208056363599316,0.809207527094179,0.5393840320762934,0.04843240741564141,0.04988526226611897,0.43844984802431614
8,200,Laplace,0.5604,0.4737227680345429,0.8075670937347096,0.551182881505458,0.08367184309481737,0.0703224997835134,0.4506079027355623
8,200,B1-MLE,0.5596,0.48364398613655546,0.8089953847283662,0.5382641376257074,0.04877934031500658,0.03410132968568276,0.42325227963525835
8,200,B0-as-prior MAP,0.5644,0.4820997138679633,0.8153409614939753,0.5301122776547394,0.02752750289646132,0.03216755115924175,0.43009118541033436
8,200,expert MAP (full table),0.5628,0.4781970188752258,0.8171566052499759,0.5296488115091728,0.036313331724256104,0.028849340862130163,0.4095744680851064
8,200,expert cMAP (full table),0.5628,0.4781970188752258,0.8171519175883246,0.5296488093204658,0.03631209162454118,0.028849637057205012,0.4095744680851064
8,200,logistic regression,0.5212,0.44309852353512835,0.7624383834909834,0.598332215837257,0.08587351973411705,0.0513609107213896,0.5273556231003039
8,400,Proposed,0.5752,0.49392639710116615,0.8234140362463327,0.5187851432563699,0.02185230874129451,0.02515216432748735,0.4369300911854103
8,400,uninformative MAP,0.5712,0.4619456228888541,0.8150930120277836,0.525682782139239,0.026741650915817414,0.029716411600901844,0.44224924012158057
8,400,Laplace,0.5728,0.4620773435500319,0.8121835106781649,0.5303587391251541,0.04356219499135957,0.04257302497200294,0.4566869300911854
8,400,B1-MLE,0.5704,0.4680375872927233,0.8176963126576717,0.5252336843753639,0.03860136095527215,0.027897546443278142,0.44072948328267475
8,400,B0-as-prior MAP,0.5716,0.4658249056940282,0.8188230674128787,0.5228899306620568,0.02474672050671172,0.02335133077540573,0.43844984802431614
8,400,expert MAP (full table),0.5812,0.4860461479730838,0.8213247906764282,0.521406335867636,0.023100859166854223,0.023249046392789748,0.4209726443768997
8,400,expert cMAP (full table),0.5812,0.4860461479730838,0.8214096735692924,0.521263573100377,0.021252428012552636,0.023400655415459357,0.4217325227963526
8,400,logistic regression,0.57,0.45647372799213365,0.7863151776709787,0.5588081383269374,0.03665145374223478,0.027445163866366827,0.4825227963525836
9,10,Proposed,0.5948,0.4853632152457291,0.8210355718501112,0.5191248483095748,0.041265438824650065,0.027105715755383855,0.41732851985559566
9,10,uninformative MAP,0.43,0.21516617256982368,0.6667271166194757,0.7039395642613852,0.11827585661635,0.12801471839513823,0.5935018050541516
9,10,Laplace,0.422,0.20838363000666513,0.6688200453095005,0.720451239875315,0.13511249076671555,0.13939082274707265,0.592057761732852
9,10,B1-MLE,0.4352,0.2690235981072121,0.6714441986094181,0.686316666411801,0.07574309211074157,0.10796266477348282,0.5826714801444043
9,10,B0-as-prior MAP,0.4804,0.2849806423093298,0.7847575315770752,0.6234228953695085,0.05882121832774965,0.10480385856069374,0.49097472924187724
9,10,expert MAP (full table),0.5956,0.4969753229222606,0.8161247998432175,0.5281607066810331,0.0514853607137318,0.031488560408231184,0.4368231046931408
9,10,expert cMAP (full table),0.5956,0.4969753229222606,0.8161227677143456,0.5281615296975473,0.05148564613219809,0.03149016915931397,0.4368231046931408
9,10,logistic regression,0.4592,0.259325197593283,0.6039777495529843,0.744861716894841,0.22446522376297487,0.12072836291580066,0.7783393501805054
9,50,Proposed,0.5968,0.519360302560933,0.8215395553400757,0.5175667672563244,0.03174884354079576,0.020519770615409594,0.4187725631768953
9,50,uninformative MAP,0.5356,0.3883509235564938,0.7731214219952816,0.6125670295297463,0.13283466780978176,0.10496344904418328,0.4808664259927798
9,50,Laplace,0.5384,0.38252885060405095,0.7712749727517425,0.6427389833918012,0.1819250334212252,0.12865740146115623,0.48592057761732854
9,50,B1-MLE,0.5488,0.4981367914371531,0.7699422226912505,0.5973875793070577,0.10387795559741357,0.0713249023913692,0.4620938628158845
9,50,B0-as-prior MAP,0.568,0.45309938095694635,0.8053316193132138,0.5627106204885486,0.08884186263972875,0.0708360806910068,0.44981949458483755
9,50,expert MAP (full table),0.5868,0.5125122106691511,0.8153844160394274,0.528925704836391,0.04568814710717546,0.0328858100079735,0.4389891696750903
9,50,expert cMAP (full table),0.5868,0.5125122106691511,0.8153776762928027,0.5289267909676822,0.045686884966858334,0.03288608368393262,0.43971119133574005
9,50,logistic regression,0.502,0.34258839308833244,0.6793981827442321,0.656241198701804,0.12233103838121169,0.0816325298848525,0.5537906137184115
9,80,Proposed,0.59,0.518965064498008,0.821162934549338,0.5207737161378013,0.024411726053153896,0.02379449497268045,0.4202166064981949
9,80,uninformative MAP,0.5668,0.46139726753336774,0.7951295392638518,0.5785440690005189,0.11892447714379789,0.09219860960353712,0.44981949458483755
9,80,Laplace,0.5644,0.4414328451476577,0.7928982335963701,0.6061146114754374,0.16491658898746195,0.11568536193117582,0.46498194945848376
9,80,B1-MLE,0.5672,0.49775448853839765,0.7952619492243252,0.573620297664743,0.09053407229033432,0.05944973077069924,0.4635379061371841
9,80,B0-as-prior MAP,0.5756,0.4964903976060136,0.8129519941026829,0.5468889438392259,0.06726439031707551,0.0634384447223712,0.4483754512635379
9,80,expert MAP (full table),0.5864,0.5117168543005834,0.8183379580361787,0.5277207358379409,0.03800542664718584,0.030848859091001487,0.43465703971119135
9,80,expert cMAP (full table),0.5864,0.5117168543005834,0.81834044653514,0.5277200854999141,0.03800534261836043,0.030849934727704635,0.43465703971119135
9,80,logistic regression,0.5036,0.3550449286252056,0.7073713400647833,0.6500939207965154,0.12372291209467123,0.07874819020100317,0.5747292418772563
9,100,Proposed,0.5944,0.5173745080976682,0.8191436760462444,0.5226038973635112,0.043029971813622295,0.02774640257258086,0.42454873646209385
9,100,uninformative MAP,0.5792,0.47175715710111743,0.8007540789384989,0.5622776056994375,0.10601876199478456,0.07573838163141101,0.4657039711191336
9,100,Laplace,0.5756,0.4262198411313356,0.7975697201039651,0.5873994656724695,0.15163194357644297,0.10436016026386354,0.4750902527075812
9,100,B1-MLE,0.58,0.5128245017593539,0.8033117776859711,0.5485553765170987,0.06460646615963683,0.043894036539854485,0.4714801444043321
9,100,B0-as-prior MAP,0.5828,0.4828565085004275,0.8144240011391817,0.539203120309109,0.056938565077486104,0.050628197570181874,0.43610108303249095
9,100,expert MAP (full table),0.5904,0.5066227988270826,0.8179920814909052,0.5273843772446656,0.03859153131152492,0.03148759588801306,0.4411552346570397
9,100,expert cMAP (full table),0.5904,0.5066227988270826,0.8179924068890785,0.527384611932436,0.03859689563918738,0.031489634820434056,0.4411552346570397
9,100,logistic regression,0.5328,0.34700314899859336,0.7417743543965866,0.6197344015898515,0.11805893611372639,0.06360675212895969,0.5458483754512635
9,200,Proposed,0.5956,0.49014138666636475,0.8188637214853896,0.5209770484394252,0.0328848628023774,0.025857939050743566,0.44620938628158846
9,200,uninformative MAP,0.5748,0.4322129364646043,0.8097430727841926,0.5369297263714706,0.04306200493960664,0.04656745878458919,0.4657039711191336
9,200,Laplace,0.5708,0.41522860946991114,0.8070819105874322,0.5496468054614555,0.07959926954928778,0.06721061150610828,0.4714801444043321
9,200,B1-MLE,0.5732,0.46058887848049423,0.8131807092579508,0.5330189845220017,0.048767364981309416,0.027873252924344026,0.4671480144404332
9,200,B0-as-prior MAP,0.58,0.441322291281679,0.8161200571126639,0.5280101650251489,0.02828055388084287,0.033582046512704126,0.4592057761732852
9,200,expert MAP (full table),0.5812,0.47526044381883814,0.817782128005327,0.5250858326965765,0.04102796707094965,0.02395942335910363,0.4628158844765343
9,200,expert cMAP (full table),0.5812,0.47526044381883814,0.8177795914937052,0.5250843088590682,0.04102491057955282,0.02387893069954783,0.4628158844765343
9,200,logistic regression,0.556,0.42819583138819206,0.776535326895901,0.5746867632431768,0.06083203054832059,0.04047510489379969,0.5054151624548736
9,400,Proposed,0.6016,0.4972418706799846,0.8244638164737399,0.5130837356315507,0.018507892730190365,0.01872559208926815,0.4368231046931408
9,400,uninformative MAP,0.598,0.49110663198066584,0.8217060426752809,0.5176770489845638,0.0384940542243327,0.03102617354322497,0.4527075812274368
9,400,Laplace,0.5956,0.4849915249929871,0.8200885871698161,0.5232350941620522,0.0625187473260271,0.04468983736205491,0.45703971119133574
9,400,B1-MLE,0.5992,0.49532915681879575,0.8235989910393385,0.5147106101995793,0.0177932300635213,0.019291387486492978,0.4505415162454874
9,400,B0-as-prior MAP,0.5992,0.4953102136459159,0.8238434917831395,0.5150053937646464,0.022419223297071376,0.025448319990413117,0.4490974729241877
9,400,expert MAP (full table),0.6008,0.49566571351029587,0.8243575289612958,0.5134806718710458,0.015455313215559173,0.016920209037010893,0.44620938628158846
9,400,expert cMAP (full table),0.6008,0.49566571351029587,0.8243579304392445,0.5134794161880718,0.015454125629985289,0.01692030984943044,0.44620938628158846
9,400,logistic regression,0.5972,0.5025764532648789,0.805279724099684,0.538962607715594,0.037232046126699524,0.02633852487428453,0.47653429602888087
10,10,Proposed,0.4844,0.367621274468111,0.779260821852652,0.6770242715995195,0.20053875921713618,0.12731268946121696,0.5391634980988593
10,10,uninformative MAP,0.5208,0.27604778988194656,0.6830402870728347,0.6940512596898543,0.2185261952356079,0.1263376966627823,0.644106463878327
10,10,Laplace,0.484,0.23376755018717055,0.6904548778309786,0.7129555222314584,0.19938664462062747,0.12907748590479967,0.6372623574144487
10,10,B1-MLE,0.5172,0.39327486183491334,0.6757114900442159,0.6638461608200455,0.13078190941972334,0.0981394466670927,0.6836501901140685
10,10,B0-as-prior MAP,0.5468,0.30247879966211594,0.7979228864211098,0.6001271644857127,0.14716284909501276,0.0975348577470206,0.4699619771863118
10,10,expert MAP (full table),0.492,0.3828956538612448,0.778653609738993,0.6773560387442031,0.19519102770638588,0.1262804693815541,0.5399239543726235
10,10,expert cMAP (full table),0.492,0.3828956538612448,0.7786494893071205,0.6773573393667676,0.19519254760206367,0.126281279928886,0.5399239543726235
10,10,logistic regression,0.4384,0.261443040383107,0.5609435028950769,0.7413657653817205,0.2062639059748277,0.11281664260433197,0.850190114068441
10,50,Proposed,0.5332,0.46154794246569175,0.7992558719717283,0.5842643620589871,0.12091209084312622,0.07268142480575265,0.5133079847908745
10,50,uninformative MAP,0.5404,0.44098002663515257,0.7699832003317888,0.5967897561992922,0.1026060666857458,0.08627828798609054,0.6692015209125475
10,50,Laplace,0.5336,0.34954420057944846,0.7679267334655209,0.6257733006031777,0.14837290510715043,0.10931330253132594,0.6897338403041825
10,50,B1-MLE,0.5324,0.48425173196202465,0.7619404287617785,0.6008184829256814,0.15593325207675462,0.08502026686373902,0.6091254752851711
10,50,B0-as-prior MAP,0.5548,0.4584867048245986,0.7997427569120339,0.5553565266899975,0.036466521926262915,0.050083985279186546,0.4920152091254753
10,50,expert MAP (full table),0.5384,0.4746245737072815,0.7993730701480519,0.5883457018302779,0.13120272897265023,0.07892703118529862,0.4790874524714829
10,50,expert cMAP (full table),0.5384,0.4746245737072815,0.7993738483646098,0.5883469807269052,0.13120338431347364,0.07892788810903004,0.4790874524714829
10,50,logistic regression,0.4852,0.29495715261119904,0.7060355367386653,0.6649427025685604,0.14566101166170628,0.08104192353526285,0.626615969581749
10,80,Proposed,0.556,0.47940740933458525,0.8049534362857955,0.5596691958030607,0.0925980485054416,0.057503107998989667,0.5193916349809886
10,80,uninformative MAP,0.56,0.46011385425916573,0.7876947018917615,0.5688188616589546,0.06789320229157463,0.06835239604930396,0.5627376425855514
10,80,Laplace,0.5572,0.4291399563245622,0.7841615004729936,0.592190157589935,0.11934343434079235,0.09126668246044227,0.5794676806083651
10,80,B1-MLE,0.5576,0.4881661425660909,0.7894212775894305,0.5664331887772249,0.11576814776638278,0.06332896932977329,0.5437262357414449
10,80,B0-as-prior MAP,0.5672,0.4768626994756827,0.8050408505120116,0.5449672659533977,0.03542125741962634,0.04236146544889108,0.4714828897338403
10,80,expert MAP (full table),0.5544,0.4768301195358682,0.8072958515002693,0.5600654223987013,0.10637811715658595,0.0616018988280113,0.5003802281368821
10,80,expert cMAP (full table),0.5544,0.4768301195358682,0.8072950406635564,0.5600627848803311,0.10637199963255094,0.06159929872422644,0.5003802281368821
10,80,logistic regression,0.4844,0.35405600981171026,0.718673149327599,0.6684301873163778,0.1554710179791541,0.08615455572325556,0.6319391634980989
10,100,Proposed,0.5588,0.4905065280904747,0.8070443538762444,0.5490234580194917,0.07482263881047484,0.04697667668488694,0.5011406844106464
10,100,uninformative MAP,0.5616,0.48720992810790065,0.7938812130769991,0.5600540978454853,0.06342986511772385,0.06486802486195287,0.5391634980988593
10,100,Laplace,0.5592,0.4705321076031175,0.7906179134960569,0.5805051181425414,0.11036425119888127,0.08772239231482724,0.5596958174904944
10,100,B1-MLE,0.5544,0.5053543254078835,0.7962507255274328,0.5585989335687509,0.10574761017730241,0.0554233979355898,0.5148288973384031
10,100,B0-as-prior MAP,0.568,0.4837242530169177,0.8065652532620047,0.5420420682895174,0.03321017100178357,0.03879852256026484,0.4874524714828897
10,100,expert MAP (full table),0.5556,0.4874085343238594,0.8080219323530562,0.5508063100668474,0.09140673850205541,0.0544722578903558,0.47452471482889735
10,100,expert cMAP (full table),0.5556,0.4874085343238594,0.8080164276878298,0.5508076173740266,0.09141024844817287,0.054473197828387665,0.47452471482889735
10,100,logistic regression,0.4876,0.38681344837424103,0.7302677679505645,0.6450584133173087,0.12540433090748362,0.07234793032387071,0.6418250950570342
10,200,Proposed,0.56,0.48572685812828953,0.8118545470917622,0.538099880445259,0.06117324311647295,0.0405839126339124,0.46844106463878327
10,200,uninformative MAP,0.5672,0.4880662761174859,0.8039007718699738,0.5390251762626831,0.03976172678720196,0.044026038501758985,0.48136882129277564
10,200,Laplace,0.568,0.4826716986475438,0.8005493321877023,0.5503599268324142,0.06783688103081494,0.0594975674486691,0.5057034220532319
10,200,B1-MLE,0.5636,0.4990270251542317,0.8062364976823466,0.5366968342335711,0.07116363520370332,0.03983539744630177,0.46387832699619774
10,200,B0-as-prior MAP,0.5684,0.4939101160894727,0.8119708956491444,0.5315031691422533,0.035983811675774066,0.03264421129596943,0.4600760456273764
10,200,expert MAP (full table),0.5572,0.4958141127900853,0.8113151725825188,0.5393504609483579,0.06674713021153814,0.042520180756786395,0.45627376425855515
10,200,expert cMAP (full table),0.5572,0.4958141127900853,0.8113165529467019,0.5393504866237425,0.06674690475058587,0.04252033876972049,0.45627376425855515
10,200,logistic regression,0.538,0.468580930727435,0.7664207451222791,0.580798099837321,0.04911293505003252,0.035904079916745435,0.5657794676806084
10,400,Proposed,0.5648,0.5013275442578972,0.8146755991641301,0.5290485893478479,0.03525645741801924,0.027007572471206824,0.4585551330798479
10,400,uninformative MAP,0.5784,0.495623705383581,0.81180857518241,0.5281231938948222,0.038166699545180476,0.03166431070126741,0.4479087452471483
10,400,Laplace,0.5804,0.49267630658314954,0.8088078493479272,0.5335944370703857,0.05157332458023649,0.04101919753920467,0.4570342205323194
10,400,B1-MLE,0.5724,0.4928924185778841,0.8152081201974899,0.5268930376753408,0.04538950541616368,0.027992018456212235,0.45019011406844106
10,400,B0-as-prior MAP,0.5816,0.4977898739614618,0.8153746077018298,0.5252962423915386,0.031085140328839876,0.02385914457323094,0.44106463878326996
10,400,expert MAP (full table),0.5608,0.49852516154630333,0.8137020868220913,0.5299606624723032,0.053108002763503324,0.031502060037070845,0.4532319391634981
10,400,expert cMAP (full table),0.5608,0.49852516154630333,0.8137006807244184,0.5299610506353498,0.053110090102389075,0.03150296428144029,0.4532319391634981
10,400,logistic regression,0.5444,0.4599651274124509,0.7780610691990824,0.5685424716329477,0.04746342825458085,0.029962650170995815,0.5224334600760456
11,10,Proposed,0.5032,0.4434947774634566,0.7749088765445973,0.5934890587917967,0.07614255041597368,0.07475564246110164,0.568939393939394
11,10,uninformative MAP,0.4312,0.1981934912380073,0.6291722178358545,0.7220199123366974,0.098273252872177,0.1393628692312609,0.7916666666666666
11,10,Laplace,0.4288,0.17737780046778348,0.6319296512406035,0.7294978133971272,0.12523667447742431,0.1451881476961797,0.7909090909090909
11,10,B1-MLE,0.432,0.2062987531253907,0.5921044311036616,0.7543761111316897,0.09635744069692467,0.14693247370320145,0.8242424242424242
11,10,B0-as-prior MAP,0.5088,0.3436087289737822,0.7932892905102046,0.6198492650693421,0.11571595024013699,0.11612027779132769,0.521969696969697
11,10,expert MAP (full table),0.5064,0.4503426310120589,0.7700776885571646,0.6028758803801204,0.08170378678642728,0.07868999845664115,0.5909090909090909
11,10,expert cMAP (full table),0.5084,0.45436975615117725,0.7703497366788183,0.6025147541740394,0.08190757895361457,0.07844401683662089,0.5909090909090909
11,10,logistic regression,0.4156,0.16044951618474856,0.5577952617532136,0.9334610333237026,0.34377949043323885,0.21058256353531601,0.8318181818181818
11,50,Proposed,0.548,0.4637294167620701,0.8000366431210895,0.5432771105448473,0.03699774570692303,0.03723223460267849,0.503030303030303
11,50,uninformative MAP,0.5568,0.4174532576749379,0.773032523400367,0.6166056063087091,0.15871298310578463,0.11169021301244317,0.5212121212121212
11,50,Laplace,0.5584,0.41604477798714656,0.7749996614876216,0.6482737191025192,0.20654932435448958,0.13766387901710964,0.5242424242424243
11,50,B1-MLE,0.5332,0.4014267878407656,0.7461054732175465,0.5932057944110227,0.09812376875829922,0.0620796704914262,0.5424242424242425
11,50,B0-as-prior MAP,0.56,0.4071158428377486,0.8002420835849196,0.5667175168586236,0.0865061674107613,0.07511558941545857,0.49924242424242427
11,50,expert MAP (full table),0.5556,0.45263568351565836,0.7942601202650246,0.5483168195692236,0.02419250804010313,0.035138076356092264,0.4946969696969697
11,50,expert cMAP (full table),0.5532,0.4503694775151658,0.7945045063190954,0.5479765896206791,0.024357936482079068,0.034889794722848644,0.49393939393939396
11,50,logistic regression,0.4612,0.3199797428117695,0.6319353726873316,0.6932982005548153,0.1602530116700074,0.0995282098930853,0.6583333333333333
11,80,Proposed,0.548,0.47928360088618127,0.8068591820727926,0.5379462622590917,0.029014339643408247,0.03645935417140322,0.5098484848484849
11,80,uninformative MAP,0.5428,0.41076513574980655,0.7814502331982861,0.5874804661490673,0.07541801317123947,0.08510348795388119,0.5181818181818182
11,80,Laplace,0.5408,0.40615366696915206,0.777302443328355,0.6114026476574079,0.13009539361990513,0.11522719324693098,0.5227272727272727
11,80,B1-MLE,0.5512,0.4493682717048204,0.7870382008416433,0.5959985422135102,0.14142555154344355,0.07949070062538799,0.5212121212121212
11,80,B0-as-prior MAP,0.5524,0.41278837115461536,0.7998918875561749,0.5606861643239577,0.038232273996973945,0.06550718450338291,0.49015151515151517
11,80,expert MAP (full table),0.5524,0.45953637308096257,0.8004575578105602,0.553542974748911,0.060371170277979204,0.049661725669971964,0.5295454545454545
11,80,expert cMAP (full table),0.5544,0.46539727685744914,0.8019251404994738,0.5512525214104844,0.05771451009515253,0.048169948133756704,0.5166666666666667
11,80,logistic regression,0.4984,0.33483337727346196,0.6936775629454427,0.646261194233996,0.1286150327898654,0.08018343852422888,0.575
11,100,Proposed,0.5552,0.4823888943465877,0.8060103452358937,0.5378554583330535,0.03118484345294444,0.03615184670560723,0.5128787878787879
11,100,uninformative MAP,0.5512,0.40616978815496874,0.79053621955135,0.5729173860884994,0.08681940138665464,0.07838599886016703,0.4696969696969697
11,100,Laplace,0.5532,0.40547239037552896,0.7878585550753361,0.5970318873074383,0.138318807339848,0.10622066476891048,0.4856060606060606
11,100,B1-MLE,0.5604,0.4588705713973005,0.7964737690093461,0.5631074479354916,0.07382097348022752,0.049370003710089504,0.48484848484848486
11,100,B0-as-prior MAP,0.5684,0.44831380923344344,0.803969049876096,0.550847941946218,0.04896077121441567,0.05307719303250638,0.4772727272727273
11,100,expert MAP (full table),0.552,0.4642349213372656,0.8030109041557647,0.5455035842363432,0.041062303643249476,0.04222353731872064,0.49696969696969695
11,100,expert cMAP (full table),0.5512,0.4634156264218248,0.8034115809801216,0.5450925652719517,0.04067139788514723,0.04154293511857825,0.49242424242424243
11,100,logistic regression,0.5,0.3379967320715035,0.7076548608566071,0.6339505746340105,0.10555214882211197,0.07339920620034406,0.5575757575757576
11,200,Proposed,0.562,0.4883631452145327,0.8109392033706047,0.5339560474522156,0.029798275158623922,0.034581179915554025,0.4962121212121212
11,200,uninformative MAP,0.5692,0.44622298672578,0.8054426075565865,0.5454093349439907,0.06196450712250041,0.05822786344098073,0.46515151515151515
11,200,Laplace,0.5752,0.4464686092033631,0.8021835717015021,0.5585431687660848,0.0910944525885479,0.07492216188292103,0.4712121212121212
11,200,B1-MLE,0.5712,0.4714963658591497,0.809968933448987,0.5395758918262149,0.05151479939265779,0.03896875095440866,0.4621212121212121
11,200,B0-as-prior MAP,0.5708,0.4546894413527274,0.8109922475945169,0.5381456975650216,0.02307719935393658,0.04480045182619274,0.4628787878787879
11,200,expert MAP (full table),0.568,0.48493872098586743,0.810657372326908,0.5358723009509789,0.032978099623060864,0.037045233322418644,0.4893939393939394
11,200,expert cMAP (full table),0.568,0.48493872098586743,0.8106573631254618,0.5358732811193693,0.032978401429011005,0.03704573215401405,0.4893939393939394
11,200,logistic regression,0.5416,0.372110587331073,0.769676340592405,0.5846313881038008,0.07999569570951232,0.045629591340224755,0.5181818181818182
11,400,Proposed,0.5704,0.4878071323225971,0.8145215793802468,0.5301189810253695,0.0291672091368931,0.03205373298172372,0.49015151515151517
11,400,uninformative MAP,0.5748,0.47756406958416137,0.8124945953357845,0.5322850504503902,0.024609180393333048,0.04212156903655081,0.48409090909090907
11,400,Laplace,0.5724,0.47080763031315254,0.8097814489222344,0.5368743808904266,0.03896419055221376,0.05106904886298505,0.4765151515151515
11,400,B1-MLE,0.576,0.49134693838884397,0.813772081025964,0.5326863057290518,0.04050434694364404,0.03339592407565513,0.48863636363636365
11,400,B0-as-prior MAP,0.5732,0.47751212093772644,0.8146662325202793,0.5307304954136766,0.023806941841894802,0.03631736000110985,0.4825757575757576
11,400,expert MAP (full table),0.5728,0.48836497282758495,0.8144168796356869,0.5306592117095421,0.036993234659214454,0.03493534819969411,0.4803030303030303
11,400,expert cMAP (full table),0.5728,0.48836497282758495,0.814387468905114,0.5307054782103751,0.036521429940217995,0.034120887057323454,0.4803030303030303
11,400,logistic regression,0.5424,0.4010402147880659,0.7859476976258949,0.5628166955052046,0.04581265850553478,0.03441901192489714,0.5015151515151515
12,10,Proposed,0.4656,0.35314706258085965,0.7559620351801222,0.6983932582596207,0.1979310279121912,0.1278360125742292,0.5994173343044428
12,10,uninformative MAP,0.5088,0.27147416783226075,0.6651555208942919,0.6962514399045409,0.20478083086695054,0.12649926937295636,0.8157319737800437
12,10,Laplace,0.5052,0.26641288703983546,0.6664878546177089,0.7152617281102179,0.22210650110911606,0.1315983864286421,0.8186453022578296
12,10,B1-MLE,0.5216,0.27913409143032986,0.6442369590778562,0.650786948426482,0.13578327258022585,0.09381112071280046,0.8113619810633649
12,10,B0-as-prior MAP,0.5484,0.3005147870970202,0.7844571505747377,0.6070440220049654,0.13997675672238072,0.09873312093528461,0.5593590677348871
12,10,expert MAP (full table),0.4648,0.35318824493343653,0.7562940420516672,0.6993760721727759,0.20818451553178957,0.13289320637405272,0.5994173343044428
12,10,expert cMAP (full table),0.4652,0.353448129164639,0.7572916566727289,0.698035535849259,0.2071548800524006,0.13267482182774662,0.5870356882738529
12,10,logistic regression,0.4512,0.25649557182084265,0.5721131622873552,0.7132067597130209,0.19978075695728623,0.10725872165931057,0.8222869628550619
12,50,Proposed,0.5304,0.41467784791988155,0.7873039665266245,0.598498386513295,0.10427384876565575,0.08132544690721921,0.5214857975236707
12,50,uninformative MAP,0.5384,0.37024897923779676,0.7676614864291613,0.6039052690807535,0.10786392708699367,0.08974269940577909,0.6183539694100509
12,50,Laplace,0.5312,0.30326486984998124,0.7667445145386884,0.6342187717555873,0.1530107944903393,0.10940639024821067,0.6336489439184269
12,50,B1-MLE,0.552,0.4434931562084622,0.746011800644953,0.6105183477254301,0.15134349773133565,0.08485546052682205,0.5142024763292061
12,50,B0-as-prior MAP,0.5576,0.4028972807706645,0.7963402368773077,0.5601839208312065,0.06127907767004963,0.05121288009515338,0.5178441369264385
12,50,expert MAP (full table),0.5428,0.41453028171742007,0.7898156493422833,0.5983901015752489,0.10963617459287461,0.0861224997504994,0.5127458120903132
12,50,expert cMAP (full table),0.544,0.4168811497699671,0.7910276756236323,0.5964314314334699,0.10739812514882396,0.08583805106980577,0.5083758193736344
12,50,logistic regression,0.5024,0.34687606359698925,0.7161443393015433,0.6371329381441136,0.1252754777507642,0.0704268330368293,0.6045156591405682
12,80,Proposed,0.5612,0.44086897811443926,0.8017335866842665,0.5625343333441266,0.042381986139613706,0.05863737780193981,0.5010924981791697
12,80,uninformative MAP,0.5668,0.43573617202603193,0.7872932342920883,0.5731073183107535,0.10940522328504709,0.07492520299853206,0.49526584122359796
12,80,Laplace,0.562,0.426377201853055,0.7836929757654205,0.6004880138560025,0.15350737940181292,0.10269998815148094,0.5455207574654042
12,80,B1-MLE,0.5644,0.4657274219305627,0.7710166552249806,0.5702390691839678,0.07048830629795261,0.051940273931641655,0.48943918426802624
12,80,B0-as-prior MAP,0.576,0.4522147290175077,0.8035756289137517,0.5467636981014699,0.06409158275181394,0.04555632458398323,0.4865258557902403
12,80,expert MAP (full table),0.5564,0.4315108423183294,0.7996556729616313,0.5652194506775708,0.06545316453589567,0.05911061269601816,0.5069191551347414
12,80,expert cMAP (full table),0.5564,0.4315108423183294,0.7996730284889666,0.5652218894900014,0.06546470862329933,0.05911188380849764,0.5069191551347414
12,80,logistic regression,0.5268,0.3793404397013431,0.7298611955127221,0.6224051698867057,0.12649095134225236,0.06771459619964282,0.5892206846321922
12,100,Proposed,0.5704,0.4519182226029783,0.8042035254440858,0.5510135275892104,0.042304213882442106,0.0472226775453007,0.4879825200291333
12,100,uninformative MAP,0.57,0.45243554878627584,0.7981212274703673,0.5583165715703453,0.09598611398252248,0.06561293908681957,0.49745083758193737
12,100,Laplace,0.5704,0.4320509797229529,0.7948500581277526,0.5832181670505558,0.14431776303047988,0.09427901944309261,0.5018208302986161
12,100,B1-MLE,0.5732,0.48040808956600434,0.7970842206180608,0.5483697120105069,0.06405438790478751,0.03936249553721327,0.4857975236707939
12,100,B0-as-prior MAP,0.5752,0.4540062634016747,0.8080314818797674,0.5382334543792432,0.050466079172927114,0.037409814052548875,0.4879825200291333
12,100,expert MAP (full table),0.5712,0.4622784573535439,0.8047790413475142,0.5495221649119231,0.04508386141151333,0.049542999435871246,0.5054624908958485
12,100,expert cMAP (full table),0.5712,0.4622784573535439,0.8047782526103396,0.5495220724312567,0.04508569937499783,0.04954265109932047,0.5054624908958485
12,100,logistic regression,0.5356,0.4060861536078244,0.7470354959407604,0.6029791355262676,0.11305145264539447,0.05814813974704316,0.57319737800437
12,200,Proposed,0.584,0.48265545218267775,0.8154762778394344,0.5287764051242708,0.017819082254426792,0.03280971769176524,0.5032774945375091
12,200,uninformative MAP,0.5836,0.4850021652394361,0.8079851455300573,0.53737117486027,0.07487124737564423,0.046319600523301495,0.4901675163874727
12,200,Laplace,0.582,0.4822024948591751,0.8069096454684044,0.5504683910923843,0.10951467667020987,0.0686351955279212,0.5003641660597232
12,200,B1-MLE,0.584,0.49408247599734156,0.8065503153286191,0.5314510145582231,0.032235964772728255,0.02443371561107997,0.4959941733430444
12,200,B0-as-prior MAP,0.5808,0.4839058866958692,0.81292398889277,0.5290640112814031,0.042110755703069845,0.03093386974864516,0.48725418790968683
12,200,expert MAP (full table),0.5776,0.48299754433678943,0.8098544263644611,0.533712162273898,0.022398914314849708,0.03529593124091461,0.49526584122359796
12,200,expert cMAP (full table),0.5776,0.48299754433678943,0.8104525544837095,0.5336486596526471,0.021217543117946772,0.03542440479763871,0.49526584122359796
12,200,logistic regression,0.5472,0.4633633284019659,0.773302604206867,0.5729589197064265,0.06984463583157471,0.04346819683572353,0.5316824471959214
12,400,Proposed,0.5888,0.481248816325011,0.8164272628101148,0.5228991230243409,0.01632625211096344,0.023436230769944603,0.5018208302986161
12,400,uninformative MAP,0.5852,0.4836733380330924,0.8116009133596527,0.5270544563154487,0.043985978492572186,0.03224239673929739,0.49745083758193737
12,400,Laplace,0.588,0.48544548074791793,0.8104484397203003,0.5328178974066878,0.07118726767736722,0.04566051857398469,0.5032774945375091
12,400,B1-MLE,0.5812,0.4847451505608916,0.8120224981715254,0.5227372938937906,0.019990859073867096,0.02005027942575547,0.4850691915513474
12,400,B0-as-prior MAP,0.5852,0.48654209749839766,0.8139901539681226,0.5243763212947237,0.03071515555504574,0.02423970978983813,0.4996358339402768
12,400,expert MAP (full table),0.5864,0.48996942259226195,0.8149132901722983,0.523809104948795,0.021872477031138156,0.02270347217384229,0.48943918426802624
12,400,expert cMAP (full table),0.5864,0.48996942259226195,0.8149142620173007,0.5238091627813708,0.021872217934677692,0.022703899695577248,0.48943918426802624
12,400,logistic regression,0.5596,0.4834628132002593,0.7875819982485437,0.5606539620275515,0.04803992121441965,0.03522562426371143,0.5294974508375819
13,10,Proposed,0.5572,0.4527953357624289,0.800512352083717,0.5573287829433635,0.02926677657668936,0.04115448873976176,0.5108864696734059
13,10,uninformative MAP,0.4664,0.25304480646061317,0.6937165689864893,0.6970495646280908,0.1571267990866927,0.11776229662126093,0.6842923794712286
13,10,Laplace,0.4548,0.24323122478970974,0.6985987048381471,0.7168878812253623,0.17003678369016928,0.1314131934216932,0.6858475894245724
13,10,B1-MLE,0.5284,0.2942178385957779,0.6932589337668382,0.6624034545552416,0.1176675710825406,0.08299412201125499,0.6788491446345256
13,10,B0-as-prior MAP,0.4908,0.26401661828077605,0.7821205795551014,0.6235628708471223,0.07199868798124955,0.1014536424818058,0.5303265940902022
13,10,expert MAP (full table),0.562,0.4385787517405943,0.798937063741155,0.5623642529904258,0.022636796509171067,0.04482687406420317,0.5163297045101088
13,10,expert cMAP (full table),0.562,0.4385787517405943,0.7989430072259887,0.5623625283653402,0.02263434992712105,0.044824543775601855,0.5132192846034215
13,10,logistic regression,0.4232,0.2515962906546408,0.5520555418888322,0.7747782285054784,0.2355926357017666,0.12708698653813258,0.8732503888024883
13,50,Proposed,0.5516,0.44694863024943904,0.8093558400452866,0.5559677713310032,0.050856458448388396,0.048434487891913056,0.47667185069984447
13,50,uninformative MAP,0.5148,0.39082304262221584,0.7608441357383413,0.6174686702568463,0.10160937222767312,0.0849278429279375,0.5435458786936236
13,50,Laplace,0.4844,0.3666386840077391,0.7548733879056666,0.6460297862444615,0.11441337638244028,0.11274879835306556,0.5427682737169518
13,50,B1-MLE,0.5264,0.4524648453165862,0.7590289284823956,0.6139345327257102,0.11902371675322619,0.07398191131485704,0.5357698289269052
13,50,B0-as-prior MAP,0.5468,0.43644651028316767,0.7996439111668001,0.5668546399926958,0.07085349339363915,0.0568999438060333,0.49144634525660963
13,50,expert MAP (full table),0.5536,0.4576510011177235,0.8086154442714084,0.5533429131735497,0.05061143053363453,0.04734932379051318,0.48055987558320373
13,50,expert cMAP (full table),0.5536,0.4576510011177235,0.8086319144541946,0.5533377350938556,0.05061324740604474,0.047343758464178556,0.48055987558320373
13,50,logistic regression,0.4292,0.32055976234533806,0.6611689146058553,0.7441872991357797,0.22329203209964998,0.12069795046120854,0.7410575427682737
13,80,Proposed,0.5456,0.4569297971481229,0.8076380263660308,0.5586593167834748,0.060706327938556244,0.05502356959508338,0.4774494556765163
13,80,uninformative MAP,0.5156,0.43550878575318785,0.7710032117688197,0.595894413722064,0.06102632594995097,0.0692892696580361,0.5536547433903577
13,80,Laplace,0.5044,0.4005053767497565,0.767145685357028,0.6190733291352469,0.09677218152537198,0.09668632150385115,0.5692068429237948
13,80,B1-MLE,0.5324,0.457963531532965,0.7710535687096,0.6084324462979208,0.11539012278784957,0.0728532703614657,0.531104199066874
13,80,B0-as-prior MAP,0.5404,0.44563980774036427,0.798617267726712,0.561013627201732,0.033082134061381205,0.04917544705736275,0.5023328149300156
13,80,expert MAP (full table),0.548,0.4763108612584643,0.804928546946028,0.5600847760148729,0.07158023354686965,0.05271276152318069,0.48055987558320373
13,80,expert cMAP (full table),0.5484,0.47652703073533415,0.8055724227098503,0.5587433696590611,0.0693957680938885,0.05133955461182088,0.48055987558320373
13,80,logistic regression,0.454,0.3491945942450569,0.6975188652265998,0.6795944890112247,0.1583931989593923,0.08630000106177718,0.7107309486780715
13,100,Proposed,0.5452,0.475098620779602,0.8095201257540575,0.5518032376476995,0.061931267708319956,0.04788782158152775,0.4937791601866252
13,100,uninformative MAP,0.5316,0.46690031706286067,0.7847636915723856,0.5774569758584034,0.056139312505165226,0.06647467436255333,0.5217729393468118
13,100,Laplace,0.5276,0.4631847458804854,0.7820352709590424,0.5985042718522969,0.10172370581293183,0.09048836445796535,0.5373250388802489
13,100,B1-MLE,0.5344,0.4669088150143544,0.7865718083464511,0.5852944408154029,0.1201129179144244,0.06278961718786352,0.5155520995334371
13,100,B0-as-prior MAP,0.5424,0.4690283499607117,0.8038664622195868,0.5513076779519099,0.03461323902011954,0.041632366335945685,0.48755832037325036
13,100,expert MAP (full table),0.5416,0.48011449546044205,0.8063226194037709,0.5551351651360573,0.08143412166731673,0.04961397420347324,0.48522550544323484
13,100,expert cMAP (full table),0.5412,0.47950504621308737,0.8064643300879292,0.5547828381919214,0.08122995144013737,0.04919473180863417,0.48522550544323484
13,100,logistic regression,0.4608,0.3709362748190954,0.7145692941467026,0.6531826942090372,0.13238659541111295,0.07341530653193555,0.6648522550544324
13,200,Proposed,0.5624,0.47385062438788633,0.8176119558583786,0.5340013139796637,0.02882825149913603,0.03340105462247133,0.46967340590979784
13,200,uninformative MAP,0.5692,0.4695787662484071,0.8132935674225719,0.5424219288755997,0.04600599748214126,0.04811594598217666,0.4681181959564541
13,200,Laplace,0.5652,0.46573899772716976,0.8108175412821956,0.5551364605142025,0.08078036212662662,0.06914263376614227,0.47433903576982894
13,200,B1-MLE,0.568,0.4829044979056334,0.8128629970302339,0.5396696534516588,0.04206640921802915,0.03598005149713016,0.4735614307931571
13,200,B0-as-prior MAP,0.5728,0.4729125012565396,0.8165425957019885,0.5340239864653548,0.025191258898216558,0.03258888653865822,0.4704510108864697
13,200,expert MAP (full table),0.5724,0.47559172897177937,0.8161145388878002,0.5338551054961226,0.03241985884483918,0.03356716975922006,0.4782270606531882
13,200,expert cMAP (full table),0.5724,0.47559172897177937,0.8161631883469029,0.5338177977364856,0.03235482140478782,0.033434840895945235,0.4782270606531882
13,200,logistic regression,0.482,0.4255167621795247,0.7368072906127894,0.6321030659802255,0.1193109997846932,0.06873230211089648,0.6283048211508554
13,400,Proposed,0.588,0.5103592268837943,0.8235600003291634,0.5237976246328124,0.014954918138301649,0.019241132973449492,0.45800933125972004
13,400,uninformative MAP,0.5876,0.4956129802800183,0.8214031570792358,0.5278774640446255,0.04453791174152377,0.02995598739393284,0.4618973561430793
13,400,Laplace,0.5868,0.4913362158615135,0.8205746943937546,0.5332912889499608,0.06899163684903585,0.04439273122768167,0.4572317262830482
13,400,B1-MLE,0.5888,0.5035303566689376,0.8210215550863772,0.5256345267199469,0.012034939031373206,0.017744217436962813,0.468895800933126
13,400,B0-as-prior MAP,0.588,0.4973959327182984,0.822333824317482,0.5251628641091494,0.027539571940143517,0.02386609530387087,0.46111975116640747
13,400,expert MAP (full table),0.5884,0.5000850190968691,0.8220087725649421,0.5244189798838111,0.0128490224460799,0.018142563314010242,0.47667185069984447
13,400,expert cMAP (full table),0.5884,0.5000850190968691,0.8220197528946751,0.5244195125393336,0.012691635530906749,0.018104151039229317,0.47667185069984447
13,400,logistic regression,0.5284,0.47692535805676806,0.7707721172372122,0.5844112504025106,0.06186465335717678,0.041009316669355866,0.5699844479004665
14,10,Proposed,0.5816,0.4814690066432763,0.8085661136470386,0.5385129566607335,0.042242677488358395,0.029831535889341634,0.46176470588235297
14,10,uninformative MAP,0.4788,0.27012066701864124,0.7137367684696689,0.6965114891090621,0.17353815668323808,0.12312728473790213,0.6948529411764706
14,10,Laplace,0.4652,0.21285874260118381,0.7148837191921185,0.7169839213321029,0.18115508473633177,0.1313198967844742,0.6904411764705882
14,10,B1-MLE,0.4984,0.35290747115740445,0.6864585188874829,0.6489706918202001,0.15148085607879996,0.09489228779686588,0.7338235294117647
14,10,B0-as-prior MAP,0.5604,0.34897511565675354,0.7924396775752426,0.6092089003037937,0.16317877965223757,0.09900116016194137,0.47794117647058826
14,10,expert MAP (full table),0.574,0.4724515697977192,0.8092070626766023,0.5393684612569295,0.045555597799778705,0.03078382179676846,0.46176470588235297
14,10,expert cMAP (full table),0.574,0.4724515697977192,0.8092060663463502,0.5393678268289461,0.045558123393147784,0.030784476063906968,0.46176470588235297
14,10,logistic regression,0.4136,0.24778653372508053,0.6023716300339554,0.7475168969515076,0.19704553717778495,0.10530223655171868,0.875
14,50,Proposed,0.5552,0.48285002959294,0.808522335292266,0.5446343557071467,0.0581577592858631,0.040097218096568694,0.4889705882352941
14,50,uninformative MAP,0.5384,0.4704653985203567,0.7784631448491904,0.6191823276882163,0.1430983878693617,0.11047838891194016,0.5169117647058824
14,50,Laplace,0.54,0.459844107428344,0.7786163657635223,0.6486047892588851,0.19124238456194081,0.12402527978953568,0.5117647058823529
14,50,B1-MLE,0.5164,0.4655977761012394,0.7699913221496155,0.6182773538043392,0.13548149034339202,0.08315690197428925,0.6338235294117647
14,50,B0-as-prior MAP,0.556,0.47917816472345187,0.7979507200232017,0.5740022158723679,0.0921425078560478,0.06979972165881304,0.48308823529411765
14,50,expert MAP (full table),0.5556,0.49136729057743694,0.8066087904255941,0.5503737800786638,0.06134953242832472,0.0434326382042805,0.49117647058823527
14,50,expert cMAP (full table),0.5556,0.49136729057743694,0.8066083361354326,0.5503751032975912,0.06134989532802226,0.0434331327719252,0.49117647058823527
14,50,logistic regression,0.4732,0.37249629487197067,0.6911343851065068,0.664246554286677,0.12899318190867973,0.07955445641724535,0.6235294117647059
14,80,Proposed,0.556,0.49586659158301727,0.8066625398703142,0.539462107950903,0.03714763010503694,0.03255160789710362,0.47941176470588237
14,80,uninformative MAP,0.5504,0.4826260757492593,0.7818018970616116,0.5948578740326829,0.11939653031840115,0.08162129796904141,0.5507352941176471
14,80,Laplace,0.5468,0.4651546459599157,0.778795232025605,0.6197541125039705,0.16073298201099134,0.10642642130144178,0.5529411764705883
14,80,B1-MLE,0.5444,0.49986589214338395,0.7878443958934472,0.5811992294697553,0.06982204510273697,0.049746366777723185,0.5889705882352941
14,80,B0-as-prior MAP,0.5588,0.49032200343269916,0.7959176180440134,0.5650616253671847,0.0762042243524121,0.0533370154402598,0.5029411764705882
14,80,expert MAP (full table),0.5556,0.4940454471541399,0.8007710864785051,0.5534499301516604,0.03843044438051668,0.036394899158474776,0.5301470588235294
14,80,expert cMAP (full table),0.5556,0.4940454471541399,0.8007696170837642,0.5534490243293432,0.038431602475039975,0.036395169022923786,0.5301470588235294
14,80,logistic regression,0.488,0.37363813522721834,0.7187266879615691,0.6485178260807793,0.11240267772101571,0.07486004618922043,0.6316176470588235
14,100,Proposed,0.55,0.4903915079157447,0.810904556841903,0.5354875108789,0.03333242749959024,0.03271609152959086,0.475
14,100,uninformative MAP,0.5548,0.49154134341400413,0.7949621369048342,0.5767011715050469,0.09809790717277685,0.0776915432851488,0.46691176470588236
14,100,Laplace,0.5544,0.4876447146830447,0.7926990044881554,0.5993479779281975,0.14418306695244973,0.09995580855747213,0.46911764705882353
14,100,B1-MLE,0.5576,0.5021988429745772,0.8009356818977947,0.5640767815192372,0.06608201610647868,0.04852052815088339,0.4852941176470588
14,100,B0-as-prior MAP,0.5592,0.49212242695834196,0.8055714710314091,0.5525108904321047,0.055861088581004054,0.05471497952308091,0.4676470588235294
14,100,expert MAP (full table),0.5596,0.49766837571937284,0.8083027293266678,0.5442578307066946,0.039747763705226445,0.03839004782694337,0.4786764705882353
14,100,expert cMAP (full table),0.5596,0.49766837571937284,0.8083020157716854,0.5442573912932892,0.03974946337885904,0.03839066680140259,0.4786764705882353
14,100,logistic regression,0.49,0.4161131909528722,0.7337975488809816,0.6244129190562266,0.0778510697136635,0.06052332058206878,0.5816176470588236
14,200,Proposed,0.5724,0.4860894177953117,0.8159247361404856,0.5264014827838187,0.024174594599681992,0.02255498794460745,0.47205882352941175
14,200,uninformative MAP,0.57,0.48711572288822563,0.80815766025362,0.5412565691105384,0.06019026255090072,0.052007302187199976,0.45955882352941174
14,200,Laplace,0.5748,0.4858234827368103,0.8048995610386381,0.5544214518118961,0.10233503028384469,0.07114837943837303,0.4551470588235294
14,200,B1-MLE,0.5676,0.4957582319309934,0.8122947430683436,0.5345135762275184,0.038916433840575346,0.029682359569160002,0.45294117647058824
14,200,B0-as-prior MAP,0.5728,0.4897642701880952,0.8141143606942347,0.5316384804142059,0.037645894219567926,0.034840244181904505,0.4522058823529412
14,200,expert MAP (full table),0.5716,0.4952993336817959,0.8148977582680075,0.5303237357716951,0.033719218302486954,0.026461356201590458,0.45
14,200,expert cMAP (full table),0.5716,0.4952993336817959,0.8148985640149784,0.5303226650154751,0.033574682605979844,0.026459284105828457,0.45
14,200,logistic regression,0.5356,0.4189603591831958,0.775456396690811,0.578387801045825,0.04993892198172631,0.032576297078884806,0.55
14,400,Proposed,0.5868,0.4767319924617413,0.8214835281005948,0.5199176442854266,0.017403286797215915,0.024149076698446664,0.4661764705882353
14,400,uninformative MAP,0.5816,0.47254994393152505,0.8144071009092537,0.5278059536595295,0.03254257798665219,0.029868902449121222,0.4485294117647059
14,400,Laplace,0.5828,0.4723691470271366,0.812346371057283,0.5327659408090558,0.05784304998037814,0.04219141057918072,0.4426470588235294
14,400,B1-MLE,0.5764,0.48250057468930696,0.817664603279508,0.5258348145292481,0.027335166944860895,0.02616379873087047,0.45294117647058824
14,400,B0-as-prior MAP,0.5816,0.47569161616153954,0.8178488184814308,0.5252913064270789,0.023615121799726052,0.02382208423335659,0.45588235294117646
14,400,expert MAP (full table),0.5808,0.4869468454405342,0.8188393908089979,0.5244049202753333,0.023987214160415136,0.02664722157580145,0.4625
14,400,expert cMAP (full table),0.5808,0.4869468454405342,0.8188402587084873,0.5244045450311902,0.023986609707486665,0.026646634838077703,0.4625
14,400,logistic regression,0.556,0.42427984894408266,0.7836265138257086,0.5680465675411236,0.05735863306062459,0.02956588748437996,0.5264705882352941
15,10,Proposed,0.5604,0.4834364380290369,0.8052908009933316,0.5456169542150902,0.028021485185721316,0.035425052045059774,0.49962602842183995
15,10,uninformative MAP,0.4192,0.29210337284095733,0.6895831068153903,0.7116919370861745,0.11570081043624303,0.15041403598081596,0.649962602842184
15,10,Laplace,0.4188,0.2828947653808581,0.6920765642481574,0.7275333046160247,0.14057053738251965,0.16105392172238453,0.6611817501869858
15,10,B1-MLE,0.4328,0.3988772011739703,0.6795289601795235,0.6691254623145444,0.1095056363918019,0.11231567706434056,0.6432311144353029
15,10,B0-as-prior MAP,0.4704,0.37194054868477594,0.7746404627086092,0.623200189562747,0.0694613006963636,0.10793063621423304,0.6050860134629769
15,10,expert MAP (full table),0.5556,0.48282333286903883,0.8028232561644685,0.5479715661494164,0.04797126886486067,0.036795262680153935,0.5041136873597607
15,10,expert cMAP (full table),0.5556,0.48282333286903883,0.8028517013630543,0.5479711630439313,0.04797243037145641,0.036796360741666416,0.5041136873597607
15,10,logistic regression,0.3628,0.29610878967429816,0.5971929283095625,0.8168173270134829,0.20409390770880192,0.15130838486944345,0.8145100972326104
15,50,Proposed,0.5732,0.4691121029421861,0.8129532570503671,0.5340093976957209,0.030898792222869606,0.027459545493796884,0.4846671652954376
15,50,uninformative MAP,0.54,0.4221912349002578,0.7718421348122294,0.5927846651938359,0.10519137831810273,0.0916483540012917,0.5691847419596111
15,50,Laplace,0.5404,0.3877401628486493,0.7628510176501743,0.6228223409283827,0.15839473428645556,0.11807430201238218,0.5916230366492147
15,50,B1-MLE,0.546,0.4580581195746459,0.7822742291690665,0.5874834437061008,0.12161423507522776,0.07069819045383731,0.5130890052356021
15,50,B0-as-prior MAP,0.5564,0.42136358786534533,0.8046261199628292,0.5545205438881927,0.0482138738576513,0.053846400186267525,0.4943904263275991
15,50,expert MAP (full table),0.5684,0.46248039969980853,0.8106063153993075,0.5381175060747115,0.04811637462623595,0.03106998334905023,0.47569184741959614
15,50,expert cMAP (full table),0.5684,0.46248039969980853,0.8106106060247823,0.5381165307102519,0.048114868283373566,0.03106941078770977,0.47569184741959614
15,50,logistic regression,0.4868,0.27930228004236646,0.6716560530432804,0.6737097688113569,0.17656197712595734,0.08961500181596949,0.694091249065071
15,80,Proposed,0.5748,0.4941635351212945,0.8143712628257249,0.5319393922794378,0.03491223558801571,0.027691587622354415,0.4824233358264772
15,80,uninformative MAP,0.5584,0.4466360088568835,0.7838310172394722,0.5665453880288566,0.08856303263741083,0.07069673777190555,0.5340314136125655
15,80,Laplace,0.5596,0.4365265956408581,0.7776190088660329,0.5921964132933355,0.14205505678802813,0.10006924042072696,0.5617053103964099
15,80,B1-MLE,0.5604,0.47970434218348773,0.7891590636977289,0.5689398601205132,0.10209396290903006,0.055676630038875706,0.49214659685863876
15,80,B0-as-prior MAP,0.5636,0.4438682649265004,0.805644999571457,0.5432328352218411,0.03141624938274043,0.038164955852808526,0.5003739715781601
15,80,expert MAP (full table),0.5712,0.4799716187979405,0.8112245817702981,0.5380363973349204,0.04822536083927269,0.03421956626777787,0.4906507105459985
15,80,expert cMAP (full table),0.5712,0.4799716187979405,0.8112261782838323,0.5380365917093077,0.048227529415553236,0.03422039847106618,0.4906507105459985
15,80,logistic regression,0.5156,0.33695265418639747,0.7083795816043921,0.6420022713747512,0.14433735718919138,0.07034501179719876,0.6043380703066566
15,100,Proposed,0.5732,0.46501216442329585,0.8139749480679837,0.5319815682558195,0.02953515048355265,0.025701964290150196,0.4906507105459985
15,100,uninformative MAP,0.5632,0.4298545642325184,0.7844993173090262,0.5562280573186542,0.07495856153678299,0.060497771257501366,0.48915482423335827
15,100,Laplace,0.5604,0.4218515759052196,0.7771010467599586,0.578452182688234,0.12045169394399552,0.08915950240197824,0.5033657442034405
15,100,B1-MLE,0.5644,0.4599088646564969,0.7939110328388148,0.5458097305848311,0.06527842095161407,0.039246675153635294,0.4786836200448766
15,100,B0-as-prior MAP,0.57,0.44535119043712285,0.808520224414244,0.5400354805190678,0.030608720803474567,0.03609225049789061,0.4831712789827973
15,100,expert MAP (full table),0.572,0.481008342772782,0.8125190947260608,0.5342064740286219,0.03892158540674135,0.028270326881358852,0.47718773373223633
15,100,expert cMAP (full table),0.572,0.481008342772782,0.8125314489597141,0.53420526816817,0.03891746261535737,0.028268572584665082,0.47718773373223633
15,100,logistic regression,0.5076,0.3479591217785267,0.7008582707985119,0.6480679768302099,0.14529333017525348,0.07303567413179335,0.6417352281226627
15,200,Proposed,0.5804,0.4782553722013461,0.8151549541360088,0.5307725583688767,0.03655495802622141,0.027698961058023074,0.48541510845175767
15,200,uninformative MAP,0.57,0.4629517138305772,0.802367055243813,0.5383582597156282,0.03703207942731288,0.040392216935775424,0.4839192221391174
15,200,Laplace,0.57,0.4554774050908056,0.7970201444623601,0.5486608142822149,0.07541545882851636,0.0592027639945104,0.48616305160807777
15,200,B1-MLE,0.5796,0.4755867726791857,0.8110764556716666,0.5353204507142443,0.04364192266237483,0.03548162098997136,0.4816753926701571
15,200,B0-as-prior MAP,0.5776,0.46446534497207903,0.8132239996664641,0.5330654332640206,0.018284232440745674,0.030252095461031237,0.4786836200448766
15,200,expert MAP (full table),0.5784,0.48477991792139596,0.8148520050289686,0.5317436785576971,0.03333391295996945,0.028929539999321498,0.47643979057591623
15,200,expert cMAP (full table),0.5784,0.48477991792139596,0.8148871504629158,0.5317446388253224,0.03333633277458895,0.028933875988368735,0.47643979057591623
15,200,logistic regression,0.518,0.3603757363655321,0.7509856054294306,0.6186076878944484,0.12774998153495978,0.06788751669786529,0.6267763649962603
15,400,Proposed,0.5876,0.4725124789813992,0.8171011240122912,0.5260381397400373,0.025528554581741,0.018738521817107407,0.4869109947643979
15,400,uninformative MAP,0.5764,0.4707099252747593,0.8068323066627267,0.5303559551949993,0.01728727896155413,0.027545776343902872,0.4801795063575168
15,400,Laplace,0.572,0.46688548786616946,0.8035911702137291,0.5346794360329955,0.03433412531193807,0.03745996510805372,0.4801795063575168
15,400,B1-MLE,0.5744,0.4747580771733725,0.8142363140014982,0.529472139170798,0.032385472658035055,0.025794790545377946,0.47718773373223633
15,400,B0-as-prior MAP,0.5728,0.4683961790959199,0.8141639574105362,0.5282404195771584,0.010828765667229292,0.0236881501418631,0.47718773373223633
15,400,expert MAP (full table),0.578,0.47643097647195753,0.8156958985127223,0.5276976297406795,0.024975867318374017,0.02288501681919674,0.4704562453253553
15,400,expert cMAP (full table),0.578,0.47643097647195753,0.8156891596011864,0.5276981377363164,0.02497684144962992,0.022885218512536488,0.4704562453253553
15,400,logistic regression,0.5428,0.4258633521977491,0.770653683226486,0.5846207709689809,0.08444861305407161,0.044847329488175824,0.5961106955871354
16,10,Proposed,0.57,0.47404218073181437,0.8020303677086857,0.5566314812904222,0.06392003524372067,0.05101311804282258,0.4901812688821752
16,10,uninformative MAP,0.3996,0.28375401366654485,0.6904565724408591,0.725590835820496,0.13044448687343502,0.15976844625742848,0.6329305135951662
16,10,Laplace,0.3884,0.20865025748490906,0.6800308135161526,0.733019340634144,0.12574363831585486,0.15541885661909313,0.6397280966767371
16,10,B1-MLE,0.4216,0.3765899562543887,0.7043796493976979,0.6905246581394381,0.07026061520222755,0.1397453320931275,0.6487915407854985
16,10,B0-as-prior MAP,0.4492,0.3086767920033529,0.7876624133047552,0.6343318733101381,0.06333789419178204,0.12546289493849905,0.4826283987915408
16,10,expert MAP (full table),0.5648,0.47341819802887,0.8022341119831049,0.5579556061703511,0.06870272048317563,0.05243715375728674,0.49395770392749244
16,10,expert cMAP (full table),0.5648,0.47341819802887,0.8022278262968974,0.5579562725580318,0.06870748345907679,0.05243740443331184,0.49395770392749244
16,10,logistic regression,0.3764,0.15107561150224114,0.6172947516785195,0.9026155174177275,0.362038320826684,0.19606626841426494,0.6601208459214502
16,50,Proposed,0.5576,0.474368157071008,0.8039890910513134,0.5487471457068814,0.030056442130418564,0.041464880752754535,0.48564954682779454
16,50,uninformative MAP,0.5368,0.46349486109927196,0.775143283352278,0.6168483800836889,0.1518909212816561,0.11399025092425157,0.520392749244713
16,50,Laplace,0.5392,0.4643196704379231,0.7695072886220901,0.647025435789005,0.19447273193949513,0.1386937346805285,0.5385196374622356
16,50,B1-MLE,0.53,0.4528107396921899,0.7776920416934701,0.5775785529477183,0.04780840139236536,0.05480402161388978,0.5105740181268882
16,50,B0-as-prior MAP,0.5476,0.46614216344811826,0.7972103578087197,0.5711996883246893,0.09207819960221977,0.0803685458634544,0.48036253776435045
16,50,expert MAP (full table),0.5444,0.4673976203287066,0.7997062871686895,0.5526047567289771,0.0346362951977222,0.04413902843241854,0.48413897280966767
16,50,expert cMAP (full table),0.5448,0.4685778890336167,0.8001165337051747,0.5521223145183131,0.03389814355154951,0.04369317507796127,0.48413897280966767
16,50,logistic regression,0.43,0.3900289377993631,0.6780248893500856,0.7069537024059422,0.18299510692486487,0.11402006125654418,0.7175226586102719
16,80,Proposed,0.5652,0.48302583217718226,0.8074196612974631,0.5370122568480671,0.02990024411067993,0.03374819096308019,0.48489425981873113
16,80,uninformative MAP,0.542,0.47418205221898896,0.780918383313115,0.5896105629234176,0.10396548309790603,0.09306546693792522,0.5302114803625377
16,80,Laplace,0.55,0.47173949489282674,0.7786473665395778,0.612809693315538,0.156543983609125,0.11609880375011314,0.5755287009063444
16,80,B1-MLE,0.5312,0.459025552121838,0.773397068558096,0.5900297642852769,0.08547049060965246,0.061521182222969026,0.5581570996978852
16,80,B0-as-prior MAP,0.546,0.4718352168522783,0.7970107785322524,0.5593846138840447,0.05527096825865979,0.062127999478969465,0.49697885196374625
16,80,expert MAP (full table),0.5476,0.4676101699410715,0.7987334858429388,0.5498705830086293,0.040536019079438955,0.040404250328454946,0.4811178247734139
16,80,expert cMAP (full table),0.5484,0.4680818194359852,0.8001309129324847,0.5487467941221023,0.03603518597586907,0.03972530380544675,0.4826283987915408
16,80,logistic regression,0.454,0.4110075774785895,0.690640735184245,0.6730906418297308,0.13999965793179275,0.08837184684174411,0.6925981873111783
16,100,Proposed,0.5748,0.4856816789903853,0.8100543044420663,0.5320714222237427,0.031517851948008185,0.026354600976086533,0.49924471299093653
16,100,uninformative MAP,0.5596,0.48183228246102894,0.7965389305032271,0.5705480260188855,0.11384525390221156,0.08516726451515741,0.5287009063444109
16,100,Laplace,0.5632,0.4799668246217319,0.7942288779319012,0.5943944950818201,0.15699567534168585,0.10727973067407896,0.5347432024169184
16,100,B1-MLE,0.5596,0.4814887269264431,0.7936600511247434,0.5494970709200883,0.045543853313888764,0.03834484116108743,0.513595166163142
16,100,B0-as-prior MAP,0.57,0.4879160558432155,0.807049299690233,0.5448066284176953,0.0753084809941851,0.057469690381555666,0.486404833836858
16,100,expert MAP (full table),0.5672,0.48174055647559355,0.8063953175248305,0.5357206524473423,0.04027760164259854,0.030440098517579353,0.49697885196374625
16,100,expert cMAP (full table),0.5676,0.4838726850034833,0.8072149727856647,0.5348700863908207,0.03627922871654605,0.03081758883424538,0.49697885196374625
16,100,logistic regression,0.4604,0.4057206605539632,0.7148643774917899,0.6317864743875858,0.1092805335041911,0.06454923724608552,0.6140483383685801
16,200,Proposed,0.5728,0.47777319650820604,0.8161648049229071,0.5244060190466888,0.014628375895971301,0.02766812311603684,0.4818731117824773
16,200,uninformative MAP,0.562,0.46749330637146586,0.8108710024400962,0.5424521870427973,0.0630198808120962,0.06017417938894289,0.4697885196374622
16,200,Laplace,0.572,0.4765112710655885,0.8093214022288326,0.556034102351646,0.106064131582321,0.0807033070999796,0.47658610271903323
16,200,B1-MLE,0.5588,0.4726858805896014,0.8102566529983344,0.5333048438894659,0.026796257325894822,0.03080312699461693,0.472809667673716
16,200,B0-as-prior MAP,0.5652,0.4733537448412003,0.8145978992823129,0.5323646160919916,0.034914919820995954,0.043029531570761975,0.4735649546827795
16,200,expert MAP (full table),0.566,0.48372524102657233,0.8142317839156181,0.5267476541925115,0.025044531140824527,0.02827144260301932,0.4818731117824773
16,200,expert cMAP (full table),0.568,0.4832424274686883,0.8145164481205953,0.5262975016374323,0.020643016851143794,0.0282028425239554,0.48036253776435045
16,200,logistic regression,0.5468,0.48566054835223216,0.7712796369571218,0.573262467631599,0.06882110135203479,0.0413558202341422,0.48489425981873113
16,400,Proposed,0.5804,0.48805926994982485,0.8151743598340582,0.5242688581636271,0.029249839878197337,0.021741759221297757,0.47205438066465255
16,400,uninformative MAP,0.5772,0.4663901661679242,0.8123120952709504,0.5288553574549177,0.033414429267687874,0.03483487739994567,0.4780966767371601
16,400,Laplace,0.578,0.46980332954162923,0.8105261810212523,0.5339576718007087,0.051230955524067485,0.04520949425377579,0.472809667673716
16,400,B1-MLE,0.5748,0.46889426866009637,0.8134111832110889,0.5275089864822037,0.026903477987445794,0.026369544645313346,0.4780966767371601
16,400,B0-as-prior MAP,0.5756,0.4644718679111608,0.8143415737898718,0.525619433878134,0.021124887417004183,0.026544425736980244,0.4773413897280967
16,400,expert MAP (full table),0.58,0.47834712753095965,0.8153402319332232,0.5243273119994495,0.024979388094195306,0.02196417461379528,0.4743202416918429
16,400,expert cMAP (full table),0.58,0.47834712753095965,0.8154588848068629,0.5241995253834358,0.02600663480721527,0.02218888355600774,0.4773413897280967
16,400,logistic regression,0.5572,0.4783153358011018,0.7843093725416403,0.5584133354771671,0.03802418474455391,0.029799075664601726,0.5241691842900302
17,10,Proposed,0.5512,0.4486808278084866,0.7930585788921922,0.5688196004982832,0.08547192167964322,0.051192909879426964,0.5405204460966543
17,10,uninformative MAP,0.43,0.31016945533419854,0.6873573405371651,0.7207314012989556,0.1359735328202567,0.15110176801349226,0.7323420074349443
17,10,Laplace,0.4268,0.2936244782469499,0.6870533679336334,0.7302408351996693,0.15495918311844042,0.15790427379142374,0.7420074349442379
17,10,B1-MLE,0.4396,0.3808356878705268,0.6903273157766061,0.7038105005951087,0.10179780751233529,0.14568685842591525,0.8052044609665427
17,10,B0-as-prior MAP,0.5548,0.4195828129117366,0.783174267319156,0.6134121834869543,0.17158031024659204,0.10777726015408427,0.533085501858736
17,10,expert MAP (full table),0.556,0.44327223241860847,0.7928331387051143,0.5736219495242793,0.09847893234690525,0.062274167666071474,0.5434944237918216
17,10,expert cMAP (full table),0.556,0.44327223241860847,0.7928312587473348,0.5736230273250978,0.09847733892617049,0.062274155382187675,0.5434944237918216
17,10,logistic regression,0.3536,0.23976338208945214,0.6073752556394046,0.8138994924904324,0.23321921559481534,0.16898772110600072,0.862453531598513
17,50,Proposed,0.586,0.49305091452660926,0.8175769696937416,0.5270840104109228,0.027222364875138152,0.02940987762993731,0.45427509293680296
17,50,uninformative MAP,0.4988,0.43145163605562065,0.7248076193137327,0.6253244272456463,0.08669545014313937,0.096843706354334,0.5442379182156134
17,50,Laplace,0.4708,0.3813337589470633,0.7208613970333875,0.6491727947094759,0.11032354588696866,0.11628010836909318,0.545724907063197
17,50,B1-MLE,0.508,0.4522403619917482,0.7268390486098868,0.6590001471692661,0.16062349993980543,0.10926819628674347,0.5100371747211896
17,50,B0-as-prior MAP,0.5384,0.4810577622904151,0.7834308765304329,0.574630497277464,0.07618102692833785,0.06183129301333894,0.475092936802974
17,50,expert MAP (full table),0.554,0.4975349005899374,0.8008685054801007,0.5469361453916761,0.042782259253526744,0.03762359246318097,0.4855018587360595
17,50,expert cMAP (full table),0.554,0.4975349005899374,0.8008659382532229,0.5469359147865864,0.04278270656251168,0.03762387319709638,0.4855018587360595
17,50,logistic regression,0.4356,0.34922808925752746,0.6745693811920663,0.7598027262736181,0.23998247965487418,0.13443499512438503,0.7256505576208179
17,80,Proposed,0.5868,0.5128011694493435,0.8215407343687485,0.5227329967592215,0.03604097223886356,0.03285689359252479,0.46691449814126396
17,80,uninformative MAP,0.5284,0.4785460767998262,0.7706842700891503,0.5898852881186284,0.08515043241543879,0.07712423335727611,0.5442379182156134
17,80,Laplace,0.526,0.47563539075775263,0.7644139030761713,0.6121921890549056,0.1236139138632313,0.10012582529085118,0.5434944237918216
17,80,B1-MLE,0.536,0.4832258923205468,0.7771724657873114,0.6102839310983552,0.10216760603125062,0.07142527742744327,0.5449814126394052
17,80,B0-as-prior MAP,0.55,0.49233497502355494,0.7962698789889601,0.5579732400114165,0.05676539014513944,0.056994982924872185,0.483271375464684
17,80,expert MAP (full table),0.5688,0.49504300296620546,0.8064687398922143,0.5405971928529023,0.04070674442362118,0.036145444990067124,0.49814126394052044
17,80,expert cMAP (full table),0.5688,0.49504300296620546,0.8064643963658403,0.5405980436988295,0.0407100728656382,0.036146812484233314,0.49739776951672865
17,80,logistic regression,0.4712,0.4284500644186215,0.7053981065351679,0.682070146709912,0.14315716222490338,0.09291385168069766,0.6869888475836431
17,100,Proposed,0.578,0.5083001330858944,0.8252473652069887,0.5220476565202968,0.020200823582454237,0.0368038145900141,0.4356877323420074
17,100,uninformative MAP,0.5296,0.493505227359308,0.783972676372559,0.5831541567205538,0.07112406532547659,0.08094377260123092,0.5174721189591078
17,100,Laplace,0.5272,0.48028210302303737,0.7813721687117277,0.6014957050342147,0.10754812817602019,0.099020470977526,0.5085501858736059
17,100,B1-MLE,0.5392,0.4969123985413768,0.7859309285736649,0.6051230826041578,0.0827477597360878,0.07816645835050921,0.5130111524163569
17,100,B0-as-prior MAP,0.5456,0.502525427460922,0.8012662550459292,0.5563768802862932,0.042809650283176785,0.05830921786077871,0.47360594795539035
17,100,expert MAP (full table),0.57,0.5122431420688232,0.8106975663382097,0.5397069116848069,0.014354227017678295,0.03860013058106033,0.48029739776951674
17,100,expert cMAP (full table),0.57,0.5122431420688232,0.810699030169534,0.5397042595695155,0.014352392329378991,0.038598309020693916,0.48029739776951674
17,100,logistic regression,0.47,0.42104242650304313,0.7141814366595283,0.6744029823591694,0.1426986850331696,0.09213056012975814,0.5992565055762081
17,200,Proposed,0.5864,0.4933785420525614,0.825939790952,0.5217009780680659,0.024062473321450305,0.0371415994283977,0.4401486988847584
17,200,uninformative MAP,0.5592,0.4736950742913928,0.8017618974714397,0.5502851604229816,0.0444750846053436,0.057973951249522634,0.49144981412639405
17,200,Laplace,0.5616,0.46896315102731967,0.7975939081156354,0.5628063392760528,0.07937150728563128,0.07240961251459167,0.5070631970260223
17,200,B1-MLE,0.5588,0.48953276867112394,0.8075957291486423,0.5454045740296268,0.054546869221123125,0.04379429484232729,0.48252788104089217
17,200,B0-as-prior MAP,0.5648,0.48430727409458796,0.8113796964238722,0.5381854929678273,0.023464680835017727,0.047337477781119415,0.45724907063197023
17,200,expert MAP (full table),0.568,0.4899092174250849,0.816081628905166,0.5324220514483815,0.029640868939393508,0.03583084407979105,0.46765799256505575
17,200,expert cMAP (full table),0.568,0.4899092174250849,0.8160751906603962,0.5324215495644544,0.02964089073809467,0.03583030536814761,0.46765799256505575
17,200,logistic regression,0.528,0.4295357350857858,0.7615215484404936,0.5979496407484892,0.08148076933561214,0.05095382383136982,0.5412639405204461
17,400,Proposed,0.5956,0.4879858397208556,0.8284013826504545,0.5122087187534679,0.03162322840350246,0.02530133561602021,0.43866171003717475
17,400,uninformative MAP,0.58,0.49829616568379503,0.8176006053167142,0.527384017910077,0.059463756145514794,0.043840510979529235,0.44312267657992566
17,400,Laplace,0.5816,0.49674631643167133,0.8146675190046104,0.5344726631528679,0.08212860919353421,0.053096476567096255,0.44535315985130114
17,400,B1-MLE,0.5752,0.49468989477316255,0.8205316710317795,0.5213433464362727,0.052252454492842965,0.03204319605531964,0.4349442379182156
17,400,B0-as-prior MAP,0.5836,0.5009228954366332,0.8220241845041852,0.5221489425850404,0.04488454576541398,0.03499530732177643,0.4312267657992565
17,400,expert MAP (full table),0.5844,0.49970586997582983,0.8224059408529988,0.5190855704175326,0.031596323118300886,0.02777052772650858,0.441635687732342
17,400,expert cMAP (full table),0.5844,0.49970586997582983,0.8224067411868525,0.5190854697286393,0.03159556185927521,0.027769811381249225,0.441635687732342
17,400,logistic regression,0.5604,0.47487696942501323,0.7963221781722059,0.5554823245285917,0.039946125951012955,0.03418019781292061,0.5085501858736059
18,10,Proposed,0.584,0.5065285802144327,0.8165305004148328,0.5262485295712366,0.0359406619081619,0.03097700524065422,0.48810437452033767
18,10,uninformative MAP,0.4984,0.4487814410544129,0.7199570655172253,0.7129567256273718,0.21203203086839306,0.15715056988347742,0.8902532617037605
18,10,Laplace,0.5104,0.4520978028923428,0.7217483034248104,0.7285458817323486,0.2409880063128914,0.15371914117260826,0.8871834228702993
18,10,B1-MLE,0.4636,0.4279386624579689,0.699656495439987,0.6911935053569732,0.08130152382863506,0.13002760076075467,0.8526477359938603
18,10,B0-as-prior MAP,0.5612,0.4010722850189336,0.7975654257572694,0.6094689705193046,0.18114924056085446,0.10941551984352939,0.5180353031465849
18,10,expert MAP (full table),0.57,0.5080587539139129,0.8136649018419484,0.5306087052687717,0.03613544898327962,0.03380032122560702,0.48503453568687643
18,10,expert cMAP (full table),0.57,0.5080587539139129,0.8136645928062798,0.530606718121298,0.03613243855297905,0.03379888081972083,0.48503453568687643
18,10,logistic regression,0.4232,0.3185482714120734,0.6421486155926828,0.6964040799842017,0.09809390954270886,0.10932612263536808,0.7590176515732924
18,50,Proposed,0.5744,0.49885424608533874,0.8153646267569479,0.526250075797303,0.047777956694723026,0.03389111419414319,0.5157329240214888
18,50,uninformative MAP,0.5484,0.48181743001764055,0.7826833300722073,0.6009037615818513,0.1327943375598287,0.10375922217796152,0.6500383729854182
18,50,Laplace,0.544,0.47308399339684526,0.7804058631458775,0.6312673428118555,0.17327456808813518,0.12274547749686646,0.6807367613200307
18,50,B1-MLE,0.5424,0.4884792617344886,0.7867833343139669,0.582287815866092,0.0941532488378216,0.0758606276818282,0.5610130468150422
18,50,B0-as-prior MAP,0.5588,0.4866768715336184,0.8085700982031303,0.5494189567699153,0.08684866013465968,0.06646115738513123,0.5080583269378358
18,50,expert MAP (full table),0.558,0.4973807680827592,0.8131903957268132,0.5328851470211795,0.04770743765397946,0.03689371716441445,0.5126630851880276
18,50,expert cMAP (full table),0.558,0.4973807680827592,0.8131898843473291,0.5328860429086354,0.04770738139323533,0.03689478572142229,0.5126630851880276
18,50,logistic regression,0.4868,0.38116329053604525,0.6990260761674686,0.6591543169773371,0.1297876597298329,0.08414055532963698,0.6776669224865695
18,80,Proposed,0.5472,0.49218795958533434,0.812016957783718,0.532300057624578,0.04030808574268875,0.03947282797058545,0.5065234075211051
18,80,uninformative MAP,0.5532,0.46637468132174154,0.7918855028948224,0.5792235680226837,0.09426531299749384,0.09066303723722209,0.5541059094397545
18,80,Laplace,0.554,0.46542005266031805,0.7892910466005723,0.6048139832491366,0.14338062278161795,0.11441808637952337,0.5832693783576363
18,80,B1-MLE,0.5428,0.47099051427138816,0.7968526458264027,0.5669532480812035,0.08720974085900988,0.0644157934939263,0.5487336914811972
18,80,B0-as-prior MAP,0.5644,0.4775714390904884,0.8068269007398163,0.5465806064743731,0.061414730232204895,0.059032511848776115,0.5180353031465849
18,80,expert MAP (full table),0.5596,0.48988480715002175,0.8103466509294898,0.5352881997018829,0.0431848974476979,0.04102802037263838,0.5141980046047583
18,80,expert cMAP (full table),0.5596,0.48988480715002175,0.8103480869463988,0.5352903398563835,0.04318674613996718,0.04102946916582618,0.5141980046047583
18,80,logistic regression,0.4788,0.43167399006681895,0.7360751044538295,0.6316351673693533,0.09958415067919306,0.08013746177457778,0.5993860322333078
18,100,Proposed,0.5592,0.5106478359496931,0.8126938423108618,0.5289401201134795,0.0331650978337875,0.0350880125513344,0.5141980046047583
18,100,uninformative MAP,0.5552,0.4772997976787038,0.7986299430378972,0.5625880514371212,0.09244436776003417,0.08357680277759677,0.5356868764389869
18,100,Laplace,0.5544,0.46994988503680235,0.7957839597032759,0.587727466419156,0.1339401391105702,0.10813648452588988,0.5587106676899463
18,100,B1-MLE,0.5568,0.4981350395332675,0.8025466627756953,0.5432712780202817,0.0515332588388501,0.0515600930985064,0.5049884881043745
18,100,B0-as-prior MAP,0.5744,0.4876626034514648,0.8106187196303895,0.5371957925211768,0.06567190693364763,0.05527846045243594,0.4904067536454336
18,100,expert MAP (full table),0.5672,0.5082363328379591,0.8118429967533607,0.5276114823879646,0.03492619693875998,0.03461548181893395,0.5118956254796623
18,100,expert cMAP (full table),0.5672,0.5082363328379591,0.8118514756514483,0.5276062074992819,0.03492527937051024,0.03461184002428237,0.5118956254796623
18,100,logistic regression,0.5044,0.42769150830168945,0.7391590184358608,0.6232864651383656,0.09959223751832168,0.07619307618326068,0.56792018419033
18,200,Proposed,0.5804,0.5148623131949311,0.8188393589718759,0.5188367552011875,0.022688299453205638,0.026271427300318336,0.4927091327705295
18,200,uninformative MAP,0.57,0.4820109337991184,0.8107706027352297,0.5337726037720398,0.056804030946800935,0.05642388327133688,0.4911742133537989
18,200,Laplace,0.562,0.46893943464859655,0.807346792129217,0.5474790480519185,0.0851212985047411,0.07657491002449009,0.4950115118956255
18,200,B1-MLE,0.574,0.5010076841504066,0.8133278852576692,0.527543318742787,0.039266018816367806,0.0356985620105982,0.5049884881043745
18,200,B0-as-prior MAP,0.5772,0.49691035883415896,0.8160639296685723,0.5242607058477848,0.03434923859195742,0.03958216636428915,0.4873369148119724
18,200,expert MAP (full table),0.5764,0.5074736104775859,0.8159760464832643,0.5230281911322144,0.026796391340095867,0.03132078347873316,0.49731389102072143
18,200,expert cMAP (full table),0.5764,0.5074736104775859,0.8159773909842156,0.5230286607364553,0.026796268091034223,0.03132078054481341,0.49731389102072143
18,200,logistic regression,0.5144,0.4360010754100662,0.7538492473933344,0.6041324491369161,0.0959722814834394,0.06050909707507044,0.5709900230237912
18,400,Proposed,0.59,0.49509988028630586,0.8229489182290938,0.5129372408544872,0.011028071618618993,0.01945533932572152,0.48580199539524177
18,400,uninformative MAP,0.5916,0.4873663797805986,0.8207127557281837,0.5169926471364414,0.03935923479468777,0.03359605140810514,0.4904067536454336
18,400,Laplace,0.5944,0.48289095407334065,0.8187470794163473,0.5226594029666376,0.06728203670079116,0.04495253772503998,0.488871834228703
18,400,B1-MLE,0.5928,0.49270469002476985,0.8212062021067922,0.5158154561679092,0.03060798159237023,0.02366530143385675,0.48810437452033767
18,400,B0-as-prior MAP,0.5956,0.48898349104833283,0.8226615785850064,0.5141179123242396,0.026873430431281393,0.02463789194396549,0.4896392939370683
18,400,expert MAP (full table),0.5944,0.4926472709035353,0.8218676426919632,0.514565362518553,0.03410145267779246,0.022309468811141184,0.4904067536454336
18,400,expert cMAP (full table),0.5944,0.4926472709035353,0.8218682970244622,0.51456498326133,0.034101462355663144,0.022309886762353154,0.4904067536454336
18,400,logistic regression,0.546,0.47110151273093315,0.7754596669085451,0.5691002247147287,0.05322240503981991,0.032176001288693155,0.5364543361473523
19,10,Proposed,0.5384,0.43228928100623293,0.7974912683756046,0.5924017988305924,0.05544500287550207,0.0800878192452637,0.49924471299093653
19,10,uninformative MAP,0.4952,0.3607707193775139,0.6502647968010745,0.6976912839336397,0.193807720915976,0.12911242704500703,0.8542296072507553
19,10,Laplace,0.4412,0.27168527468941767,0.6494159422485821,0.7187308621451066,0.16311311898164457,0.1352181578622454,0.845166163141994
19,10,B1-MLE,0.5056,0.4539536235183942,0.6671273005061653,0.6899732794104088,0.14878298778507798,0.11583794788713919,0.904833836858006
19,10,B0-as-prior MAP,0.536,0.3496234970320939,0.7845419614001455,0.6196770936115124,0.14684191472126318,0.09306394359764472,0.5196374622356495
19,10,expert MAP (full table),0.5424,0.43657790141213276,0.797183686482659,0.5924249403856513,0.041823086508390096,0.07514490006746638,0.49773413897280966
19,10,expert cMAP (full table),0.5424,0.43657790141213276,0.7971794723758759,0.5924247674253921,0.041824703042234616,0.07514460856963497,0.49773413897280966
19,10,logistic regression,0.4084,0.24032618093834326,0.5849432268742472,0.7307049456679788,0.18211780117229914,0.10116212649803516,0.7462235649546828
19,50,Proposed,0.5604,0.48424276959069124,0.8025973166995964,0.5589559738838726,0.038194633418844506,0.05729804174796109,0.4962235649546828
19,50,uninformative MAP,0.5224,0.4829196344867628,0.7787478318394898,0.6253672707133564,0.1458565583577341,0.11236271375500553,0.49773413897280966
19,50,Laplace,0.5232,0.4842313378482525,0.7753689985158104,0.6554454369450774,0.18608659447393458,0.13093164656233677,0.5090634441087614
19,50,B1-MLE,0.538,0.4608624311683852,0.7664163133327264,0.5792757639347068,0.06183952156635404,0.06427795008376933,0.5158610271903323
19,50,B0-as-prior MAP,0.542,0.48058545828066423,0.7983588456129735,0.5804179903414413,0.09871542125076713,0.08036733438934734,0.47205438066465255
19,50,expert MAP (full table),0.5496,0.46950264688779164,0.7828370188938621,0.5684753183124042,0.031185279496023073,0.06011040023111104,0.5060422960725075
19,50,expert cMAP (full table),0.5492,0.4701293685342246,0.7917174389499546,0.565825248613212,0.028801845044366392,0.05596457928026528,0.5060422960725075
19,50,logistic regression,0.422,0.37924785895107627,0.7030012023042069,0.693565347795291,0.14604464946044668,0.1054969152152583,0.6117824773413897
19,80,Proposed,0.5632,0.47430395233246614,0.8094808270156503,0.548816800870505,0.02641870695290734,0.05497045225934916,0.46676737160120846
19,80,uninformative MAP,0.5476,0.4551082823813728,0.7886847303644531,0.5859993646578437,0.10502182642214673,0.08764202555543707,0.48413897280966767
19,80,Laplace,0.5492,0.45478470159709605,0.7900692801969884,0.6127051251373147,0.15668957212043336,0.11452588584734662,0.4947129909365559
19,80,B1-MLE,0.5528,0.4589365251660933,0.7705630994645482,0.5651799118061881,0.05393937146768235,0.05106609726515021,0.48564954682779454
19,80,B0-as-prior MAP,0.5596,0.4539102497369699,0.801813793244616,0.5604308434232739,0.060461959230873684,0.060174920878559565,0.4501510574018127
19,80,expert MAP (full table),0.5572,0.4630298713922997,0.7832572878420524,0.5634769416701049,0.04249338884531205,0.059759576103562556,0.4826283987915408
19,80,expert cMAP (full table),0.5576,0.465213648347897,0.7967042242724723,0.5593954737752174,0.03927527408003574,0.05603248899614963,0.4826283987915408
19,80,logistic regression,0.4716,0.3701581045846074,0.7245761081121607,0.6468465367979761,0.11476685364652396,0.07210332965513916,0.5845921450151057
19,100,Proposed,0.5664,0.47252767408230734,0.809264970680436,0.5398029913804823,0.0205085725159855,0.04066252191599789,0.46676737160120846
19,100,uninformative MAP,0.5608,0.4609107084812418,0.7912389206450425,0.5717076892781434,0.10564364053732697,0.07818900901843687,0.4486404833836858
19,100,Laplace,0.566,0.4635426988458782,0.7924803521702759,0.5958588852767958,0.15693669298500723,0.10521239975676935,0.4607250755287009
19,100,B1-MLE,0.5636,0.46873705205706157,0.7744734903419136,0.5553121172908081,0.06772681155322288,0.04421366790556608,0.4569486404833837
19,100,B0-as-prior MAP,0.57,0.4628244266044812,0.8037840301118432,0.5501162131194,0.06090966736439951,0.05089154671432278,0.4569486404833837
19,100,expert MAP (full table),0.566,0.46913428749437974,0.7834600321185564,0.5535716752376411,0.05181209188402118,0.05160275700783673,0.4690332326283988
19,100,expert cMAP (full table),0.5672,0.47316210658334407,0.7964175272724163,0.5502447760606708,0.05224321935743289,0.05126450481352142,0.4690332326283988
19,100,logistic regression,0.486,0.38250656797367333,0.7223948595062968,0.6397453839412637,0.11344818916006502,0.07197033038786825,0.6261329305135952
19,200,Proposed,0.5816,0.481618400359401,0.818929837948258,0.5246887541016253,0.017739772411734838,0.025447781692460827,0.46148036253776437
19,200,uninformative MAP,0.5692,0.47266088096128,0.8105614698402396,0.5441720135690707,0.06433184941124198,0.05250204428717908,0.46676737160120846
19,200,Laplace,0.5728,0.4703883169473728,0.808894819504643,0.5568900898325175,0.10335923635913022,0.07223157819459851,0.4743202416918429
19,200,B1-MLE,0.572,0.4870687363586639,0.8107630245591295,0.535453337537129,0.02974152541616529,0.031122754610353576,0.45845921450151056
19,200,B0-as-prior MAP,0.5756,0.47798991054422724,0.8139508009804128,0.5351263224623739,0.040295452513512506,0.03956989242824086,0.4645015105740181
19,200,expert MAP (full table),0.5792,0.4716349110874005,0.8149838328838315,0.530603863840737,0.02760330290415734,0.02794034588689891,0.472809667673716
19,200,expert cMAP (full table),0.5792,0.4716349110874005,0.8149833982300974,0.5306061874062805,0.027606389750982598,0.027942371790811927,0.472809667673716
19,200,logistic regression,0.5276,0.4028422842603623,0.7638160271617995,0.5883809254888014,0.06427832066409737,0.041317159368560945,0.554380664652568
19,400,Proposed,0.576,0.4784651012337469,0.8211490232928712,0.5222628127020399,0.013758914871468533,0.023169521927667483,0.4516616314199396
19,400,uninformative MAP,0.572,0.46917075416319676,0.8130837542726744,0.5332608264551153,0.03542105874660517,0.03748166660888599,0.45392749244712993
19,400,Laplace,0.5708,0.4694354968148437,0.8107612532424084,0.5384909897784704,0.05771034077258493,0.048816173005091196,0.45392749244712993
19,400,B1-MLE,0.5732,0.4781742811607368,0.8149206040750264,0.5304024595546889,0.026209294909499692,0.028473861856096686,0.45317220543806647
19,400,B0-as-prior MAP,0.5736,0.47163099966433897,0.8162227960837507,0.5295498801831194,0.028470084521029414,0.030876884445111302,0.45468277945619334
19,400,expert MAP (full table),0.5808,0.48243403149504915,0.8183510582465235,0.5259085825776718,0.02983383176531089,0.0231146561602287,0.45317220543806647
19,400,expert cMAP (full table),0.5808,0.48243403149504915,0.8183476346251243,0.5259092866623961,0.029834135772315872,0.02315119872889188,0.45317220543806647
19,400,logistic regression,0.532,0.44250335712668054,0.7780904506799742,0.5755683863142714,0.04852104973529723,0.03677802178243071,0.5332326283987915
