seed,N,lam,ess,method,T_viol,acc,macroF1,macroAUC,brier,ece,cwece,far@pd0.9
0,10,,,MLE,0.1717171717171717,0.3692,0.17132790141420817,0.5308671350387448,0.7515894953603108,0.11466651259851236,0.14986009409024897,0.9191842900302115
0,10,0.0,8.0,MAP,0.010101010101010102,0.554,0.4917866546443151,0.7964499078310324,0.5570462197302597,0.06860698885416434,0.04752298863362163,0.5128398791540786
0,10,0.0,8.0,cMAP,0.0,0.5544,0.4921973335852115,0.7984361797126244,0.5565766760470118,0.06902675310169844,0.04728144268760252,0.513595166163142
0,10,0.0,50.0,MAP,0.0,0.5484,0.49684181036188557,0.7950018192386142,0.5668800678735374,0.09956030430270187,0.05711779697609792,0.520392749244713
0,10,0.0,50.0,cMAP,0.0,0.5484,0.49684181036188557,0.795015865722891,0.5668779965575094,0.09955819135440241,0.05711637730832149,0.520392749244713
0,10,0.25,8.0,MAP,0.020202020202020204,0.5136,0.2623931623931624,0.6791171439210922,0.6636445791567036,0.1645957408701922,0.11795098483650944,0.5415407854984894
0,10,0.25,8.0,cMAP,0.0,0.512,0.2605163013464802,0.7601869078924406,0.6609160481759931,0.1684360194574587,0.11908334812884086,0.5317220543806647
0,10,0.25,50.0,MAP,0.020202020202020204,0.5028,0.25223946510183426,0.7323730030135108,0.6919586991942046,0.2154053175153227,0.1381754387736281,0.4916918429003021
0,10,0.25,50.0,cMAP,0.0,0.5024,0.2518999555034916,0.7635524132850842,0.6921446916441357,0.2164928845201849,0.13828799999551306,0.48942598187311176
0,10,0.5,8.0,MAP,0.2222222222222222,0.4228,0.14858026426764126,0.47559188726119667,0.8893966109875852,0.40038847022695007,0.20019423511347503,0.9425981873111783
0,10,0.5,8.0,cMAP,0.0,0.4228,0.14858026426764126,0.6636485184255108,0.9177340592760491,0.4259504239058162,0.2129752119529081,0.7416918429003021
0,10,0.5,50.0,MAP,0.16161616161616163,0.4228,0.14858026426764126,0.4861157385310429,0.9693165992252023,0.4630374579332374,0.23151872896661874,0.9463746223564955
0,10,0.5,50.0,cMAP,0.0,0.4228,0.14858026426764126,0.6659876417428121,0.977119309273802,0.4686460235933995,0.23432301179669973,0.7537764350453172
0,10,0.75,8.0,MAP,0.8484848484848485,0.4288,0.17881581392039278,0.5977647930859902,0.7986625341720888,0.28658866505673836,0.17105128988536566,0.6925981873111783
0,10,0.75,8.0,cMAP,0.0,0.4228,0.14858026426764126,0.5511398214710145,0.7458728137247528,0.23888848445550676,0.1194442422277534,0.6185800604229608
0,10,0.75,50.0,MAP,0.8787878787878788,0.4332,0.20647013990963037,0.6154241242263723,0.8624469032281853,0.34362395895928716,0.1985082829130022,0.5913897280966768
0,10,0.75,50.0,cMAP,0.0,0.4228,0.14858026426764126,0.545724274387555,0.7654026535383875,0.26379363224688485,0.13189681612344242,0.9652567975830816
0,10,1.0,8.0,MAP,0.8383838383838383,0.322,0.2329164800688709,0.6406968766969993,0.8271684369393432,0.28283249083205164,0.1974947588083604,0.7107250755287009
0,10,1.0,8.0,cMAP,0.0,0.4228,0.14858026426764126,0.6284800534469441,0.6786133082082372,0.024414142569760565,0.06631447167033887,0.6586102719033232
0,10,1.0,50.0,MAP,0.8484848484848485,0.3188,0.23672643460536794,0.6808384330992039,0.8945686042404551,0.3623444295708567,0.22244134971809323,0.6790030211480362
0,10,1.0,50.0,cMAP,0.0,0.4228,0.14858026426764126,0.5633934147655657,0.6871153372853837,0.020994668469376476,0.074037237255532,0.6570996978851964
0,50,,,MLE,0.15151515151515152,0.5592,0.4139068464992926,0.7751488055260718,0.5751267954748173,0.0638244873538768,0.060083190137617246,0.5422960725075529
0,50,0.0,8.0,MAP,0.010101010101010102,0.5828,0.5098620334627827,0.8066573840926505,0.5414344461464421,0.04218509964509345,0.03406768974057795,0.4901812688821752
0,50,0.0,8.0,cMAP,0.0,0.5828,0.5098715466915299,0.8069754867244521,0.5413242386461506,0.040978389093863664,0.0339570163698706,0.4901812688821752
0,50,0.0,50.0,MAP,0.0,0.5532,0.5010575494128815,0.7987774845044955,0.558962406682412,0.08707404945438992,0.05190958550972878,0.5181268882175226
0,50,0.0,50.0,cMAP,0.0,0.5532,0.5010575494128815,0.7987890451011447,0.5589588897976149,0.08706784343550115,0.05190703370774662,0.5181268882175226
0,50,0.25,8.0,MAP,0.020202020202020204,0.5316,0.279538064531611,0.7719786590606548,0.6192798901952884,0.12003689438857701,0.09572833079257145,0.47583081570996977
0,50,0.25,8.0,cMAP,0.0,0.5344,0.2815959930224206,0.78423636770496,0.6178028424364671,0.12275104574174808,0.0965291385001307,0.47583081570996977
0,50,0.25,50.0,MAP,0.020202020202020204,0.5036,0.2531577221583888,0.7596665125268479,0.6771831085541071,0.2033132059944664,0.13143743638285824,0.4811178247734139
0,50,0.25,50.0,cMAP,0.0,0.5044,0.2535056317911446,0.7694327410218471,0.6773346485960645,0.20295266096520115,0.13208804055045234,0.48036253776435045
0,50,0.5,8.0,MAP,0.35353535353535354,0.4228,0.14858026426764126,0.7488081156245704,0.7908144262910549,0.33527053316439126,0.16970544089473807,0.5302114803625377
0,50,0.5,8.0,cMAP,0.0,0.4228,0.14858026426764126,0.7779371467820744,0.8038426518536127,0.3490217444395791,0.17586554038209476,0.5294561933534743
0,50,0.5,50.0,MAP,0.29292929292929293,0.4228,0.14858026426764126,0.733479105898353,0.9430350612357342,0.44591554243256615,0.22295777121628307,0.5694864048338368
0,50,0.5,50.0,cMAP,0.0,0.4228,0.14858026426764126,0.7642024839894269,0.9510326161413278,0.4514472833053021,0.22572364165265105,0.5309667673716012
0,50,0.75,8.0,MAP,0.7575757575757576,0.4228,0.14858026426764126,0.6922273653645105,0.7363273461025629,0.2412118786665061,0.12793817177396602,0.7348942598187311
0,50,0.75,8.0,cMAP,0.0,0.4228,0.14858026426764126,0.7086004129456344,0.7053588026440232,0.19191602905478952,0.10474743175888612,0.5755287009063444
0,50,0.75,50.0,MAP,0.797979797979798,0.4228,0.14858026426764126,0.5794624611729632,0.8417264187602391,0.3336852303116486,0.1908468194817901,0.7039274924471299
0,50,0.75,50.0,cMAP,0.0,0.4228,0.14858026426764126,0.5653197653048558,0.7607466329922915,0.2569695750695746,0.1335730738890758,0.9841389728096677
0,50,1.0,8.0,MAP,0.7474747474747475,0.374,0.1596352054812852,0.6054019181688846,0.7040913398798613,0.11566649118214561,0.10819342670746215,0.8587613293051359
0,50,1.0,8.0,cMAP,0.0,0.4228,0.14858026426764126,0.7135258807819791,0.6620743182226457,0.030015735418130223,0.07582481912299552,0.6027190332326284
0,50,1.0,50.0,MAP,0.797979797979798,0.32,0.23132419250215516,0.6440616828448342,0.8274096914462942,0.2966234849649467,0.19456899012711923,0.7688821752265861
0,50,1.0,50.0,cMAP,0.0,0.4228,0.14858026426764126,0.6028190475858808,0.6872447202156446,0.023688357335817256,0.06969897613441704,0.6080060422960725
0,200,,,MLE,0.04040404040404041,0.5716,0.4363398654117442,0.8084488572178516,0.537313649433124,0.04288151028762666,0.03366098962631864,0.49244712990936557
0,200,0.0,8.0,MAP,0.0,0.5768,0.4746789529071413,0.8136044353060802,0.530655433472074,0.03258706289853548,0.025728005697855355,0.4879154078549849
0,200,0.0,8.0,cMAP,0.0,0.5768,0.4746789529071413,0.8136205428940195,0.5306557313969078,0.03258719084958584,0.02572966224753778,0.4879154078549849
0,200,0.0,50.0,MAP,0.0,0.5732,0.4823989230223363,0.8061694359556781,0.5451052988343476,0.05900219849799505,0.038466153571973256,0.5090634441087614
0,200,0.0,50.0,cMAP,0.0,0.5732,0.4823989230223363,0.8061843379602645,0.5451049526302173,0.05900395517187472,0.038466389199767755,0.5090634441087614
0,200,0.25,8.0,MAP,0.0,0.5468,0.2944372913414537,0.8070670146202114,0.5662818362617229,0.08346179386087747,0.06827706298462966,0.48564954682779454
0,200,0.25,8.0,cMAP,0.0,0.5468,0.2944372913414537,0.8070699618180232,0.5662770262904121,0.08346133476670202,0.06827338191530784,0.48564954682779454
0,200,0.25,50.0,MAP,0.020202020202020204,0.5128,0.26150845659364663,0.7908017928989137,0.6441870372554558,0.17430260738498465,0.1173945757547525,0.5022658610271903
0,200,0.25,50.0,cMAP,0.0,0.514,0.2620432939842938,0.7938730810227339,0.6437511547949887,0.17291085119335994,0.11751535750242087,0.5022658610271903
0,200,0.5,8.0,MAP,0.31313131313131315,0.4228,0.14858026426764126,0.8022965612033968,0.6482794362637151,0.22863928481271698,0.11517395904513542,0.513595166163142
0,200,0.5,8.0,cMAP,0.0,0.4228,0.14858026426764126,0.8058409010338174,0.6485635456638673,0.23262920007339513,0.11671925043784837,0.5120845921450151
0,200,0.5,50.0,MAP,0.3434343434343434,0.4228,0.14858026426764126,0.7850072529861778,0.8750631688546222,0.40393860307535356,0.20196930153767678,0.5672205438066465
0,200,0.5,50.0,cMAP,0.0,0.4228,0.14858026426764126,0.7915117542442197,0.8819619288827051,0.40894135636452167,0.20447067818226083,0.5332326283987915
0,200,0.75,8.0,MAP,0.6060606060606061,0.4228,0.14858026426764126,0.7617214891037657,0.6437246389596175,0.16813530752045647,0.09226378624020282,0.6646525679758308
0,200,0.75,8.0,cMAP,0.0,0.4228,0.14858026426764126,0.800767650489308,0.6143898830682205,0.1344849057063527,0.09273553479417132,0.5385196374622356
0,200,0.75,50.0,MAP,0.7373737373737373,0.4228,0.14858026426764126,0.589438780546143,0.8034471333360227,0.3050491517281194,0.16899558801371561,0.8851963746223565
0,200,0.75,50.0,cMAP,0.0,0.4228,0.14858026426764126,0.6285416157439936,0.7361622626954062,0.23209631916502443,0.1160481595825122,0.6034743202416919
0,200,1.0,8.0,MAP,0.6363636363636364,0.4748,0.21779714011861745,0.6789404389428677,0.6296784642588619,0.037960329323978276,0.06239801479213057,0.7401812688821753
0,200,1.0,8.0,cMAP,0.0,0.544,0.3106041639910335,0.7991270464231348,0.5921175908220268,0.10288241735385971,0.09124646898373952,0.520392749244713
0,200,1.0,50.0,MAP,0.7373737373737373,0.3772,0.24541961702978377,0.5812565026469281,0.7313425394998865,0.15051426838479695,0.13549971306779118,0.9146525679758308
0,200,1.0,50.0,cMAP,0.0,0.4228,0.14858026426764126,0.6713509178037629,0.6705245194777565,0.04993606800930593,0.069068976794164,0.6095166163141994
0,400,,,MLE,0.0,0.5696,0.43412891524626873,0.8140073144540831,0.5275575933296194,0.042407249727420215,0.027713497062449674,0.4773413897280967
0,400,0.0,8.0,MAP,0.0,0.5756,0.4549117149656922,0.814185565609403,0.5282786427030283,0.035405887727712006,0.0281542826678469,0.4780966767371601
0,400,0.0,8.0,cMAP,0.0,0.5756,0.4549117149656922,0.8142014527781651,0.5282794700962795,0.035405830488993636,0.0281541274055381,0.4780966767371601
0,400,0.0,50.0,MAP,0.0,0.5736,0.46140988572729347,0.8089729014339879,0.5403681874787246,0.049588651952349114,0.03332682595162286,0.5007552870090635
0,400,0.0,50.0,cMAP,0.0,0.5736,0.46140988572729347,0.8089914624151682,0.5403705193659558,0.04959091997095462,0.033329433606321485,0.5007552870090635
0,400,0.25,8.0,MAP,0.010101010101010102,0.568,0.3450494081836426,0.8081302360765582,0.5467155935765843,0.0733405826630709,0.04639908669197741,0.47129909365558914
0,400,0.25,8.0,cMAP,0.0,0.568,0.3450494081836426,0.808618631806417,0.5464350094777227,0.0731631819595553,0.04639462376050216,0.47129909365558914
0,400,0.25,50.0,MAP,0.020202020202020204,0.5352,0.2839979385428074,0.7914588097572413,0.6108643570719456,0.12677181852373187,0.09479907523855943,0.4818731117824773
0,400,0.25,50.0,cMAP,0.0,0.5352,0.2839979385428074,0.7971599333788164,0.6090499293713721,0.1263273614068656,0.09354276545901909,0.4818731117824773
0,400,0.5,8.0,MAP,0.31313131313131315,0.5456,0.29288603752187364,0.8057933422008214,0.5797254070070338,0.076493243923372,0.07617461429468694,0.48338368580060426
0,400,0.5,8.0,cMAP,0.0,0.5392,0.28718995896754484,0.8077765184781833,0.5781191419846663,0.07542266291674378,0.0764106297093664,0.48338368580060426
0,400,0.5,50.0,MAP,0.35353535353535354,0.4228,0.14858026426764126,0.7893631066295642,0.7734859220489639,0.3328878256469365,0.16864933591453304,0.5249244712990937
0,400,0.5,50.0,cMAP,0.0,0.4228,0.14858026426764126,0.7909575116320163,0.7817823582682284,0.3405214069312077,0.1732307749004919,0.506797583081571
0,400,0.75,8.0,MAP,0.5656565656565656,0.5472,0.2932441942294159,0.7883542284219673,0.5833727448392546,0.059637246817580904,0.06548860987799544,0.5906344410876133
0,400,0.75,8.0,cMAP,0.0,0.5524,0.3150239562260831,0.8038318144937648,0.56732744884681,0.0341446790259042,0.0638664262884443,0.49697885196374625
0,400,0.75,50.0,MAP,0.7171717171717171,0.4228,0.14858026426764126,0.6803465911751508,0.7344489402096152,0.2472972096780906,0.1293813427555792,0.8111782477341389
0,400,0.75,50.0,cMAP,0.0,0.4228,0.14858026426764126,0.7476095753960491,0.6926819763878663,0.188189391033725,0.10112402373837218,0.5513595166163142
0,400,1.0,8.0,MAP,0.5858585858585859,0.5428,0.296925672113864,0.760100988574944,0.5830818659945493,0.03827698940577878,0.048002250421007,0.6359516616314199
0,400,1.0,8.0,cMAP,0.0,0.556,0.3510576458706946,0.8029753516842284,0.5586503871165198,0.058984177456855046,0.05776798163435329,0.5
0,400,1.0,50.0,MAP,0.7070707070707071,0.4148,0.15061400293255134,0.6208445431820375,0.6857311896290074,0.08803076805605904,0.09450241008227175,0.8942598187311178
0,400,1.0,50.0,cMAP,0.0,0.4228,0.14858026426764126,0.7503374599369375,0.6466859025996397,0.10100826534935103,0.08965079706710749,0.5422960725075529
1,10,,,MLE,0.16161616161616163,0.4464,0.3354491581441936,0.6850403136344991,0.6903623984076461,0.0751394699693313,0.129297103616117,0.6540785498489426
1,10,0.0,8.0,MAP,0.0,0.5592,0.47489308585399265,0.806179377843002,0.542109964914501,0.036443991573475436,0.03882875172589384,0.5052870090634441
1,10,0.0,8.0,cMAP,0.0,0.5592,0.47489308585399265,0.8061798695653479,0.5421096817475256,0.03644511276455377,0.03882913309707946,0.5052870090634441
1,10,0.0,50.0,MAP,0.0,0.554,0.46093438749024906,0.8051208873216182,0.5449123947239246,0.03686514059609179,0.04223415493364231,0.5090634441087614
1,10,0.0,50.0,cMAP,0.0,0.554,0.46093438749024906,0.8051192084949317,0.544913748944004,0.03686543575137315,0.04227632289652897,0.5090634441087614
1,10,0.25,8.0,MAP,0.0,0.544,0.29483857298847765,0.7939590029808965,0.6238275063348208,0.10417587420290125,0.09202819744617245,0.5377643504531722
1,10,0.25,8.0,cMAP,0.0,0.544,0.29483857298847765,0.7939633524239462,0.623826289925329,0.10417336979852601,0.09202732578136978,0.5377643504531722
1,10,0.25,50.0,MAP,0.0,0.5416,0.29271261388202907,0.7859278593146063,0.6268448852591219,0.09755558399606006,0.09149462448748306,0.5574018126888217
1,10,0.25,50.0,cMAP,0.0,0.5416,0.29271261388202907,0.785916295228721,0.6268434372302936,0.09754896391459206,0.09149314968557307,0.5574018126888217
1,10,0.5,8.0,MAP,0.21212121212121213,0.4228,0.14858026426764126,0.6095378212639133,0.6968124772178784,0.15658782217931505,0.09439607572171159,0.7877643504531722
1,10,0.5,8.0,cMAP,0.0,0.4228,0.14858026426764126,0.7513171307800302,0.6888110735630547,0.12634987344551968,0.09434800609430888,0.6163141993957704
1,10,0.5,50.0,MAP,0.21212121212121213,0.4228,0.14858026426764126,0.6029361795091625,0.6903319980214739,0.11123693573387505,0.09464418461438576,0.7734138972809668
1,10,0.5,50.0,cMAP,0.0,0.4228,0.14858026426764126,0.7534564821087555,0.6898607744494198,0.10389052390594194,0.09463322744194747,0.6132930513595166
1,10,0.75,8.0,MAP,0.9292929292929293,0.49,0.25530459586110543,0.7188409432862968,0.6596161815997555,0.06627224357126242,0.08736720848343155,0.6510574018126888
1,10,0.75,8.0,cMAP,0.0,0.394,0.15294301691958567,0.5859894229312229,0.6728481075203178,0.10227732453389277,0.07786845138752424,0.8874622356495468
1,10,0.75,50.0,MAP,0.9494949494949495,0.5232,0.2874437847000837,0.7707061561783027,0.6402501851964005,0.07829130009374768,0.08640348227520461,0.5166163141993958
1,10,0.75,50.0,cMAP,0.0,0.4088,0.1510266049739734,0.5715945820748474,0.6767505066100442,0.0833063537061835,0.07753341981014375,0.8867069486404834
1,10,1.0,8.0,MAP,0.8585858585858586,0.5232,0.3226300095140202,0.733877070785553,0.5983309427894863,0.06129666979093818,0.041983583375001576,0.6669184290030211
1,10,1.0,8.0,cMAP,0.0,0.394,0.15294301691958567,0.6593390409724647,0.6546490168161572,0.021234186956181678,0.04382968243637994,0.6238670694864048
1,10,1.0,50.0,MAP,0.8686868686868687,0.5144,0.42975452116238044,0.7487614903804451,0.5985917414426248,0.08000762777950737,0.05896646629604655,0.6185800604229608
1,10,1.0,50.0,cMAP,0.0,0.386,0.13924963924963926,0.5924374988601614,0.6587169227743421,0.018711926202612528,0.049149001585638286,0.6095166163141994
1,50,,,MLE,0.13131313131313133,0.4728,0.39353068532216295,0.7303121954602465,0.7027681930175043,0.18849403211586077,0.13885903083378426,0.5838368580060423
1,50,0.0,8.0,MAP,0.0,0.5416,0.44705885247667826,0.8075599392211632,0.5526443776619975,0.04666299407894601,0.05765230272384071,0.5
1,50,0.0,8.0,cMAP,0.0,0.5416,0.44705885247667826,0.8075580462581542,0.5526458975819177,0.04666478967557562,0.05765322646911278,0.5
1,50,0.0,50.0,MAP,0.0,0.5488,0.45236603886671445,0.8067601781271079,0.5454523247901261,0.03856812267957829,0.04726491770167483,0.5105740181268882
1,50,0.0,50.0,cMAP,0.0,0.5488,0.45236603886671445,0.8067540848691546,0.5454501705932374,0.038564351018321535,0.047262845761771935,0.5105740181268882
1,50,0.25,8.0,MAP,0.010101010101010102,0.5324,0.2814237014035889,0.7826325018981908,0.6157873838684504,0.12258955857471543,0.09113897650567712,0.4909365558912387
1,50,0.25,8.0,cMAP,0.0,0.5324,0.2816132804780822,0.7880513127006737,0.6148964889382607,0.12186604118101009,0.09111320948820824,0.4901812688821752
1,50,0.25,50.0,MAP,0.0,0.5452,0.2941076313912675,0.7871743553851827,0.6252272017410274,0.10138109378012891,0.09063604697955169,0.5453172205438066
1,50,0.25,50.0,cMAP,0.0,0.5452,0.2941076313912675,0.7873402414568202,0.6252214919415965,0.10139106091035271,0.09063706971911276,0.5453172205438066
1,50,0.5,8.0,MAP,0.3333333333333333,0.4228,0.14858026426764126,0.7027052991231949,0.7136590171048867,0.24085441043994002,0.12114161687462936,0.7182779456193353
1,50,0.5,8.0,cMAP,0.0,0.4228,0.14858026426764126,0.7573547642679914,0.6856781985255703,0.21858088743471604,0.10509492367317516,0.5777945619335347
1,50,0.5,50.0,MAP,0.3333333333333333,0.4228,0.14858026426764126,0.6978589201712584,0.6971085659116879,0.18189964892083557,0.09386194596048941,0.7273413897280967
1,50,0.5,50.0,cMAP,0.0,0.4228,0.14858026426764126,0.758632591511464,0.6890885059999,0.13219973516663425,0.09113476218830392,0.600453172205438
1,50,0.75,8.0,MAP,0.7373737373737373,0.374,0.1582032377054638,0.5748623517309889,0.737041520806907,0.24568840672468728,0.13315314891512295,0.9154078549848943
1,50,0.75,8.0,cMAP,0.0,0.4036,0.14877221887772885,0.5984207669067376,0.6650819740703686,0.12334565551393345,0.07855135919998563,0.756797583081571
1,50,0.75,50.0,MAP,0.8181818181818182,0.494,0.25644321889078764,0.6608137367733274,0.654993009578626,0.07090263506112707,0.08604978903904853,0.5581570996978852
1,50,0.75,50.0,cMAP,0.0,0.4072,0.14747817261036897,0.5798912959909954,0.6637957127596592,0.08671734759006838,0.05198628582623283,0.9086102719033232
1,50,1.0,8.0,MAP,0.7070707070707071,0.4084,0.20452161805487534,0.5908230511260313,0.6666713697191945,0.08621351090932433,0.06193418875735275,0.8851963746223565
1,50,1.0,8.0,cMAP,0.0,0.4352,0.24761284531237626,0.6763285962433014,0.6672175020969242,0.03557519353905286,0.08913919760520758,0.5883685800604229
1,50,1.0,50.0,MAP,0.7676767676767676,0.5216,0.3850325139813795,0.7355252067621418,0.5988780102799357,0.06183680949018537,0.04200209437720684,0.6299093655589124
1,50,1.0,50.0,cMAP,0.0,0.3908,0.15317153321292393,0.6004570005706567,0.6808530595667193,0.024498033315624845,0.09807136911531067,0.6178247734138973
1,200,,,MLE,0.050505050505050504,0.562,0.46670517998083216,0.8149533202774266,0.5347350812796662,0.050749516005434425,0.043387546080936513,0.4561933534743202
1,200,0.0,8.0,MAP,0.0,0.5704,0.47546108602845855,0.8169534186396704,0.5292245474570735,0.027718418280508198,0.03412712305251353,0.4509063444108761
1,200,0.0,8.0,cMAP,0.0,0.5704,0.47546108602845855,0.8169458236205586,0.52922880180019,0.027717092069679834,0.03413231579898032,0.4509063444108761
1,200,0.0,50.0,MAP,0.0,0.5616,0.4603767159759007,0.8109071458837408,0.5381921273614308,0.032972949574771176,0.04052990652045733,0.49697885196374625
1,200,0.0,50.0,cMAP,0.0,0.5616,0.4603767159759007,0.8109089389916981,0.5381912954503303,0.032970646067235036,0.04053204129388067,0.49697885196374625
1,200,0.25,8.0,MAP,0.0,0.5508,0.2977208585982278,0.8122182573893986,0.555651348913452,0.06492163025957895,0.0572148923260584,0.4652567975830816
1,200,0.25,8.0,cMAP,0.0,0.5508,0.2977208585982278,0.8122182828661744,0.5556504936352661,0.06492077840938164,0.057213871307202915,0.4652567975830816
1,200,0.25,50.0,MAP,0.0,0.5476,0.29621136066875325,0.8002744124736842,0.6071530603241095,0.09261196891865893,0.08235714836710074,0.5022658610271903
1,200,0.25,50.0,cMAP,0.0,0.5476,0.29621136066875325,0.8002841777383214,0.6071530370425997,0.09261381773705865,0.08235759812453455,0.5022658610271903
1,200,0.5,8.0,MAP,0.29292929292929293,0.4852,0.22908873094295318,0.7991732998908606,0.6004025500881452,0.09456462290469453,0.08361598027659738,0.5128398791540786
1,200,0.5,8.0,cMAP,0.0,0.4768,0.217972654779288,0.806560532268265,0.6000699242716364,0.10380026159420869,0.08539243185968444,0.49395770392749244
1,200,0.5,50.0,MAP,0.31313131313131315,0.4228,0.14858026426764126,0.768800161443836,0.6798713658370928,0.1699776055548197,0.10161921188586001,0.6412386706948641
1,200,0.5,50.0,cMAP,0.0,0.4228,0.14858026426764126,0.7900967900006858,0.6754157597367694,0.17929668174679,0.11877946006775908,0.5377643504531722
1,200,0.75,8.0,MAP,0.6060606060606061,0.4016,0.1498582409315409,0.7141083839865701,0.6374933276982474,0.1399784563948344,0.07523009690185631,0.7726586102719033
1,200,0.75,8.0,cMAP,0.0,0.4244,0.21628542275983242,0.765287931615467,0.6186347994241013,0.10466167555374158,0.05427073377764622,0.5
1,200,0.75,50.0,MAP,0.7474747474747475,0.4048,0.15971240132090486,0.5869364176935831,0.6829128603747029,0.1354140473492231,0.07986800002147518,0.904833836858006
1,200,0.75,50.0,cMAP,0.0,0.3988,0.1511183035160418,0.6021232032337276,0.658531233271956,0.09420998828527348,0.05360291424534185,0.986404833836858
1,200,1.0,8.0,MAP,0.6262626262626263,0.4236,0.1906786814248658,0.6731489234982453,0.6257112920922225,0.06564191794400784,0.04088570741559884,0.8089123867069486
1,200,1.0,8.0,cMAP,0.0,0.4924,0.36941847328096883,0.7894883202472698,0.5995509442582081,0.06267451331759546,0.07629448173238143,0.4954682779456193
1,200,1.0,50.0,MAP,0.7070707070707071,0.4424,0.2356070201934085,0.6506309242959687,0.634136286999713,0.02181962032590904,0.033253693309224674,0.7998489425981873
1,200,1.0,50.0,cMAP,0.0,0.4352,0.24761284531237626,0.677917980638232,0.6551424722328626,0.05940036154827789,0.0841958411888796,0.5861027190332326
1,400,,,MLE,0.050505050505050504,0.5672,0.47000992525651053,0.8177923510198436,0.5251786105556174,0.03394425952240883,0.03038584834496514,0.46299093655589124
1,400,0.0,8.0,MAP,0.010101010101010102,0.5696,0.4718943234780121,0.8199930278328909,0.5227289218491361,0.018296888105034298,0.027934634425244825,0.46299093655589124
1,400,0.0,8.0,cMAP,0.0,0.5696,0.4718943234780121,0.8200070141529285,0.5227297887418151,0.018298677205914837,0.02793574024311528,0.46299093655589124
1,400,0.0,50.0,MAP,0.0,0.5644,0.47296776709333976,0.8137952245154654,0.5326147028890833,0.03718443247909677,0.035004066921502694,0.4901812688821752
1,400,0.0,50.0,cMAP,0.0,0.5644,0.47296776709333976,0.813795118839229,0.5326143354240879,0.03718424825241972,0.03500410021041754,0.4901812688821752
1,400,0.25,8.0,MAP,0.020202020202020204,0.5564,0.37004025710353655,0.817241818894688,0.5347456149132221,0.04431660135858517,0.04253035731245937,0.46676737160120846
1,400,0.25,8.0,cMAP,0.0,0.556,0.36977600842616126,0.8177335599958343,0.5347011415454943,0.0449763938724144,0.04268477900843431,0.46676737160120846
1,400,0.25,50.0,MAP,0.0,0.548,0.29700424524450975,0.8060196928200323,0.5848790589586215,0.08616529666755386,0.07205735072026193,0.5030211480362538
1,400,0.25,50.0,cMAP,0.0,0.548,0.29700424524450975,0.8060162867466765,0.5848805087597269,0.08616439918009632,0.07205841425869086,0.5030211480362538
1,400,0.5,8.0,MAP,0.25252525252525254,0.546,0.36359777116601816,0.8117558735076568,0.5580062973697005,0.03228606100903466,0.061714329641990084,0.4773413897280967
1,400,0.5,8.0,cMAP,0.0,0.5472,0.3662831575023714,0.8133999767965144,0.5571502665260306,0.028903176732125887,0.06250676636984054,0.47129909365558914
1,400,0.5,50.0,MAP,0.2727272727272727,0.4364,0.16877424984877737,0.7867056948422735,0.6472865843818117,0.15986530901742235,0.09926650085420306,0.5913897280966768
1,400,0.5,50.0,cMAP,0.0,0.4296,0.15963873326194544,0.7946594271009955,0.6455155764027204,0.15169772089857794,0.10506450013392996,0.5309667673716012
1,400,0.75,8.0,MAP,0.5454545454545454,0.5284,0.3345599790567367,0.7909191246565945,0.5796725442026878,0.03511661595123947,0.05754500589006199,0.6238670694864048
1,400,0.75,8.0,cMAP,0.0,0.5408,0.4008269286313561,0.8092710389487504,0.5678245699262355,0.035763508861760225,0.06466132397910537,0.48338368580060426
1,400,0.75,50.0,MAP,0.6262626262626263,0.376,0.15711152882205515,0.620605517940725,0.6806090127349292,0.16113644239145397,0.0876570624176041,0.8829305135951662
1,400,0.75,50.0,cMAP,0.0,0.3664,0.1590026709693887,0.6034409696832552,0.6558404680210351,0.12633719979876137,0.06240966012638813,0.5370090634441088
1,400,1.0,8.0,MAP,0.5757575757575758,0.5512,0.3854826790576957,0.7724599347311032,0.576387487390842,0.06357865234338665,0.061473926215122515,0.6419939577039275
1,400,1.0,8.0,cMAP,0.0,0.5608,0.44061477282821476,0.8138407761065715,0.5581890035673365,0.08936735022019429,0.07372869907828515,0.4811178247734139
1,400,1.0,50.0,MAP,0.6363636363636364,0.3888,0.20224603500087882,0.5714335269298407,0.6504494410762679,0.06010671691318907,0.03855657946899687,0.9478851963746223
1,400,1.0,50.0,cMAP,0.0,0.3936,0.23005213192690888,0.6858746420260011,0.6421857313052682,0.09163335531652886,0.0802432699891484,0.49244712990936557
2,10,,,MLE,0.15151515151515152,0.3144,0.30861178784773485,0.6954213090555827,0.7695568530122202,0.13188913275510977,0.17059996957730467,0.627643504531722
2,10,0.0,8.0,MAP,0.010101010101010102,0.4696,0.4083864063596002,0.7605401381174903,0.6189705288244323,0.09503283089048298,0.08636706300247729,0.5309667673716012
2,10,0.0,8.0,cMAP,0.0,0.4716,0.409094264869911,0.7631086595779395,0.6180773938564039,0.09603962279878894,0.08730190843400394,0.5309667673716012
2,10,0.0,50.0,MAP,0.0,0.4508,0.3810913321612709,0.7561622523747193,0.634059235386248,0.1145651960558156,0.09832934910201963,0.527190332326284
2,10,0.0,50.0,cMAP,0.0,0.4508,0.3810913321612709,0.7561596315655026,0.6340579263190486,0.1145695293963676,0.0983285279360214,0.527190332326284
2,10,0.25,8.0,MAP,0.020202020202020204,0.4252,0.1528591354846247,0.7866035119006846,0.7034632142930781,0.25935064934538005,0.13840377552266356,0.5045317220543807
2,10,0.25,8.0,cMAP,0.0,0.4252,0.1528591354846247,0.7903701096060625,0.7092081825405111,0.2684895544366965,0.14379743223426594,0.5007552870090635
2,10,0.25,50.0,MAP,0.010101010101010102,0.4236,0.1502709918269199,0.7826347112677754,0.7575449963026758,0.31486364497760516,0.16658602758037266,0.5309667673716012
2,10,0.25,50.0,cMAP,0.0,0.4236,0.1502709918269199,0.7827054221356231,0.7575724958922531,0.31488651812234225,0.16660033995244558,0.5309667673716012
2,10,0.5,8.0,MAP,0.1717171717171717,0.4228,0.14858026426764126,0.6811329096270987,0.9067484666084284,0.4202190577621164,0.21010952888105827,0.6676737160120846
2,10,0.5,8.0,cMAP,0.0,0.4228,0.14858026426764126,0.7452243778356962,0.9306846561555779,0.43862765253137204,0.21931382626568602,0.6155589123867069
2,10,0.5,50.0,MAP,0.12121212121212122,0.4228,0.14858026426764126,0.6735302540524454,0.98062240949062,0.47108051521656563,0.23554025760828284,0.7137462235649547
2,10,0.5,50.0,cMAP,0.0,0.4228,0.14858026426764126,0.7379799192361227,0.9860884030234629,0.4746391612483047,0.23731958062415237,0.6042296072507553
2,10,0.75,8.0,MAP,0.8282828282828283,0.4228,0.14858026426764126,0.63661412650038,0.7365596880440122,0.26758328880927984,0.14083545765882452,0.8096676737160121
2,10,0.75,8.0,cMAP,0.0,0.4228,0.14858026426764126,0.622932823431011,0.7289536117320122,0.21076988015014037,0.11231685683062329,0.6442598187311178
2,10,0.75,50.0,MAP,0.8484848484848485,0.4228,0.14858026426764126,0.6759062518047088,0.7610458494579477,0.31270175409975476,0.16718205406364667,0.540785498489426
2,10,0.75,50.0,cMAP,0.0,0.4228,0.14858026426764126,0.6238300988352524,0.7517860014487692,0.24470955018148072,0.12506983300302843,0.8761329305135952
2,10,1.0,8.0,MAP,0.8181818181818182,0.4444,0.3234990640251129,0.6824141518261753,0.6482704723949301,0.05020017077336504,0.09922047366333175,0.5959214501510574
2,10,1.0,8.0,cMAP,0.0,0.4152,0.2618881903906601,0.6426812072333137,0.7140983241037933,0.10777614814831644,0.13541155357091578,0.6064954682779456
2,10,1.0,50.0,MAP,0.8484848484848485,0.426,0.3413763035145729,0.7314982603189593,0.6543910492911078,0.11318208628873759,0.11517563473384805,0.5226586102719033
2,10,1.0,50.0,cMAP,0.0,0.4228,0.14858026426764126,0.6232532795254855,0.706097137088141,0.04140278690398458,0.09664146176653425,0.6382175226586103
2,50,,,MLE,0.1717171717171717,0.5056,0.46686026832422683,0.7699078331885959,0.6199531461518966,0.06326903193276644,0.08212491233705105,0.5234138972809668
2,50,0.0,8.0,MAP,0.0,0.514,0.449822613725089,0.7910525771595149,0.581411110627277,0.029943636540227574,0.05997071956725775,0.4773413897280967
2,50,0.0,8.0,cMAP,0.0,0.514,0.449822613725089,0.7910526143582984,0.5814140426198958,0.029943477954646143,0.05997147816280102,0.4773413897280967
2,50,0.0,50.0,MAP,0.0,0.462,0.3895131351320903,0.7636451838824703,0.6230812285599231,0.0895214606408882,0.08831144555964161,0.5166163141993958
2,50,0.0,50.0,cMAP,0.0,0.462,0.3895131351320903,0.763637182127466,0.6230872406033028,0.08952229924354127,0.08831365474657578,0.5166163141993958
2,50,0.25,8.0,MAP,0.030303030303030304,0.4552,0.21062989073022242,0.7947970044132054,0.6230031714830649,0.1636570659246672,0.10115558842701544,0.5007552870090635
2,50,0.25,8.0,cMAP,0.0,0.454,0.20664722606057717,0.7969423628758225,0.6224211062886383,0.16534463078534173,0.10089090083029871,0.5
2,50,0.25,50.0,MAP,0.020202020202020204,0.4256,0.15343960960896874,0.7894871366504795,0.7288812273264822,0.29262312404720575,0.15566816073445774,0.5158610271903323
2,50,0.25,50.0,cMAP,0.0,0.4256,0.15343960960896874,0.7894028652406332,0.7290087474270984,0.29276037436161617,0.15574216463698867,0.5158610271903323
2,50,0.5,8.0,MAP,0.36363636363636365,0.4228,0.14858026426764126,0.7724698206510741,0.7553801430356194,0.30823062032789383,0.15481527317944363,0.5113293051359517
2,50,0.5,8.0,cMAP,0.0,0.4228,0.14858026426764126,0.792703247861299,0.7823089279522414,0.33425861661438094,0.16712930830719047,0.5090634441087614
2,50,0.5,50.0,MAP,0.3434343434343434,0.4228,0.14858026426764126,0.7621307756431492,0.9415865786589315,0.44470732482188596,0.22235366241094298,0.5045317220543807
2,50,0.5,50.0,cMAP,0.0,0.4228,0.14858026426764126,0.779550966403856,0.9510101711328379,0.4509716670956994,0.2254858335478497,0.5037764350453172
2,50,0.75,8.0,MAP,0.7070707070707071,0.4228,0.14858026426764126,0.6331349261033152,0.6995021046300791,0.19175072609865754,0.10044252802063917,0.6978851963746223
2,50,0.75,8.0,cMAP,0.0,0.4228,0.14858026426764126,0.663852234428048,0.6814279290704646,0.14282994079103892,0.11293736723966047,0.5264350453172205
2,50,0.75,50.0,MAP,0.797979797979798,0.4228,0.14858026426764126,0.6065727092745514,0.7535159481187257,0.28841101159893767,0.15012793197076635,0.5906344410876133
2,50,0.75,50.0,cMAP,0.0,0.4228,0.14858026426764126,0.6191735595808837,0.7428369206422535,0.22816845041445505,0.11918035403799637,0.9441087613293051
2,50,1.0,8.0,MAP,0.7575757575757576,0.4488,0.20991810241925254,0.6369511711342708,0.6581712297789418,0.04618599721983622,0.05953192950836837,0.8209969788519638
2,50,1.0,8.0,cMAP,0.0,0.4056,0.2618882275132275,0.657449901349093,0.6837055728255202,0.08763484173233572,0.10953497414172333,0.5287009063444109
2,50,1.0,50.0,MAP,0.797979797979798,0.4424,0.3321103197399412,0.7267770604017826,0.6400080800877264,0.02444369526765246,0.0986417071195533,0.554380664652568
2,50,1.0,50.0,cMAP,0.0,0.4152,0.2618881903906601,0.6372673251187155,0.7033311652053154,0.05501477350454266,0.11092302411816672,0.6102719033232629
2,200,,,MLE,0.050505050505050504,0.5452,0.4819683353622133,0.8128431403613856,0.5400332580925903,0.05237313940057687,0.04336936098840326,0.48564954682779454
2,200,0.0,8.0,MAP,0.0,0.56,0.4901014219868927,0.8169366246287331,0.5334173823094651,0.019047248560841303,0.038822375660326584,0.49773413897280966
2,200,0.0,8.0,cMAP,0.0,0.56,0.4901014219868927,0.8169371843144396,0.5334183777932957,0.01904748933064142,0.03882190663770632,0.49773413897280966
2,200,0.0,50.0,MAP,0.0,0.5084,0.4311073301204267,0.7868877390302829,0.5827383222499446,0.03873846174431145,0.06460450301960446,0.493202416918429
2,200,0.0,50.0,cMAP,0.0,0.5084,0.4311073301204267,0.786887801705842,0.5827383954348209,0.03874083637202411,0.06460502838643482,0.493202416918429
2,200,0.25,8.0,MAP,0.030303030303030304,0.5704,0.3653249598025336,0.8126820936116244,0.5472976063682442,0.010908337454573574,0.04323189018660384,0.5075528700906344
2,200,0.25,8.0,cMAP,0.0,0.5704,0.3642941613469476,0.813531776945456,0.5471260342691001,0.015723090177023988,0.045352184147310626,0.5083081570996979
2,200,0.25,50.0,MAP,0.0,0.4612,0.19984196727427228,0.7949633894665559,0.6481188544779799,0.18560700204802635,0.11673717760500361,0.5226586102719033
2,200,0.25,50.0,cMAP,0.0,0.4612,0.19984196727427228,0.7949516650548236,0.6481212248636045,0.18560968979139858,0.11673829010168368,0.5226586102719033
2,200,0.5,8.0,MAP,0.2222222222222222,0.4764,0.22357193667222064,0.8057255163026988,0.5905145853161688,0.09879025848733054,0.07596275481300085,0.527190332326284
2,200,0.5,8.0,cMAP,0.0,0.486,0.22924701300665457,0.8103511674661844,0.595515346907677,0.10377603817377269,0.08601081434541381,0.5030211480362538
2,200,0.5,50.0,MAP,0.2222222222222222,0.4228,0.14858026426764126,0.7717241601994095,0.784792608319617,0.32966701967607265,0.1652266367637153,0.5830815709969789
2,200,0.5,50.0,cMAP,0.0,0.4228,0.14858026426764126,0.7898610478476309,0.834055480053895,0.3739968677141747,0.18735592325045186,0.5302114803625377
2,200,0.75,8.0,MAP,0.5757575757575758,0.5,0.2457750338170963,0.781798375855423,0.5942041597315736,0.03840371420495413,0.06664584683461397,0.5596676737160121
2,200,0.75,8.0,cMAP,0.0,0.5492,0.34809680865007847,0.8099376124334218,0.5787127960633359,0.06718629769324495,0.0703931329243009,0.5105740181268882
2,200,0.75,50.0,MAP,0.6868686868686869,0.4228,0.14858026426764126,0.6220104038634964,0.7124290902167468,0.21537677133324365,0.11254210751720414,0.7809667673716012
2,200,0.75,50.0,cMAP,0.0,0.4228,0.14858026426764126,0.6418235440712674,0.7066891985984862,0.18687838709781127,0.11899378181792257,0.5332326283987915
2,200,1.0,8.0,MAP,0.5757575757575758,0.5216,0.28891387124731827,0.728867255107243,0.6063407811448455,0.08019950755564768,0.06601902281084804,0.6231117824773413
2,200,1.0,8.0,cMAP,0.0,0.5436,0.44647427051368194,0.804275199403351,0.5988386489661817,0.13653432749162278,0.10210705143248133,0.5052870090634441
2,200,1.0,50.0,MAP,0.6767676767676768,0.4544,0.20115317275753875,0.6876836002174066,0.6474185381542195,0.04442026560534562,0.07385865800791686,0.7318731117824774
2,200,1.0,50.0,cMAP,0.0,0.4272,0.2349471809208085,0.7045818158553888,0.6774379215663449,0.10864707276403915,0.10099979889059577,0.5332326283987915
2,400,,,MLE,0.06060606060606061,0.574,0.5019933947354959,0.8179932761339832,0.5277226314748744,0.028813359290008566,0.033784262438921825,0.472809667673716
2,400,0.0,8.0,MAP,0.010101010101010102,0.568,0.4750355737515737,0.8205899130909996,0.5253845164618504,0.02776145788078194,0.03608820235712239,0.47658610271903323
2,400,0.0,8.0,cMAP,0.0,0.568,0.4750355737515737,0.8204940209722451,0.5253790034832511,0.02564567689627274,0.035285839008214574,0.47658610271903323
2,400,0.0,50.0,MAP,0.010101010101010102,0.5572,0.4663338265647538,0.8049538245030187,0.5579927171194631,0.026517215105897985,0.05119605388884797,0.4826283987915408
2,400,0.0,50.0,cMAP,0.0,0.5572,0.4663338265647538,0.8048975483870767,0.5579946623326932,0.02853666166927819,0.051063069832551475,0.4826283987915408
2,400,0.25,8.0,MAP,0.04040404040404041,0.572,0.41823316922189246,0.8166481053051848,0.5354506966213516,0.02970771315995709,0.03522918140953764,0.4811178247734139
2,400,0.25,8.0,cMAP,0.0,0.5724,0.4176565058755022,0.8169820970728703,0.5348795811731057,0.025495348121208853,0.0347628004854319,0.48338368580060426
2,400,0.25,50.0,MAP,0.010101010101010102,0.4892,0.2334219608564167,0.8036248240898349,0.6137703058825157,0.137774577473533,0.09879556902848431,0.506797583081571
2,400,0.25,50.0,cMAP,0.0,0.4892,0.2334219608564167,0.803418210815937,0.6138064085520359,0.13791564533399922,0.09887528759258173,0.506797583081571
2,400,0.5,8.0,MAP,0.25252525252525254,0.5628,0.3560885350931108,0.8144452058769835,0.5569950807077187,0.02187370242417099,0.05283054539964579,0.486404833836858
2,400,0.5,8.0,cMAP,0.0,0.5648,0.3656292641370367,0.815566916537658,0.5582010210636891,0.03310604357599272,0.060115249649559804,0.4705438066465257
2,400,0.5,50.0,MAP,0.2828282828282828,0.4228,0.14858026426764126,0.7942741739753646,0.7242997338493085,0.289052334611071,0.14599178199480914,0.5445619335347432
2,400,0.5,50.0,cMAP,0.0,0.4228,0.14858026426764126,0.7991586881224402,0.7615241614780809,0.3279111384813679,0.16518903101671079,0.5287009063444109
2,400,0.75,8.0,MAP,0.48484848484848486,0.5664,0.38600494812502517,0.8004798016864874,0.561150442357564,0.041135538350990125,0.05080394940336015,0.5287009063444109
2,400,0.75,8.0,cMAP,0.0,0.5692,0.4156610399786008,0.815069389719018,0.5485458736140885,0.047484585094278046,0.05234914594062309,0.48942598187311176
2,400,0.75,50.0,MAP,0.6363636363636364,0.4228,0.14858026426764126,0.7017847593646019,0.6856409044879791,0.1971418662886666,0.10120145535203781,0.6858006042296072
2,400,0.75,50.0,cMAP,0.0,0.4228,0.14858026426764126,0.7744977235692128,0.6639202358721176,0.13923145097080578,0.09393932036759627,0.5430513595166163
2,400,1.0,8.0,MAP,0.5050505050505051,0.5444,0.39527193487586215,0.7725022479572289,0.5720648101778985,0.058962911889234484,0.05343075219753885,0.5687311178247734
2,400,1.0,8.0,cMAP,0.0,0.5708,0.4802635932477185,0.8143478948716325,0.5552548889610062,0.09907601798799194,0.07069144326373877,0.48564954682779454
2,400,1.0,50.0,MAP,0.6464646464646465,0.4404,0.19238313378709201,0.6444066419702614,0.6442597970320869,0.041568050187430025,0.056827463532089104,0.7968277945619335
2,400,1.0,50.0,cMAP,0.0,0.518,0.3636233187508103,0.7623869324674741,0.6534181995561886,0.1743089548728192,0.10370501682841304,0.5181268882175226
3,10,,,MLE,0.20202020202020202,0.4804,0.267796260842549,0.5802070543971544,0.7171771525619215,0.14107892425057594,0.11369604680331244,0.7681268882175226
3,10,0.0,8.0,MAP,0.0,0.4856,0.3704828136765243,0.773909584216101,0.6600400964089383,0.09079077904003086,0.12144700910361728,0.44939577039274925
3,10,0.0,8.0,cMAP,0.0,0.4856,0.3704828136765243,0.7739063097174845,0.6600417053749909,0.09079214872974026,0.12144894699680021,0.44939577039274925
3,10,0.0,50.0,MAP,0.0,0.424,0.32269714046029835,0.7678771594593061,0.6993139989943318,0.15566999010603597,0.14413573112292882,0.4554380664652568
3,10,0.0,50.0,cMAP,0.0,0.424,0.32269714046029835,0.7678778620200325,0.6993126710385513,0.1556691558284844,0.14413550076380854,0.4554380664652568
3,10,0.25,8.0,MAP,0.010101010101010102,0.3868,0.14402489632181384,0.7710042163949062,0.7773923060746184,0.3277371821012264,0.1777175431962817,0.5309667673716012
3,10,0.25,8.0,cMAP,0.0,0.3868,0.14402489632181384,0.774295595690035,0.7779146047507826,0.3279686854024082,0.17783836797902397,0.5354984894259819
3,10,0.25,50.0,MAP,0.010101010101010102,0.3868,0.14402489632181384,0.7569783326276416,0.8892229825019718,0.3977682527848937,0.2175572888691093,0.5324773413897281
3,10,0.25,50.0,cMAP,0.0,0.3868,0.14402489632181384,0.7586345616062752,0.889284345514124,0.3977940769765396,0.21757227122691722,0.5324773413897281
3,10,0.5,8.0,MAP,0.2222222222222222,0.386,0.13924963924963926,0.564884934795215,0.9147795100520605,0.4263791548934006,0.2131895774467003,0.9055891238670695
3,10,0.5,8.0,cMAP,0.0,0.386,0.13924963924963926,0.726186911366853,0.9786711597184024,0.46891927852269866,0.23445963926134936,0.6744712990936556
3,10,0.5,50.0,MAP,0.1717171717171717,0.386,0.13924963924963926,0.5722996066613755,1.0524283576555897,0.5113550891005465,0.25567754455027325,0.9010574018126888
3,10,0.5,50.0,cMAP,0.0,0.386,0.13924963924963926,0.7238549142035946,1.0693122691184722,0.5208001930610482,0.2604000965305241,0.6714501510574018
3,10,0.75,8.0,MAP,0.8585858585858586,0.386,0.13924963924963926,0.6220313246317484,0.7970328001958465,0.3222919849481841,0.16257089365628086,0.6782477341389728
3,10,0.75,8.0,cMAP,0.0,0.386,0.13924963924963926,0.6318517476012062,0.7889318602439562,0.27729310178056843,0.1591242937514231,0.7152567975830816
3,10,0.75,50.0,MAP,0.898989898989899,0.3868,0.14078790828466362,0.7506239784421901,0.8466572202688741,0.38021509934432124,0.19464718318241933,0.5400302114803626
3,10,0.75,50.0,cMAP,0.0,0.386,0.13924963924963926,0.6237510570964876,0.8206086221879294,0.3038699090395718,0.17602621037735194,0.9086102719033232
3,10,1.0,8.0,MAP,0.8585858585858586,0.468,0.3491468334875092,0.7357878730410006,0.6242367456860678,0.04824555893105646,0.08133798285989514,0.5490936555891238
3,10,1.0,8.0,cMAP,0.0,0.386,0.13924963924963926,0.692025079283564,0.697663422240155,0.05609428076219093,0.10102624812163336,0.6042296072507553
3,10,1.0,50.0,MAP,0.8888888888888888,0.5028,0.37841890531669375,0.7782858801270259,0.6084284752911805,0.05993382648879009,0.0844097406041512,0.49697885196374625
3,10,1.0,50.0,cMAP,0.0,0.386,0.13924963924963926,0.6581382601061488,0.7200793461944475,0.049820879225421055,0.11358813271973486,0.6095166163141994
3,50,,,MLE,0.12121212121212122,0.538,0.41270128300202175,0.7366012883595655,0.5905480636504004,0.09057809539251226,0.06127662936057447,0.5196374622356495
3,50,0.0,8.0,MAP,0.0,0.542,0.43073624640521335,0.8021722852679376,0.5879217949415777,0.04857163985349281,0.08184981394555818,0.459214501510574
3,50,0.0,8.0,cMAP,0.0,0.542,0.43073624640521335,0.8021733804211928,0.5879226732027631,0.04857356711584439,0.08184972404575244,0.459214501510574
3,50,0.0,50.0,MAP,0.0,0.4644,0.3546202493862888,0.7757413088481098,0.6713079251684434,0.10554630074852499,0.12710835660681538,0.4509063444108761
3,50,0.0,50.0,cMAP,0.0,0.4644,0.3546202493862888,0.7757442936169674,0.6713043927445471,0.10554547087752417,0.1271075969658423,0.4509063444108761
3,50,0.25,8.0,MAP,0.020202020202020204,0.4696,0.24151792945001777,0.78949723780163,0.6425393882415747,0.13203753652347636,0.11534758335262993,0.5317220543806647
3,50,0.25,8.0,cMAP,0.0,0.4708,0.24203682210153926,0.7896531042784081,0.6429215959792678,0.1315800721541214,0.11562483954983319,0.5302114803625377
3,50,0.25,50.0,MAP,0.010101010101010102,0.3868,0.14402489632181384,0.7580378029798611,0.820150120236893,0.35339813101407996,0.19524248617896556,0.5309667673716012
3,50,0.25,50.0,cMAP,0.0,0.3868,0.14402489632181384,0.7569600231841467,0.8202275502378292,0.35343747579087037,0.19526160372665347,0.5309667673716012
3,50,0.5,8.0,MAP,0.24242424242424243,0.386,0.13924963924963926,0.7268809494005688,0.7244496831100722,0.2739382374220455,0.13928082216593143,0.6344410876132931
3,50,0.5,8.0,cMAP,0.0,0.386,0.13924963924963926,0.7862301617443067,0.800362999125782,0.3487766727321947,0.17662237143161544,0.5347432024169184
3,50,0.5,50.0,MAP,0.1919191919191919,0.386,0.13924963924963926,0.6965438422188108,0.9687172002647925,0.4581085891626159,0.2290542945813079,0.6389728096676737
3,50,0.5,50.0,cMAP,0.0,0.386,0.13924963924963926,0.7674135074881617,1.0239285055293397,0.4932061766161522,0.2466030883080761,0.5785498489425982
3,50,0.75,8.0,MAP,0.6868686868686869,0.386,0.13924963924963926,0.5835942388154076,0.7072142989598137,0.20598429358716536,0.10954837934405298,0.7416918429003021
3,50,0.75,8.0,cMAP,0.0,0.386,0.13924963924963926,0.7620088935819167,0.693139422118966,0.17714327937033503,0.10795338550862636,0.5354984894259819
3,50,0.75,50.0,MAP,0.797979797979798,0.386,0.13924963924963926,0.5403717321716589,0.8226765497348131,0.34522635919157685,0.17922274356557075,0.527190332326284
3,50,0.75,50.0,cMAP,0.0,0.386,0.13924963924963926,0.6196419806716609,0.8058758599648145,0.28987747762349336,0.16818576612820582,0.6978851963746223
3,50,1.0,8.0,MAP,0.696969696969697,0.3936,0.2874864319677716,0.6277231049417302,0.6563393567224116,0.04513901328344456,0.06464044975017023,0.8330815709969789
3,50,1.0,8.0,cMAP,0.0,0.4236,0.23427714360239793,0.7531689632230858,0.6649460853756347,0.06906657370826638,0.09420030225003947,0.5347432024169184
3,50,1.0,50.0,MAP,0.7676767676767676,0.4924,0.36591283042648104,0.7523182598279575,0.6175284666491658,0.02818361400631802,0.08421200950804528,0.5287009063444109
3,50,1.0,50.0,cMAP,0.0,0.3816,0.17010230082976455,0.6576885265472473,0.714080704666955,0.045393362387012554,0.12327924765857268,0.6404833836858006
3,200,,,MLE,0.050505050505050504,0.5632,0.4744292304350219,0.8038901365462741,0.5491850326600006,0.04718756985374115,0.042352470246214385,0.4735649546827795
3,200,0.0,8.0,MAP,0.010101010101010102,0.5776,0.4725768203005274,0.8179778867344324,0.5333892965669645,0.024819696558283515,0.0401580889097524,0.4554380664652568
3,200,0.0,8.0,cMAP,0.0,0.5776,0.4725768203005274,0.8178727390296634,0.5335339508612497,0.024295157198062942,0.03962964031987925,0.45770392749244715
3,200,0.0,50.0,MAP,0.0,0.5236,0.4172288321421061,0.7956131074571778,0.607582647951511,0.033874297749316745,0.09478236559462916,0.45468277945619334
3,200,0.0,50.0,cMAP,0.0,0.5236,0.4172288321421061,0.7956142953060439,0.6075885304338596,0.03387506690766201,0.09478519658247189,0.45468277945619334
3,200,0.25,8.0,MAP,0.050505050505050504,0.5548,0.342450677463209,0.8101506306778583,0.557241923203681,0.03671109880445548,0.05372177750383473,0.5211480362537765
3,200,0.25,8.0,cMAP,0.0,0.5572,0.343529071696493,0.8113165483642862,0.5574689156134797,0.040116669712328565,0.055910466983709384,0.506797583081571
3,200,0.25,50.0,MAP,0.010101010101010102,0.3872,0.15111406160199237,0.7922982118146387,0.6958169744402014,0.25652400266337355,0.14352801319941969,0.525679758308157
3,200,0.25,50.0,cMAP,0.0,0.3872,0.15111406160199237,0.7924387661838015,0.6959122544442298,0.25671414382046415,0.1436233448072228,0.5287009063444109
3,200,0.5,8.0,MAP,0.2222222222222222,0.5132,0.28066113712063834,0.8002034206621653,0.5939843491688381,0.04890867258561022,0.077264036943035,0.5868580060422961
3,200,0.5,8.0,cMAP,0.0,0.4848,0.26145434822164076,0.8091497137559269,0.6062823383571122,0.08554991529504717,0.09646706626090097,0.4984894259818731
3,200,0.5,50.0,MAP,0.1919191919191919,0.386,0.13924963924963926,0.7748140637622808,0.8057972173666134,0.34601323876702866,0.17369950023344502,0.6518126888217523
3,200,0.5,50.0,cMAP,0.0,0.386,0.13924963924963926,0.7941572357903883,0.8867146362551154,0.4079534663651405,0.20397673318257029,0.5483383685800605
3,200,0.75,8.0,MAP,0.5555555555555556,0.5188,0.2850683257640044,0.7655834798563256,0.6016313959493449,0.05926926806456244,0.06834089126934455,0.6427492447129909
3,200,0.75,8.0,cMAP,0.0,0.52,0.3230862306770345,0.80509132786703,0.587433570319596,0.044124605697293186,0.0782503554116801,0.5083081570996979
3,200,0.75,50.0,MAP,0.6565656565656566,0.386,0.13924963924963926,0.5550525557778414,0.7538302852725924,0.2611250431925053,0.1317870337511996,0.9826283987915407
3,200,0.75,50.0,cMAP,0.0,0.386,0.13924963924963926,0.7504400707937204,0.742592715533333,0.22876427059996807,0.137170828648139,0.5566465256797583
3,200,1.0,8.0,MAP,0.5353535353535354,0.5096,0.2861436875304889,0.7092854492955318,0.6135915969881065,0.08990481017765083,0.06753310910406453,0.6782477341389728
3,200,1.0,8.0,cMAP,0.0,0.5536,0.4544635880105008,0.7890817028762003,0.5970455752644415,0.132240725317217,0.0863425805632358,0.5037764350453172
3,200,1.0,50.0,MAP,0.6666666666666666,0.4084,0.2667016007402232,0.6605903111462397,0.6471423178314492,0.04049040411829164,0.07400423736498887,0.6638972809667674
3,200,1.0,50.0,cMAP,0.0,0.3788,0.18955228369903598,0.7344132830332135,0.6856993990034701,0.02830263900606756,0.09527707902389682,0.5861027190332326
3,400,,,MLE,0.050505050505050504,0.566,0.4714420291279401,0.8177277634903029,0.5317401171135175,0.05181342392984694,0.0417204381564545,0.45770392749244715
3,400,0.0,8.0,MAP,0.020202020202020204,0.5796,0.4876303055078936,0.8211917876881104,0.5265007724115097,0.03320058294977093,0.03814711732690849,0.4645015105740181
3,400,0.0,8.0,cMAP,0.0,0.5796,0.4876303055078936,0.8212113114728546,0.5268122189243174,0.03323890949193619,0.03767170572262247,0.4645015105740181
3,400,0.0,50.0,MAP,0.0,0.5476,0.45200005432000495,0.8069567450397584,0.5693933043506237,0.018375648721285207,0.06549314106253637,0.4516616314199396
3,400,0.0,50.0,cMAP,0.0,0.5476,0.45200005432000495,0.806955518634562,0.569390944911564,0.01837558624490994,0.06549276358140868,0.4516616314199396
3,400,0.25,8.0,MAP,0.050505050505050504,0.564,0.39181259847561833,0.8128994127115414,0.5376290011856004,0.025480268474356128,0.034752997507548435,0.5
3,400,0.25,8.0,cMAP,0.0,0.576,0.3990453506020871,0.8151797424443945,0.5352968358830016,0.031658290043100515,0.03601854503238954,0.4962235649546828
3,400,0.25,50.0,MAP,0.030303030303030304,0.4832,0.27137009283205277,0.7958215549079894,0.6171827490531222,0.09300404683259583,0.09390395468333604,0.5392749244712991
3,400,0.25,50.0,cMAP,0.0,0.4836,0.27129010082036814,0.7970915276428941,0.6180419373277984,0.09543319961904628,0.09561415856737392,0.533987915407855
3,400,0.5,8.0,MAP,0.21212121212121213,0.5356,0.3454326283243595,0.80233273816289,0.5564438445737787,0.04180220431286551,0.046248510774225364,0.5755287009063444
3,400,0.5,8.0,cMAP,0.0,0.5596,0.37628012109571674,0.8136324533152961,0.5490859863008907,0.033693140524901063,0.05073979112703939,0.48942598187311176
3,400,0.5,50.0,MAP,0.24242424242424243,0.386,0.13924963924963926,0.7704313739576604,0.6949032414832411,0.245117489203513,0.12443246827172834,0.6631419939577039
3,400,0.5,50.0,cMAP,0.0,0.386,0.13924963924963926,0.7916910039540979,0.7581644747855522,0.3156277119197964,0.1589557072955375,0.540785498489426
3,400,0.75,8.0,MAP,0.48484848484848486,0.5276,0.34171375826356465,0.7844979408486723,0.5646902737416546,0.03672581670411644,0.04374958859965571,0.620845921450151
3,400,0.75,8.0,cMAP,0.0,0.5636,0.41358679960620875,0.811076031795311,0.5493442699553769,0.06662925494467843,0.0525679155454423,0.5090634441087614
3,400,0.75,50.0,MAP,0.6363636363636364,0.386,0.13924963924963926,0.6662101241063201,0.6846183954831997,0.17638042949500077,0.08983927523002337,0.7333836858006042
3,400,0.75,50.0,cMAP,0.0,0.386,0.13924963924963926,0.771413452012045,0.6735586967749149,0.15683937973250542,0.10711740699154712,0.5558912386706949
3,400,1.0,8.0,MAP,0.5151515151515151,0.5272,0.3398261531717519,0.7638157852357518,0.5797779259552106,0.060982764040225367,0.0575620017722689,0.6631419939577039
3,400,1.0,8.0,cMAP,0.0,0.5688,0.4541374968423779,0.8103718543691925,0.5578255449323618,0.09521180149452042,0.06886736250958087,0.5075528700906344
3,400,1.0,50.0,MAP,0.6464646464646465,0.418,0.24025186425775966,0.644304275292231,0.6507442753268732,0.027865946940078323,0.05678341566359657,0.8406344410876133
3,400,1.0,50.0,cMAP,0.0,0.5032,0.3470093155305327,0.7742290256958869,0.6495926803455863,0.1721082051573224,0.1009213394870092,0.5120845921450151
4,10,,,MLE,0.20202020202020202,0.4576,0.3697243232124746,0.658751574717333,0.7310292392093807,0.14241410580979058,0.13380403573018673,0.6654078549848943
4,10,0.0,8.0,MAP,0.0,0.5748,0.4732326597216216,0.8150252452123973,0.5328122923084818,0.05631163764829374,0.04278052168552977,0.4637462235649547
4,10,0.0,8.0,cMAP,0.0,0.5748,0.4732326597216216,0.8150278027137423,0.532813585483892,0.056311650979667296,0.04277976519397246,0.4637462235649547
4,10,0.0,50.0,MAP,0.0,0.568,0.4787025921055392,0.8087472557197015,0.5448241156971783,0.05694325536155043,0.05103753527949745,0.4788519637462236
4,10,0.0,50.0,cMAP,0.0,0.568,0.4787025921055392,0.8087505194815945,0.544822538022573,0.05694159081319443,0.051010347749220836,0.4788519637462236
4,10,0.25,8.0,MAP,0.010101010101010102,0.5068,0.2548185632168251,0.792435407727826,0.6573959200807512,0.17078720950689005,0.11635668401814189,0.5188821752265861
4,10,0.25,8.0,cMAP,0.0,0.5068,0.2548185632168251,0.7926536650567941,0.6574729714864845,0.17087372847968318,0.1163645681080343,0.5188821752265861
4,10,0.25,50.0,MAP,0.0,0.4852,0.22864962752603202,0.7866704837585262,0.6880234076854306,0.21301251838466861,0.13453113714335066,0.5211480362537765
4,10,0.25,50.0,cMAP,0.0,0.4852,0.22864962752603202,0.786670233830432,0.6880277595917996,0.21301669870416592,0.1345331527399999,0.5211480362537765
4,10,0.5,8.0,MAP,0.26262626262626265,0.4228,0.14858026426764126,0.7034841836438661,0.7018330320529516,0.19783386015284604,0.09977143859853722,0.600453172205438
4,10,0.5,8.0,cMAP,0.0,0.4228,0.14858026426764126,0.7509484927695214,0.7151740933305035,0.21876751199880567,0.10938375599940284,0.6057401812688822
4,10,0.5,50.0,MAP,0.26262626262626265,0.4228,0.14858026426764126,0.6932032439318061,0.7187430002169443,0.2159750620979634,0.10798753104898168,0.6185800604229608
4,10,0.5,50.0,cMAP,0.0,0.4228,0.14858026426764126,0.752471947279478,0.7208994730930757,0.2199711330828193,0.10998556654140965,0.6064954682779456
4,10,0.75,8.0,MAP,0.9393939393939394,0.5408,0.29892638084819,0.718045019455795,0.6632534816001978,0.05558471321092019,0.09250646876501077,0.5898791540785498
4,10,0.75,8.0,cMAP,0.0,0.4228,0.14858026426764126,0.5901372408506652,0.6762283117898509,0.10859095295247922,0.08317168978968985,0.974320241691843
4,10,0.75,50.0,MAP,0.9393939393939394,0.5524,0.3047553037608486,0.7678924450255429,0.6409233554648944,0.052536885194358826,0.09377085375481081,0.5060422960725075
4,10,0.75,50.0,cMAP,0.0,0.4228,0.14858026426764126,0.5704117146391515,0.6818229549432723,0.12510855241843416,0.07644114748079309,0.9652567975830816
4,10,1.0,8.0,MAP,0.8787878787878788,0.5332,0.4030202043016524,0.7720370315840357,0.5731874706231149,0.039889935627407426,0.042354484442635024,0.5513595166163142
4,10,1.0,8.0,cMAP,0.0,0.3992,0.1521611569701007,0.6002589464588425,0.6604756813211501,0.019874829703310004,0.0584133567946991,0.6125377643504532
4,10,1.0,50.0,MAP,0.898989898989899,0.5748,0.47466514673061516,0.796971504804632,0.5477999856511968,0.03935827815775697,0.03770870001215365,0.527190332326284
4,10,1.0,50.0,cMAP,0.0,0.3992,0.1521611569701007,0.6049540321653691,0.6609220154750084,0.014023752422122115,0.049812304708501856,0.775679758308157
4,50,,,MLE,0.09090909090909091,0.5324,0.46661878680525676,0.7605594935237097,0.6045779970391507,0.1318426971435273,0.08064941304640565,0.527190332326284
4,50,0.0,8.0,MAP,0.0,0.5784,0.4802911100181417,0.8197401413574816,0.528631152781292,0.06922573149388461,0.03878557122214699,0.4569486404833837
4,50,0.0,8.0,cMAP,0.0,0.5784,0.4802911100181417,0.8197418388248581,0.5286313815051001,0.0692275998714904,0.038786170461371346,0.4569486404833837
4,50,0.0,50.0,MAP,0.0,0.5716,0.474451041978243,0.8131321308827661,0.5394144026468489,0.05727253862145473,0.04835625155192722,0.47205438066465255
4,50,0.0,50.0,cMAP,0.0,0.5716,0.474451041978243,0.8131321069246582,0.5394112844535606,0.05726756951755076,0.04835234146967697,0.47205438066465255
4,50,0.25,8.0,MAP,0.020202020202020204,0.5332,0.28492003339540595,0.7991962522396334,0.642397769294888,0.1640310602643581,0.10822290957438223,0.5045317220543807
4,50,0.25,8.0,cMAP,0.0,0.5328,0.2849906785618615,0.8007704554379526,0.64223434643052,0.16466155191025833,0.10856664811387212,0.5037764350453172
4,50,0.25,50.0,MAP,0.0,0.4912,0.2358359133126935,0.7923107646667946,0.6824211717083449,0.2107424838708049,0.13488397152996195,0.5098187311178247
4,50,0.25,50.0,cMAP,0.0,0.4912,0.2358359133126935,0.7923101326228452,0.6824264436453281,0.2107481500712273,0.13488786839925776,0.5098187311178247
4,50,0.5,8.0,MAP,0.37373737373737376,0.4228,0.14858026426764126,0.7402360944848372,0.6999571679262415,0.2519621940541057,0.12724938341961411,0.6344410876132931
4,50,0.5,8.0,cMAP,0.0,0.4228,0.14858026426764126,0.7802951793678365,0.6918332852153277,0.23012907226809895,0.127169016026558,0.5490936555891238
4,50,0.5,50.0,MAP,0.37373737373737376,0.4228,0.14858026426764126,0.7195783949992071,0.7351145969700914,0.2516757903775956,0.1258378951887978,0.6888217522658611
4,50,0.5,50.0,cMAP,0.0,0.4228,0.14858026426764126,0.766984794958598,0.7238127657327458,0.2300122435681498,0.1150061217840749,0.573262839879154
4,50,0.75,8.0,MAP,0.7878787878787878,0.4228,0.14858026426764126,0.6152950364404219,0.6892070294016256,0.17225116631943108,0.10382240184275941,0.8006042296072508
4,50,0.75,8.0,cMAP,0.0,0.4228,0.14858026426764126,0.5882584993928917,0.6738051867038614,0.11628494924089122,0.08872616124396393,0.5740181268882175
4,50,0.75,50.0,MAP,0.8787878787878788,0.4772,0.23343228728842969,0.7261317638956508,0.6577940567542376,0.10142526355807668,0.10515432464337683,0.533987915407855
4,50,0.75,50.0,cMAP,0.0,0.4228,0.14858026426764126,0.6028596370172005,0.6804965576341985,0.12646651675795623,0.08445768542842262,0.9758308157099698
4,50,1.0,8.0,MAP,0.7878787878787878,0.4704,0.22364385307591306,0.6970362004282689,0.6224689721433633,0.04022745522891855,0.04196423341407105,0.6691842900302115
4,50,1.0,8.0,cMAP,0.0,0.3896,0.1616068955967876,0.6301203788823779,0.651432766236572,0.0459724469917766,0.05775455825384715,0.5241691842900302
4,50,1.0,50.0,MAP,0.8484848484848485,0.5676,0.4405380923865554,0.7858976896095271,0.5538545887494718,0.029047351530272037,0.035170317698101944,0.5279456193353474
4,50,1.0,50.0,cMAP,0.0,0.3992,0.1521611569701007,0.6089895966288728,0.6602034448612872,0.0737626175895619,0.07614436561760192,0.6132930513595166
4,200,,,MLE,0.04040404040404041,0.576,0.4974451160959079,0.8170854275130857,0.5388368189158899,0.05551798585804321,0.04801973693696779,0.4697885196374622
4,200,0.0,8.0,MAP,0.0,0.5784,0.4761432304260225,0.823905732843686,0.5244942070266234,0.04608120662470846,0.03947415280746478,0.45770392749244715
4,200,0.0,8.0,cMAP,0.0,0.5784,0.4761432304260225,0.8239090401891042,0.524495034794101,0.046082767405143235,0.03947396099752778,0.45770392749244715
4,200,0.0,50.0,MAP,0.0,0.5752,0.48013872178871286,0.818810003516419,0.5301055529290881,0.04844336845762336,0.042209371414189484,0.45845921450151056
4,200,0.0,50.0,cMAP,0.0,0.5752,0.48013872178871286,0.8188102974304747,0.5301026539808692,0.04843999412642626,0.04220587609254865,0.45845921450151056
4,200,0.25,8.0,MAP,0.0,0.5504,0.29653124955368426,0.8122533112724273,0.5764341483197993,0.10418383278795885,0.07675335991976671,0.4690332326283988
4,200,0.25,8.0,cMAP,0.0,0.5504,0.29653124955368426,0.8122525685872383,0.5764342196296182,0.10418335210398494,0.07675429413200793,0.4690332326283988
4,200,0.25,50.0,MAP,0.0,0.5112,0.2569373562685111,0.799300278723245,0.6467047805678141,0.17336884130140182,0.11727947065249138,0.4826283987915408
4,200,0.25,50.0,cMAP,0.0,0.5112,0.2569373562685111,0.7992910576005028,0.6467008668063662,0.1733671876125794,0.11718308612037068,0.4826283987915408
4,200,0.5,8.0,MAP,0.26262626262626265,0.498,0.24262854486197766,0.8083352119703451,0.6144175013707769,0.12544812357212506,0.09803188322230104,0.5279456193353474
4,200,0.5,8.0,cMAP,0.0,0.4888,0.23267056408081432,0.8116105132506648,0.6094631474567732,0.13018720060821323,0.09913082814284979,0.5
4,200,0.5,50.0,MAP,0.2828282828282828,0.4228,0.14858026426764126,0.7764026330778107,0.725870403250933,0.26764122052435446,0.13790357139530213,0.6404833836858006
4,200,0.5,50.0,cMAP,0.0,0.4228,0.14858026426764126,0.7863943593266165,0.7083003746133031,0.2345668551668068,0.12046239135050915,0.5574018126888217
4,200,0.75,8.0,MAP,0.6262626262626263,0.4288,0.1645594373436424,0.7653621539542632,0.6327698281387522,0.15556922417532326,0.08094860040731221,0.7190332326283988
4,200,0.75,8.0,cMAP,0.0,0.4304,0.19321768700583358,0.8051783275732176,0.6079085653070684,0.13276024021806687,0.09173034433201246,0.5022658610271903
4,200,0.75,50.0,MAP,0.7373737373737373,0.4228,0.14858026426764126,0.6067486455616028,0.6953850061053879,0.1838628648502447,0.09512632323331915,0.8685800604229608
4,200,0.75,50.0,cMAP,0.0,0.4228,0.14858026426764126,0.5937675380074465,0.6708433389842656,0.11399242425015373,0.10013455672986335,0.9833836858006042
4,200,1.0,8.0,MAP,0.5959595959595959,0.4336,0.18595330418116224,0.691281359145999,0.6252697482922549,0.087150730085541,0.04888916030181,0.7394259818731118
4,200,1.0,8.0,cMAP,0.0,0.4924,0.3649120944367542,0.802872951259868,0.5845525342177771,0.05216064126632822,0.08386660619395997,0.49395770392749244
4,200,1.0,50.0,MAP,0.7373737373737373,0.4716,0.22492899388392545,0.7414277823676516,0.6080607653418503,0.048089598103577776,0.060188403441506236,0.6978851963746223
4,200,1.0,50.0,cMAP,0.0,0.3924,0.1517259679377256,0.6419082019425207,0.6517744855353085,0.022636037196662143,0.057883368888109146,0.5785498489425982
4,400,,,MLE,0.020202020202020204,0.5696,0.4947179818909627,0.8227878525096706,0.5239625977385838,0.03734629323408326,0.03823322811295396,0.4501510574018127
4,400,0.0,8.0,MAP,0.0,0.5776,0.49172553108270173,0.8248933530247455,0.519419310328045,0.03270170674276953,0.0352052848139614,0.45317220543806647
4,400,0.0,8.0,cMAP,0.0,0.5776,0.49172553108270173,0.8248910715611396,0.5194207994470276,0.032702205305737836,0.03520661801211131,0.45317220543806647
4,400,0.0,50.0,MAP,0.0,0.5812,0.4871922271922272,0.8219306082436018,0.5247139462385121,0.034398415382396665,0.03724826447763672,0.46148036253776437
4,400,0.0,50.0,cMAP,0.0,0.5812,0.4871922271922272,0.8219455607371113,0.5247115672742165,0.03439551223520974,0.03724571472586471,0.46148036253776437
4,400,0.25,8.0,MAP,0.0,0.5696,0.3624294837216156,0.8219153642480733,0.5400351690720567,0.0517477878320016,0.053241688417134884,0.4478851963746224
4,400,0.25,8.0,cMAP,0.0,0.5696,0.3624294837216156,0.8219089009486878,0.5400377229369404,0.05175098538569287,0.053245141578880134,0.4478851963746224
4,400,0.25,50.0,MAP,0.0,0.5268,0.2727342317616439,0.807864879722308,0.6142535125559709,0.14080764830479578,0.10138868365275863,0.47658610271903323
4,400,0.25,50.0,cMAP,0.0,0.5268,0.2727342317616439,0.8078685941957291,0.6142527210663029,0.14080761938206168,0.10138757422660857,0.47658610271903323
4,400,0.5,8.0,MAP,0.26262626262626265,0.5348,0.318946709916567,0.8209777714738085,0.5635178641864511,0.056112345447556826,0.07316197158989268,0.46299093655589124
4,400,0.5,8.0,cMAP,0.0,0.5304,0.3240514577953091,0.8218922167785552,0.5615481514867554,0.054926855618155114,0.07213378056174669,0.4645015105740181
4,400,0.5,50.0,MAP,0.29292929292929293,0.4228,0.14858026426764126,0.79249291892588,0.6916995080874401,0.2477377556693549,0.12722521787128185,0.5891238670694864
4,400,0.5,50.0,cMAP,0.0,0.4228,0.14858026426764126,0.7991929924459704,0.6828025352577118,0.2351564451871179,0.13013864068239833,0.5354984894259819
4,400,0.75,8.0,MAP,0.5555555555555556,0.4824,0.2710842912840358,0.7980168445695351,0.582142429035791,0.06983174550048915,0.0668999409129519,0.6193353474320241
4,400,0.75,8.0,cMAP,0.0,0.5172,0.38115658377715445,0.8162171309269494,0.5643844736650863,0.03604526029267181,0.06848565833896764,0.4697885196374622
4,400,0.75,50.0,MAP,0.6464646464646465,0.4228,0.14899915421482943,0.6578770910398606,0.6938144964517251,0.1848564639636762,0.10654867400512932,0.8051359516616314
4,400,0.75,50.0,cMAP,0.0,0.4148,0.14772079772079771,0.6000516326193055,0.6625680603399839,0.11701573072670922,0.10510618905365608,0.6578549848942599
4,400,1.0,8.0,MAP,0.5656565656565656,0.4896,0.2764163104701124,0.7621178889769524,0.5869315061081912,0.02011050899741307,0.05459493569180288,0.6608761329305136
4,400,1.0,8.0,cMAP,0.0,0.5612,0.475742747283347,0.8129577773000422,0.5545929035773784,0.07651423098841491,0.06309743771104509,0.47129909365558914
4,400,1.0,50.0,MAP,0.6464646464646465,0.4572,0.21809013624178325,0.6583138373111348,0.6384895021551024,0.043765960635427946,0.049755236862240815,0.7779456193353474
4,400,1.0,50.0,cMAP,0.0,0.4144,0.25347611433281325,0.6636758505340596,0.6417362510809194,0.01099604975955944,0.06323565186988182,0.5241691842900302
5,10,,,MLE,0.15151515151515152,0.378,0.30941619880960725,0.5976602371165824,0.7304584849573706,0.09823649163183229,0.14157035299158124,0.7922960725075529
5,10,0.0,8.0,MAP,0.020202020202020204,0.4616,0.35992249699228385,0.7697388367171698,0.678171499467888,0.18066760930663028,0.13856662380415577,0.486404833836858
5,10,0.0,8.0,cMAP,0.0,0.462,0.36032394448960015,0.770975097142661,0.6773747542244009,0.18037043651349313,0.1383643911870313,0.4735649546827795
5,10,0.0,50.0,MAP,0.010101010101010102,0.4512,0.33793610476162617,0.7626757346360467,0.7020551832705721,0.18523406071134577,0.14942071006486707,0.4826283987915408
5,10,0.0,50.0,cMAP,0.0,0.4512,0.33793610476162617,0.7627532133469033,0.7020418046622935,0.18522587907454946,0.1494212679338932,0.4826283987915408
5,10,0.25,8.0,MAP,0.020202020202020204,0.4228,0.14858026426764126,0.7698390381216543,0.8942558037170164,0.41063125717613447,0.2170979145958673,0.5234138972809668
5,10,0.25,8.0,cMAP,0.0,0.4228,0.14858026426764126,0.7691178853771534,0.8936042510180454,0.4099865900588533,0.21677062270917985,0.5279456193353474
5,10,0.25,50.0,MAP,0.0,0.4228,0.14858026426764126,0.7616175982210458,0.9008176309371716,0.4047709869633712,0.22277288843750684,0.5513595166163142
5,10,0.25,50.0,cMAP,0.0,0.4228,0.14858026426764126,0.7616257402976534,0.9008205979994742,0.40477497578963084,0.22277370424191906,0.5513595166163142
5,10,0.5,8.0,MAP,0.16161616161616163,0.4228,0.14858026426764126,0.6273016297605996,1.046731992131274,0.5104105732460441,0.25520528662302205,0.9358006042296072
5,10,0.5,8.0,cMAP,0.0,0.4228,0.14858026426764126,0.7214382048421432,1.0292114993124373,0.498824040432223,0.2494120202161115,0.8678247734138973
5,10,0.5,50.0,MAP,0.1414141414141414,0.4228,0.14858026426764126,0.6256461411715544,1.0313409339258495,0.49913484566814365,0.2495674228340718,0.9365558912386707
5,10,0.5,50.0,cMAP,0.0,0.4228,0.14858026426764126,0.723063446033539,1.0271598557756032,0.49629545235747313,0.24814772617873657,0.8678247734138973
5,10,0.75,8.0,MAP,0.8383838383838383,0.4228,0.14858026426764126,0.6013240190092259,0.877051550504095,0.39904810105595034,0.1996904185861427,0.7530211480362538
5,10,0.75,8.0,cMAP,0.0,0.4228,0.14858026426764126,0.6255432868599977,0.7796585439491872,0.2706688808809045,0.15666488290662547,0.6654078549848943
5,10,0.75,50.0,MAP,0.8484848484848485,0.4228,0.14858026426764126,0.6915983400848668,0.8500665909644451,0.38936063464178505,0.19558915276106326,0.5672205438066465
5,10,0.75,50.0,cMAP,0.0,0.4228,0.14858026426764126,0.5995059002153262,0.786761763824863,0.27524547436829566,0.15228157418725904,0.9463746223564955
5,10,1.0,8.0,MAP,0.7878787878787878,0.486,0.361277331257578,0.7056312709118595,0.649763543620581,0.1151329388691499,0.10782076643924277,0.6027190332326284
5,10,1.0,8.0,cMAP,0.0,0.4304,0.2192591371029251,0.6140969045640328,0.693778894554883,0.02166627121534514,0.09471622767770406,0.7197885196374623
5,10,1.0,50.0,MAP,0.8181818181818182,0.484,0.37598250951408163,0.7356249938193287,0.645098188224603,0.12572451534216092,0.10966972080380283,0.552870090634441
5,10,1.0,50.0,cMAP,0.0,0.4228,0.14858026426764126,0.6266772939558946,0.7019728308345703,0.007478818588272362,0.09343794555720782,0.716012084592145
5,50,,,MLE,0.13131313131313133,0.546,0.4754874247898242,0.7731942004455206,0.5892076127344373,0.11799679314049623,0.0788630182218064,0.5015105740181269
5,50,0.0,8.0,MAP,0.020202020202020204,0.5056,0.3978889381378719,0.7890141598059752,0.6206966220110162,0.12827335955426594,0.10816661501041469,0.46676737160120846
5,50,0.0,8.0,cMAP,0.0,0.5048,0.39750442011513015,0.7898444412545551,0.6198790514262495,0.12854295289167825,0.1081348812648913,0.4690332326283988
5,50,0.0,50.0,MAP,0.010101010101010102,0.4704,0.36318443686360063,0.7729660304578538,0.6796676909399325,0.16524233676464428,0.1410404545081754,0.466012084592145
5,50,0.0,50.0,cMAP,0.0,0.4704,0.36318443686360063,0.7730127569563019,0.6796505338270769,0.16524164983982856,0.1410369219217414,0.466012084592145
5,50,0.25,8.0,MAP,0.04040404040404041,0.4272,0.17206094482509918,0.7847451002644859,0.7706032465710652,0.32983678602554317,0.1790904922287419,0.472809667673716
5,50,0.25,8.0,cMAP,0.0,0.4272,0.17206094482509918,0.7857625826101717,0.770424183232012,0.3297395540941144,0.17923199546535543,0.4735649546827795
5,50,0.25,50.0,MAP,0.010101010101010102,0.4228,0.14858026426764126,0.7711869706908543,0.8738295415233033,0.3918794784716092,0.21472188748372398,0.5234138972809668
5,50,0.25,50.0,cMAP,0.0,0.4228,0.14858026426764126,0.771622300307493,0.8738499475386132,0.3918872463813786,0.21473118700438498,0.5234138972809668
5,50,0.5,8.0,MAP,0.26262626262626265,0.4228,0.14858026426764126,0.7736124680758625,0.9112562053391648,0.4293824196147574,0.21503135728813944,0.5422960725075529
5,50,0.5,8.0,cMAP,0.0,0.4228,0.14858026426764126,0.7868795360942662,0.9228685997351346,0.4362745298463201,0.21843617302194088,0.5211480362537765
5,50,0.5,50.0,MAP,0.20202020202020202,0.4228,0.14858026426764126,0.7602695361744436,1.015163368043374,0.4875956831485188,0.2437978415742594,0.6034743202416919
5,50,0.5,50.0,cMAP,0.0,0.4228,0.14858026426764126,0.7748125689126533,1.0133197174036817,0.48632062681810134,0.24316031340905067,0.520392749244713
5,50,0.75,8.0,MAP,0.696969696969697,0.4228,0.14858026426764126,0.5835141068747814,0.8183082264573821,0.3285225012378342,0.1700554898778804,0.9342900302114804
5,50,0.75,8.0,cMAP,0.0,0.4228,0.14858026426764126,0.7661715232353467,0.7510874867174336,0.2469643429842674,0.1553125358054004,0.48413897280966767
5,50,0.75,50.0,MAP,0.8080808080808081,0.4228,0.14858026426764126,0.6312302090452054,0.8516299449494859,0.3784690048116065,0.1928127002260749,0.6903323262839879
5,50,0.75,50.0,cMAP,0.0,0.4228,0.14858026426764126,0.6318312928112396,0.7809935321419053,0.2700568976185897,0.14892913776379854,0.9244712990936556
5,50,1.0,8.0,MAP,0.696969696969697,0.4476,0.19727729996984156,0.6396231481785062,0.6706485687689271,0.10257754698407351,0.09803365459888273,0.9516616314199395
5,50,1.0,8.0,cMAP,0.0,0.4352,0.24332438126757633,0.6998132358558573,0.6737896290181313,0.006258300811083634,0.08643211329899461,0.5
5,50,1.0,50.0,MAP,0.7878787878787878,0.4796,0.3511022344269045,0.7153259594793835,0.6395423662922696,0.10206726184272182,0.10438353997166976,0.5309667673716012
5,50,1.0,50.0,cMAP,0.0,0.4304,0.2192591371029251,0.6472170197313218,0.6974203238818169,0.009485403276535744,0.09669863771069051,0.6873111782477341
5,200,,,MLE,0.050505050505050504,0.5736,0.48261426871448,0.8143854288402422,0.5338352136459557,0.05075265381671988,0.03951607563615188,0.4561933534743202
5,200,0.0,8.0,MAP,0.010101010101010102,0.56,0.4660369734737333,0.8141490187928246,0.551080182095187,0.05198501283293936,0.06446698894270289,0.4509063444108761
5,200,0.0,8.0,cMAP,0.0,0.56,0.4660369734737333,0.814148854885376,0.5510794044290456,0.05198780393106893,0.06446639198266646,0.4509063444108761
5,200,0.0,50.0,MAP,0.0,0.49,0.38620403109282725,0.7922122601451278,0.6229454393601641,0.13477236399523693,0.1102121140180851,0.45996978851963743
5,200,0.0,50.0,cMAP,0.0,0.49,0.38620403109282725,0.7922081634145783,0.6229495345945467,0.134771639203708,0.11021311019452783,0.45996978851963743
5,200,0.25,8.0,MAP,0.04040404040404041,0.4936,0.27733491655300285,0.8099391468705757,0.6090241853205657,0.14608237161087975,0.10419254882965927,0.48413897280966767
5,200,0.25,8.0,cMAP,0.0,0.4928,0.2756298618851257,0.8101396318078575,0.6097128545358516,0.14775787926089515,0.10478601231588114,0.48338368580060426
5,200,0.25,50.0,MAP,0.0,0.4228,0.14866385372714486,0.7886690264435958,0.7727176808938877,0.3345769763887735,0.17921075034956885,0.5151057401812689
5,200,0.25,50.0,cMAP,0.0,0.4228,0.14866385372714486,0.788674392339817,0.7727165985701497,0.33457871959204494,0.1792100039042532,0.5151057401812689
5,200,0.5,8.0,MAP,0.24242424242424243,0.4344,0.1648597990532711,0.8036821818537856,0.6792614643693198,0.2583615216525402,0.13777699952392564,0.49395770392749244
5,200,0.5,8.0,cMAP,0.0,0.4228,0.14858026426764126,0.8096599539285283,0.6930549578304794,0.28599083806412096,0.14671420025845297,0.4826283987915408
5,200,0.5,50.0,MAP,0.24242424242424243,0.4228,0.14858026426764126,0.7737910325479822,0.9133610443404093,0.4311749486575832,0.2155874743287916,0.5483383685800605
5,200,0.5,50.0,cMAP,0.0,0.4228,0.14858026426764126,0.7914147818571577,0.94255796262039,0.4495649284009725,0.22478246420048625,0.540785498489426
5,200,0.75,8.0,MAP,0.6060606060606061,0.4344,0.1648597990532711,0.7677220357149437,0.6582316937711247,0.19643874546775342,0.10851371311850515,0.6374622356495468
5,200,0.75,8.0,cMAP,0.0,0.4392,0.1708496302133254,0.8063170682334729,0.6280943619235102,0.15944499780687837,0.11184198671823804,0.48867069486404835
5,200,0.75,50.0,MAP,0.6767676767676768,0.4228,0.14858026426764126,0.5889826541665412,0.8087732786282601,0.3285614423637365,0.1670665677043208,0.9486404833836858
5,200,0.75,50.0,cMAP,0.0,0.4228,0.14858026426764126,0.687500507606333,0.7516881218601383,0.24065724284481546,0.15423453635167048,0.552870090634441
5,200,1.0,8.0,MAP,0.5959595959595959,0.4632,0.2022030651340996,0.7048294228133517,0.6311360676748367,0.0699953924357682,0.07207517474734688,0.668429003021148
5,200,1.0,8.0,cMAP,0.0,0.5296,0.3923260655167112,0.8024220071569514,0.5955941091772203,0.0744294150262931,0.09047376918681571,0.4954682779456193
5,200,1.0,50.0,MAP,0.696969696969697,0.464,0.2881697444836022,0.6765970741980342,0.6473109521265876,0.07361666548884965,0.09210472313384901,0.7016616314199395
5,200,1.0,50.0,cMAP,0.0,0.4304,0.2192591371029251,0.6985661145468656,0.6788830030347417,0.03874955909764754,0.10172480340580306,0.5385196374622356
5,400,,,MLE,0.04040404040404041,0.5888,0.4829406397630275,0.8198292556906055,0.523265555335756,0.023831255464505624,0.026451569039427764,0.46827794561933533
5,400,0.0,8.0,MAP,0.010101010101010102,0.5748,0.45397560626973754,0.8218163774609404,0.5272213096927493,0.02783333993188045,0.041513200882538556,0.46148036253776437
5,400,0.0,8.0,cMAP,0.0,0.5748,0.45397560626973754,0.8218241288650101,0.52722794997121,0.02785280572677948,0.04152765786109143,0.46148036253776437
5,400,0.0,50.0,MAP,0.0,0.5284,0.4203839316715871,0.8050886815261346,0.5813369745388012,0.08286035967133827,0.08630278492946986,0.459214501510574
5,400,0.0,50.0,cMAP,0.0,0.5284,0.4203839316715871,0.8050868785441991,0.581340604713915,0.08285847365708013,0.0863031233675489,0.459214501510574
5,400,0.25,8.0,MAP,0.020202020202020204,0.5456,0.3623390669481626,0.8194353549699837,0.5571048160393699,0.06274515154428549,0.0718729454839423,0.472809667673716
5,400,0.25,8.0,cMAP,0.0,0.5448,0.36172251513922965,0.8194316568810274,0.5574294979377992,0.06412116801439742,0.07231112965799155,0.47205438066465255
5,400,0.25,50.0,MAP,0.0,0.4316,0.17475634208079885,0.8054366524439533,0.6940257628867886,0.27205770037766236,0.14963173832203105,0.5007552870090635
5,400,0.25,50.0,cMAP,0.0,0.4316,0.17475634208079885,0.8054377532868896,0.6940264613633315,0.27206171398107404,0.1496321425503458,0.5007552870090635
5,400,0.5,8.0,MAP,0.23232323232323232,0.494,0.2632387981859802,0.8162474590016449,0.5932652584789615,0.1258852228744823,0.09560232803348281,0.47129909365558914
5,400,0.5,8.0,cMAP,0.0,0.4988,0.26378942874691064,0.8166636683606415,0.5964245402818052,0.12412511528614441,0.0989566742549458,0.46827794561933533
5,400,0.5,50.0,MAP,0.26262626262626265,0.4228,0.14858026426764126,0.7924369668943374,0.8116652067800862,0.36956568156906205,0.1849307003099176,0.5392749244712991
5,400,0.5,50.0,cMAP,0.0,0.4228,0.14858026426764126,0.79903348454559,0.839982080587653,0.3893937161221784,0.19469685806108922,0.5211480362537765
5,400,0.75,8.0,MAP,0.5151515151515151,0.5084,0.2852396337272986,0.8037798896164596,0.5853791689146689,0.08061602864752358,0.08055237695358117,0.5128398791540786
5,400,0.75,8.0,cMAP,0.0,0.5288,0.3544425406636909,0.8167880083245114,0.569767131288012,0.049221302137243565,0.07762753952022103,0.4916918429003021
5,400,0.75,50.0,MAP,0.6363636363636364,0.4228,0.14858026426764126,0.7074814514906289,0.7500475260774787,0.28156853442141205,0.1440606165589479,0.7628398791540786
5,400,0.75,50.0,cMAP,0.0,0.4228,0.14858026426764126,0.7684329930715077,0.7047707020471666,0.20115205197841055,0.12993921743483788,0.513595166163142
5,400,1.0,8.0,MAP,0.5555555555555556,0.5268,0.31482408545448803,0.7747715047447323,0.5821837030475965,0.03309192004311466,0.06764514413827159,0.6110271903323263
5,400,1.0,8.0,cMAP,0.0,0.5604,0.4421503106791702,0.8146421749764826,0.5569518665063755,0.06276730263516529,0.06889660678144346,0.486404833836858
5,400,1.0,50.0,MAP,0.6262626262626263,0.4408,0.17852152352109224,0.6783492308246986,0.6521534617066136,0.08453173586686615,0.08656077876768757,0.8021148036253777
5,400,1.0,50.0,cMAP,0.0,0.4304,0.2153097196858137,0.7636543857295458,0.6535248539661592,0.10617447239921626,0.10437718945106231,0.5287009063444109
6,10,,,MLE,0.2222222222222222,0.3892,0.2413710347175906,0.743059579289964,0.6781914134301116,0.09058539711931889,0.12561125255579794,0.6306646525679759
6,10,0.0,8.0,MAP,0.0,0.446,0.35544453812389454,0.7505880110766737,0.7215978710751475,0.15041397289185376,0.14092482617430677,0.5483383685800605
6,10,0.0,8.0,cMAP,0.0,0.446,0.35544453812389454,0.7505986785110521,0.7215929882722874,0.15041447094786098,0.1409220337454513,0.5483383685800605
6,10,0.0,50.0,MAP,0.0,0.4348,0.3388392548127346,0.7465591006444892,0.7396665296953367,0.17428740998329895,0.15226860529229355,0.5702416918429003
6,10,0.0,50.0,cMAP,0.0,0.4348,0.3388392548127346,0.7465766773160724,0.7396664454505524,0.1742861380780439,0.15226817394304068,0.5702416918429003
6,10,0.25,8.0,MAP,0.010101010101010102,0.386,0.13924963924963926,0.7699490416058455,0.7746494598049876,0.3240912660953531,0.17338072849470665,0.5551359516616314
6,10,0.25,8.0,cMAP,0.0,0.386,0.13924963924963926,0.7709606055796281,0.7753036895312071,0.32421693794162904,0.17358398353132276,0.5589123867069486
6,10,0.25,50.0,MAP,0.0,0.386,0.13924963924963926,0.7686763669348243,0.829841873120474,0.3741454395121434,0.1919882007458242,0.5777945619335347
6,10,0.25,50.0,cMAP,0.0,0.386,0.13924963924963926,0.7689460484953663,0.8298495289415859,0.3741449724813849,0.1919884615259164,0.5777945619335347
6,10,0.5,8.0,MAP,0.26262626262626265,0.386,0.13924963924963926,0.723904448985873,0.9048909720400484,0.4197973848219278,0.2098986924109639,0.6095166163141994
6,10,0.5,8.0,cMAP,0.0,0.386,0.13924963924963926,0.7433863208970629,0.9438396246789693,0.44724146470015724,0.22362073235007865,0.5181268882175226
6,10,0.5,50.0,MAP,0.1919191919191919,0.386,0.13924963924963926,0.717411492892006,0.9812861078737547,0.4730636236332866,0.2365318118166433,0.5966767371601208
6,10,0.5,50.0,cMAP,0.0,0.386,0.13924963924963926,0.7419088618946414,0.9895005439646495,0.47841091644740696,0.23920545822370348,0.5241691842900302
6,10,0.75,8.0,MAP,0.8282828282828283,0.412,0.1778759693707329,0.6274182747679362,0.7155772594861873,0.23173244932249815,0.13358457785137814,0.5921450151057401
6,10,0.75,8.0,cMAP,0.0,0.386,0.13924963924963926,0.5727849338954534,0.7379492568185576,0.22622829641865005,0.12764129121184847,0.6669184290030211
6,10,0.75,50.0,MAP,0.8585858585858586,0.4312,0.19842154090632672,0.7623720542814209,0.733818060320339,0.2634226532809933,0.15238815529819086,0.5468277945619335
6,10,0.75,50.0,cMAP,0.0,0.386,0.13924963924963926,0.5368619590486683,0.7621171537639461,0.26852382450847,0.134261912254235,0.8935045317220544
6,10,1.0,8.0,MAP,0.8181818181818182,0.526,0.35036356121809614,0.7293717076234958,0.5961281881689708,0.05366769609448172,0.04081469125318239,0.6827794561933535
6,10,1.0,8.0,cMAP,0.0,0.386,0.13924963924963926,0.6025871195762494,0.7156592204770215,0.04013722889401378,0.10974191853414858,0.6185800604229608
6,10,1.0,50.0,MAP,0.8585858585858586,0.5512,0.43454011861908504,0.7551371104378841,0.5886484434564678,0.06681218821231197,0.04495770055234039,0.5944108761329305
6,10,1.0,50.0,cMAP,0.0,0.386,0.13924963924963926,0.5864612225557873,0.7028851995008019,0.08633909698983257,0.1157910614442774,0.5906344410876133
6,50,,,MLE,0.21212121212121213,0.5272,0.4723366572183083,0.7648942881984652,0.5777200040675691,0.08576388235491696,0.05535182921757602,0.5777945619335347
6,50,0.0,8.0,MAP,0.0,0.4976,0.40663681077168506,0.7786492913466028,0.6218698801310629,0.07335300809796023,0.0917500402692013,0.5143504531722054
6,50,0.0,8.0,cMAP,0.0,0.4976,0.40679142499388593,0.7787685524600324,0.6217972307806072,0.07334821829523083,0.09173908873841345,0.5143504531722054
6,50,0.0,50.0,MAP,0.0,0.4588,0.3662805692200748,0.7549042162756681,0.706011907298284,0.13763075240388548,0.13660661228290902,0.5664652567975831
6,50,0.0,50.0,cMAP,0.0,0.4588,0.3662805692200748,0.7549221428211597,0.7060075887871592,0.13763071757018322,0.13660446270572668,0.5664652567975831
6,50,0.25,8.0,MAP,0.020202020202020204,0.4808,0.26631062662602495,0.7920006472909343,0.6361848763065078,0.1368573968737359,0.10802051545819054,0.5188821752265861
6,50,0.25,8.0,cMAP,0.0,0.4848,0.2692523260917798,0.7925492946973236,0.6398067110499647,0.1354502339868527,0.11018215912027197,0.5241691842900302
6,50,0.25,50.0,MAP,0.020202020202020204,0.386,0.13924963924963926,0.7798774992581599,0.7698478322670462,0.3314296278918959,0.17105176029879196,0.5709969788519638
6,50,0.25,50.0,cMAP,0.0,0.386,0.13924963924963926,0.7801443919312789,0.7702619968560798,0.3315167849705119,0.17114651562767597,0.5702416918429003
6,50,0.5,8.0,MAP,0.3939393939393939,0.386,0.13924963924963926,0.74856545495866,0.69142958205918,0.2317235201048135,0.11760322683154237,0.6412386706948641
6,50,0.5,8.0,cMAP,0.0,0.386,0.13924963924963926,0.7822882168752551,0.7425215732524371,0.29432643011826753,0.1471632150591338,0.5694864048338368
6,50,0.5,50.0,MAP,0.36363636363636365,0.386,0.13924963924963926,0.7387240572955481,0.8796752698616082,0.4023866569075241,0.20119332845376206,0.6842900302114804
6,50,0.5,50.0,cMAP,0.0,0.386,0.13924963924963926,0.778705489763064,0.9273477202090308,0.4374325879746249,0.21871629398731246,0.5770392749244713
6,50,0.75,8.0,MAP,0.7676767676767676,0.3844,0.13964304581708747,0.5394828191945867,0.7037906659701887,0.16725444609441623,0.09978742290124407,0.9078549848942599
6,50,0.75,8.0,cMAP,0.0,0.386,0.13924963924963926,0.6680768988915042,0.6869345231325197,0.16676076369630266,0.08951530296969992,0.6306646525679759
6,50,0.75,50.0,MAP,0.8181818181818182,0.406,0.16804532396725969,0.7458296982307588,0.7209008558833228,0.2503192524661932,0.13585216639137265,0.5793051359516617
6,50,0.75,50.0,cMAP,0.0,0.386,0.13924963924963926,0.5792166379227924,0.7490165683535098,0.25550854916459775,0.12775427458229888,0.7114803625377644
6,50,1.0,8.0,MAP,0.7676767676767676,0.378,0.24042781691423476,0.6018478913541536,0.6497459676040468,0.07403360831503814,0.038765340069709525,0.9025679758308157
6,50,1.0,8.0,cMAP,0.0,0.386,0.13924963924963926,0.7185202406272494,0.6616089904400966,0.020822222724621753,0.07951803762652719,0.5641993957703928
6,50,1.0,50.0,MAP,0.8282828282828283,0.5276,0.37896165165380197,0.737164937728069,0.5976584684183657,0.06596854675595315,0.043234158450253184,0.6435045317220544
6,50,1.0,50.0,cMAP,0.0,0.386,0.13924963924963926,0.5968942598297021,0.6905255556203167,0.018843810277145656,0.08139934901522729,0.6117824773413897
6,200,,,MLE,0.050505050505050504,0.5828,0.49489904721771283,0.8217429393304235,0.5162250766368535,0.021533106455910746,0.02064750456575377,0.46676737160120846
6,200,0.0,8.0,MAP,0.0,0.5544,0.43091076137343837,0.8081701425293641,0.5509028504811236,0.02678021280864822,0.05445266521121293,0.479607250755287
6,200,0.0,8.0,cMAP,0.0,0.5544,0.43091076137343837,0.8081682908866874,0.5509021143804684,0.02645893691314655,0.05437314467690721,0.479607250755287
6,200,0.0,50.0,MAP,0.0,0.4832,0.3874325779150024,0.7725837593890341,0.6522689697985065,0.10689052549391798,0.10916736917204015,0.5460725075528701
6,200,0.0,50.0,cMAP,0.0,0.4832,0.3874325779150024,0.7725823307312005,0.6522746494189232,0.10689390866260735,0.10917037697927844,0.5460725075528701
6,200,0.25,8.0,MAP,0.030303030303030304,0.5488,0.35359613053270883,0.8092510598255593,0.5628544668357046,0.06300159734714246,0.06563549687281654,0.5022658610271903
6,200,0.25,8.0,cMAP,0.0,0.5488,0.35349619883763805,0.8099949698102673,0.5627202698607158,0.060979163731352606,0.06585689441770076,0.5022658610271903
6,200,0.25,50.0,MAP,0.020202020202020204,0.4704,0.24629046787388548,0.7921594431757526,0.6714274524870689,0.1793799423774301,0.1303035775802757,0.5453172205438066
6,200,0.25,50.0,cMAP,0.0,0.4716,0.24726316610633844,0.7921817702803245,0.6725575222196941,0.17879568687780376,0.13120118639793563,0.5460725075528701
6,200,0.5,8.0,MAP,0.37373737373737376,0.506,0.27651331600612816,0.7885589605497496,0.597232719848826,0.07700284335794333,0.07410219517514786,0.6185800604229608
6,200,0.5,8.0,cMAP,0.0,0.4968,0.26534687667342394,0.8062803287474682,0.5996231208032127,0.07930374961176606,0.08904354524808607,0.5196374622356495
6,200,0.5,50.0,MAP,0.3838383838383838,0.386,0.13924963924963926,0.7629028470380749,0.7267291220663281,0.26785280557652236,0.13684099894954077,0.7009063444108762
6,200,0.5,50.0,cMAP,0.0,0.386,0.13924963924963926,0.7886169656661923,0.8048620775716263,0.3496371918585919,0.17866045447061896,0.5438066465256798
6,200,0.75,8.0,MAP,0.6464646464646465,0.4748,0.26237768591981636,0.7079464124724709,0.6365148295782892,0.06356252862801855,0.070209128312465,0.7583081570996979
6,200,0.75,8.0,cMAP,0.0,0.4824,0.2763165718377247,0.7820043671067564,0.6069771114265282,0.08687059030983721,0.0774067178637805,0.547583081570997
6,200,0.75,50.0,MAP,0.7272727272727273,0.386,0.13924963924963926,0.5554195745378532,0.7092113297261159,0.19344184170653442,0.0963924089485517,0.9290030211480362
6,200,0.75,50.0,cMAP,0.0,0.386,0.13924963924963926,0.6271360968626152,0.7168846963052532,0.210768341209619,0.10867992781666289,0.6382175226586103
6,200,1.0,8.0,MAP,0.6363636363636364,0.4892,0.2713874288751678,0.6745116812842002,0.6242719458188534,0.04190431597739145,0.038501587767211146,0.7681268882175226
6,200,1.0,8.0,cMAP,0.0,0.534,0.3918445878235481,0.7868819954647722,0.5985726617403767,0.10239354569497372,0.08296949399301771,0.527190332326284
6,200,1.0,50.0,MAP,0.7474747474747475,0.4596,0.2891715708603525,0.6746291751097561,0.6308304131412568,0.008540696055795197,0.03685369375794913,0.8587613293051359
6,200,1.0,50.0,cMAP,0.0,0.386,0.13924963924963926,0.6823621481599983,0.6743092043458074,0.0010603106937523976,0.0831432436278084,0.5611782477341389
6,400,,,MLE,0.030303030303030304,0.592,0.4989580457021495,0.8251438300184903,0.5135783366794451,0.022602482349467438,0.019224367924564677,0.4607250755287009
6,400,0.0,8.0,MAP,0.020202020202020204,0.5748,0.4777953005672102,0.8184056846728387,0.5306774255985741,0.012527105811954493,0.041860506717293924,0.4780966767371601
6,400,0.0,8.0,cMAP,0.0,0.5748,0.4777953005672102,0.8184178467401546,0.5307068950853293,0.013439566796205884,0.042299431831724355,0.4780966767371601
6,400,0.0,50.0,MAP,0.0,0.5008,0.4015330942379191,0.7855405827765489,0.6110800597531623,0.07492789499422231,0.0906838402880355,0.5294561933534743
6,400,0.0,50.0,cMAP,0.0,0.5008,0.4015330942379191,0.7855454614937,0.6110755596510601,0.07493092273849623,0.09068244514488803,0.5294561933534743
6,400,0.25,8.0,MAP,0.020202020202020204,0.554,0.3588532775375214,0.8170110662422851,0.5415061902176443,0.05263644739125827,0.05080041081581877,0.48036253776435045
6,400,0.25,8.0,cMAP,0.0,0.554,0.35890664073230205,0.8171480754296705,0.5416511953708758,0.053530068789110284,0.050952283571382095,0.48489425981873113
6,400,0.25,50.0,MAP,0.020202020202020204,0.4968,0.2805468508261813,0.7996227506609593,0.6289109881937226,0.1330041501541765,0.10791785287041686,0.5241691842900302
6,400,0.25,50.0,cMAP,0.0,0.4972,0.28083806964780506,0.7995129539033763,0.6316353118553316,0.13508227116257618,0.11011934811196479,0.5317220543806647
6,400,0.5,8.0,MAP,0.2828282828282828,0.522,0.30272314517361376,0.8093946152469147,0.5672574934140024,0.0813001761015354,0.06586864722357638,0.5641993957703928
6,400,0.5,8.0,cMAP,0.0,0.5336,0.3535026041163235,0.8153874579430704,0.5642497852194774,0.05934284279304598,0.07071319108275022,0.4947129909365559
6,400,0.5,50.0,MAP,0.31313131313131315,0.4064,0.1661126587892893,0.7782278204235107,0.6823448932135446,0.2102915383788455,0.11972419501927645,0.6729607250755287
6,400,0.5,50.0,cMAP,0.0,0.386,0.13924963924963926,0.7956354444944242,0.731293750267039,0.2930167478605108,0.15045922785427776,0.5400302114803626
6,400,0.75,8.0,MAP,0.5353535353535354,0.494,0.2698430554202536,0.7840648202642171,0.5871471451435148,0.0885242884076475,0.06421786308459815,0.6759818731117825
6,400,0.75,8.0,cMAP,0.0,0.5364,0.38081543885391744,0.8069338589759019,0.5672013790830743,0.05994094440055758,0.0643995230876317,0.506797583081571
6,400,0.75,50.0,MAP,0.6464646464646465,0.3908,0.1461983119800838,0.5770417146503961,0.6995978016648199,0.1647049474144418,0.09098044040612523,0.8557401812688822
6,400,0.75,50.0,cMAP,0.0,0.386,0.13924963924963926,0.7105089506290749,0.6852662032543012,0.17180309067533184,0.08934577358313031,0.6238670694864048
6,400,1.0,8.0,MAP,0.5454545454545454,0.5136,0.29447310332328624,0.7661828630009168,0.5814900281206535,0.04795263165892585,0.05395044660468768,0.6850453172205438
6,400,1.0,8.0,cMAP,0.0,0.5524,0.4236140324373575,0.80922914328754,0.5613694626072016,0.07621712082194215,0.06767330826194357,0.49244712990936557
6,400,1.0,50.0,MAP,0.6666666666666666,0.4008,0.2223744822238751,0.6009271746847605,0.6500227865527733,0.0658320698840936,0.047448559317651275,0.974320241691843
6,400,1.0,50.0,cMAP,0.0,0.386,0.13924963924963926,0.7587635697789021,0.6532229188153081,0.03340466960955053,0.08029815484596145,0.5151057401812689
7,10,,,MLE,0.20202020202020202,0.4988,0.3641744912930569,0.6177308972894106,0.7051310518629617,0.1362626057429095,0.11785703774228573,0.7190332326283988
7,10,0.0,8.0,MAP,0.0,0.5648,0.4608996399990547,0.8102443967812263,0.5383746790406824,0.053861379160296236,0.03937815477987846,0.48489425981873113
7,10,0.0,8.0,cMAP,0.0,0.5648,0.4608996399990547,0.8102461193531156,0.5383729790794302,0.05385773199874051,0.03937659919990671,0.48489425981873113
7,10,0.0,50.0,MAP,0.0,0.5508,0.45458329605598236,0.8013637311938739,0.553394877098501,0.06905387056794826,0.04822483966084752,0.513595166163142
7,10,0.0,50.0,cMAP,0.0,0.5496,0.4537401442452904,0.8013637648841301,0.5533984241537868,0.07025682851548291,0.048228185197581444,0.513595166163142
7,10,0.25,8.0,MAP,0.0,0.552,0.2987432491642995,0.7943451193738583,0.6287353353396169,0.09341795139260356,0.09596739003280694,0.5158610271903323
7,10,0.25,8.0,cMAP,0.0,0.552,0.2987432491642995,0.794435013559805,0.6287043748598,0.09343424852872974,0.0957311472497337,0.5143504531722054
7,10,0.25,50.0,MAP,0.0,0.5416,0.2889188030592581,0.786754939951454,0.6409514321734753,0.10176538968096993,0.10334236557898407,0.5234138972809668
7,10,0.25,50.0,cMAP,0.0,0.5416,0.2889188030592581,0.7867569128821298,0.6409497519570847,0.10176641192453663,0.10334075131636282,0.5234138972809668
7,10,0.5,8.0,MAP,0.2727272727272727,0.386,0.13924963924963926,0.6253176820839023,0.7074980411957509,0.20357018162108106,0.1071878297002074,0.790785498489426
7,10,0.5,8.0,cMAP,0.0,0.386,0.13924963924963926,0.7552141345520196,0.7406071218722824,0.2608875173405498,0.13137294172682734,0.5921450151057401
7,10,0.5,50.0,MAP,0.2727272727272727,0.386,0.13924963924963926,0.613318859127609,0.7542789365555947,0.2745187984554822,0.1372593992277411,0.790785498489426
7,10,0.5,50.0,cMAP,0.0,0.386,0.13924963924963926,0.752211260998084,0.7653134984376824,0.2890669280504561,0.14453346402522801,0.6155589123867069
7,10,0.75,8.0,MAP,0.9292929292929293,0.386,0.13924963924963926,0.7144734937293633,0.7357240171473499,0.2766253499014156,0.14084525177276866,0.6397280966767371
7,10,0.75,8.0,cMAP,0.0,0.386,0.13924963924963926,0.6119875993800364,0.6979919598337152,0.1780720537624586,0.0890360268812293,0.9894259818731118
7,10,0.75,50.0,MAP,0.9494949494949495,0.3872,0.1416479495335941,0.7619903109491271,0.7807174572253336,0.343893922146678,0.17493947949428823,0.5566465256797583
7,10,0.75,50.0,cMAP,0.0,0.386,0.13924963924963926,0.5667107826203807,0.697638370311991,0.17600439467098017,0.0880021973354901,0.952416918429003
7,10,1.0,8.0,MAP,0.8484848484848485,0.4436,0.33977042273948865,0.7359426509869332,0.624862710027247,0.07531227735399723,0.08307626663082274,0.5453172205438066
7,10,1.0,8.0,cMAP,0.0,0.386,0.13924963924963926,0.6531336256703886,0.6566795162668454,0.08380421641662253,0.06818809996632566,0.5981873111782477
7,10,1.0,50.0,MAP,0.8888888888888888,0.498,0.4228534455135057,0.7587592490161739,0.6233159526979664,0.11213409688036559,0.08506628225706755,0.533987915407855
7,10,1.0,50.0,cMAP,0.0,0.386,0.13924963924963926,0.6068457224863231,0.662593038031678,0.005661062402625594,0.047908021277717,0.5929003021148036
7,50,,,MLE,0.1414141414141414,0.5536,0.4376938025506244,0.7605822062039007,0.5894070720586413,0.1182180953084141,0.07094169508126888,0.5113293051359517
7,50,0.0,8.0,MAP,0.0,0.5676,0.46876042692625336,0.812206782781046,0.5320183641469903,0.04401746627683343,0.032294312818344655,0.4743202416918429
7,50,0.0,8.0,cMAP,0.0,0.5676,0.46876042692625336,0.8122107361230397,0.5320184112703523,0.04401867283184708,0.032294202194792926,0.4743202416918429
7,50,0.0,50.0,MAP,0.0,0.5556,0.4588943284367757,0.8034599383645915,0.5479359799010559,0.0690204347268854,0.04322899693569707,0.513595166163142
7,50,0.0,50.0,cMAP,0.0,0.5556,0.4588943284367757,0.8034675396363846,0.5479352164627292,0.0690237789756762,0.043229014198732735,0.513595166163142
7,50,0.25,8.0,MAP,0.020202020202020204,0.5564,0.30484817594321856,0.7892031169547908,0.5829152341004092,0.07910113967934064,0.06766983601963247,0.5075528700906344
7,50,0.25,8.0,cMAP,0.0,0.5568,0.3050960399052011,0.7954313845873013,0.5817863221568184,0.0792283039283267,0.06806986770531914,0.5060422960725075
7,50,0.25,50.0,MAP,0.0,0.5432,0.29039115646258506,0.7893926377969811,0.6280616515132202,0.09915789349232906,0.09784459527390275,0.513595166163142
7,50,0.25,50.0,cMAP,0.0,0.5432,0.29039115646258506,0.7893891224592235,0.628063412798575,0.09916169314577776,0.09784609210851852,0.513595166163142
7,50,0.5,8.0,MAP,0.30303030303030304,0.5136,0.28378478308501315,0.7617133032548699,0.6278069446839647,0.03817419171578059,0.0788907394612254,0.6540785498489426
7,50,0.5,8.0,cMAP,0.0,0.486,0.261958291886928,0.7799340239677177,0.6384172246354431,0.07852631523066028,0.08893822009341816,0.5498489425981873
7,50,0.5,50.0,MAP,0.30303030303030304,0.386,0.13924963924963926,0.7334113234921714,0.7130934165730077,0.21357247638105392,0.11806762751967906,0.7122356495468278
7,50,0.5,50.0,cMAP,0.0,0.386,0.13924963924963926,0.7623253173000027,0.7318121194575222,0.24615042754575345,0.12307521377287672,0.5687311178247734
7,50,0.75,8.0,MAP,0.7474747474747475,0.4188,0.2271371052787683,0.6462220715894657,0.6832413450533289,0.11346197454182552,0.07546718333812572,0.7892749244712991
7,50,0.75,8.0,cMAP,0.0,0.386,0.13924963924963926,0.5929156602056398,0.6677692073985771,0.12797853006477347,0.0702574897231862,0.5521148036253777
7,50,0.75,50.0,MAP,0.8181818181818182,0.386,0.13924963924963926,0.6824359546528962,0.7432492357850115,0.2862187188180625,0.14623771227713075,0.6027190332326284
7,50,0.75,50.0,cMAP,0.0,0.386,0.13924963924963926,0.6010175894356657,0.6869182962655123,0.16435458139036074,0.08217729069518036,0.9916918429003021
7,50,1.0,8.0,MAP,0.7272727272727273,0.4084,0.22477424882794217,0.6060264062666287,0.6620148993962665,0.05560819426223,0.05297622108010947,0.8874622356495468
7,50,1.0,8.0,cMAP,0.0,0.4172,0.2453446333842017,0.7246148255159023,0.6404170513053328,0.06417859785023344,0.08844436644738751,0.527190332326284
7,50,1.0,50.0,MAP,0.797979797979798,0.4684,0.34785984140645265,0.7382499408779534,0.6230656496809251,0.05477081015655918,0.08085744824145374,0.5453172205438066
7,50,1.0,50.0,cMAP,0.0,0.386,0.13924963924963926,0.6507249566150859,0.664080885650426,0.012417720351361183,0.09415987593108653,0.5936555891238671
7,200,,,MLE,0.04040404040404041,0.576,0.48967846849600566,0.8119042671813544,0.5346266702416593,0.060988238769402174,0.04226865251572272,0.48564954682779454
7,200,0.0,8.0,MAP,0.0,0.5724,0.490073487688498,0.819957779301157,0.5251410176756113,0.027124656833009287,0.03199208296974596,0.4675226586102719
7,200,0.0,8.0,cMAP,0.0,0.5724,0.490073487688498,0.8199605665217745,0.5251403987006884,0.027124300131796803,0.03199209321941463,0.4675226586102719
7,200,0.0,50.0,MAP,0.0,0.5656,0.4648096122779867,0.8115859846337041,0.5344480328207978,0.043469117577658416,0.033289342870149334,0.4947129909365559
7,200,0.0,50.0,cMAP,0.0,0.5656,0.4648096122779867,0.81158389218206,0.5344511160282793,0.043476248966088704,0.0332933408629364,0.4947129909365559
7,200,0.25,8.0,MAP,0.0,0.5536,0.3127204125942094,0.8128346937907539,0.5442802490598642,0.059715892063265434,0.044313641608305906,0.49697885196374625
7,200,0.25,8.0,cMAP,0.0,0.5528,0.30551172062721854,0.8128207767231769,0.5441229567415048,0.06038122131284801,0.044664862162298535,0.49697885196374625
7,200,0.25,50.0,MAP,0.0,0.548,0.2996591415010793,0.800510121262165,0.6016844450050488,0.08899315280448984,0.07898501131565831,0.49697885196374625
7,200,0.25,50.0,cMAP,0.0,0.548,0.2996591415010793,0.800483606393772,0.6016704102073845,0.08899655971889515,0.0789822683368584,0.49697885196374625
7,200,0.5,8.0,MAP,0.30303030303030304,0.5412,0.35204896820715315,0.7987170882253571,0.5705655306453605,0.04269553394766495,0.05469968488301912,0.5853474320241692
7,200,0.5,8.0,cMAP,0.0,0.5456,0.3531443731838483,0.8038898216706383,0.5674601113521981,0.041135474351832804,0.05577406478460586,0.5377643504531722
7,200,0.5,50.0,MAP,0.30303030303030304,0.4944,0.2701138350390487,0.7608763984391474,0.6627738828148331,0.03838853901307424,0.10049227080729821,0.7084592145015106
7,200,0.5,50.0,cMAP,0.0,0.386,0.13924963924963926,0.7807588703913815,0.6750298735781577,0.1739291458319355,0.11160908831698961,0.5702416918429003
7,200,0.75,8.0,MAP,0.6060606060606061,0.47,0.2606726069309948,0.7430042790283531,0.6086640317326452,0.0747299078794867,0.056225305993562125,0.7341389728096677
7,200,0.75,8.0,cMAP,0.0,0.514,0.38039421045860594,0.781982490003104,0.5908097855999389,0.06302232541203914,0.05948352217564183,0.5460725075528701
7,200,0.75,50.0,MAP,0.696969696969697,0.386,0.13924963924963926,0.5844778788635784,0.7056222647938571,0.2075144887784573,0.09710768054110477,0.9901812688821753
7,200,0.75,50.0,cMAP,0.0,0.386,0.13924963924963926,0.597316165316052,0.6737103173307313,0.14264741751163199,0.07421695312731691,0.7824773413897281
7,200,1.0,8.0,MAP,0.6161616161616161,0.4872,0.2697014154191476,0.7002933023696298,0.6132941964332378,0.04299256919445193,0.04319445533633818,0.770392749244713
7,200,1.0,8.0,cMAP,0.0,0.564,0.4756580790528672,0.7998097177238368,0.5837449466733168,0.14166143856567567,0.0876622068237489,0.48489425981873113
7,200,1.0,50.0,MAP,0.696969696969697,0.3736,0.15068695921305827,0.6395419488243805,0.6538404429990466,0.09252946451639518,0.06344767040665601,0.8187311178247734
7,200,1.0,50.0,cMAP,0.0,0.3628,0.25370209128666504,0.6285513274012442,0.6551935837215567,0.016881084334545292,0.08102372279793646,0.5883685800604229
7,400,,,MLE,0.030303030303030304,0.5728,0.5022460762545522,0.8145865052131563,0.5281114633809366,0.04321829945398093,0.03426506797092082,0.47658610271903323
7,400,0.0,8.0,MAP,0.0,0.5788,0.49862965714815377,0.8229130980477438,0.5197640691444152,0.018666782278961246,0.031288418126206995,0.45996978851963743
7,400,0.0,8.0,cMAP,0.0,0.5788,0.49862965714815377,0.8229094678953321,0.5197635177367851,0.01866650777504017,0.031287770930231794,0.45996978851963743
7,400,0.0,50.0,MAP,0.0,0.5696,0.4880021672601797,0.8166997265320466,0.5282599341031909,0.02705519901392646,0.029548048895520776,0.4780966767371601
7,400,0.0,50.0,cMAP,0.0,0.5696,0.4880021672601797,0.8167025798878425,0.5282585626848729,0.02806826947362373,0.029548666963491888,0.4780966767371601
7,400,0.25,8.0,MAP,0.0,0.5792,0.40030571226169315,0.8199908606005678,0.5277806042018576,0.017926744667183067,0.02868591837917387,0.4705438066465257
7,400,0.25,8.0,cMAP,0.0,0.5792,0.40030571226169315,0.8200020045191473,0.5277802957339119,0.017929939895914394,0.02868631726735353,0.4705438066465257
7,400,0.25,50.0,MAP,0.0,0.5536,0.3046256339983871,0.8086852995534621,0.5795300849269199,0.07557659982352845,0.06827263659635191,0.5098187311178247
7,400,0.25,50.0,cMAP,0.0,0.5536,0.3046256339983871,0.8086827825488425,0.5795313501589773,0.0755807497406515,0.06827257965844166,0.5098187311178247
7,400,0.5,8.0,MAP,0.29292929292929293,0.5652,0.38321847256133446,0.8126773689407771,0.5445754616852311,0.02055924615065083,0.03952603780788696,0.5090634441087614
7,400,0.5,8.0,cMAP,0.0,0.5692,0.3855113205234554,0.8157487573333583,0.5410371793188605,0.01423864938059262,0.03838045618433225,0.48564954682779454
7,400,0.5,50.0,MAP,0.30303030303030304,0.5192,0.2858245010373446,0.7792438980878268,0.6299391785182696,0.04517259197379558,0.08116798279100197,0.6812688821752266
7,400,0.5,50.0,cMAP,0.0,0.516,0.2837045442997239,0.7951592057359815,0.6322974164525115,0.07267514583040856,0.09266869361764839,0.5453172205438066
7,400,0.75,8.0,MAP,0.5353535353535354,0.5352,0.3671768758435896,0.7940751794517493,0.5657042427964245,0.03469029954098188,0.04524742763347195,0.6283987915407855
7,400,0.75,8.0,cMAP,0.0,0.5744,0.46767670750824947,0.8115568548962983,0.5515680856266149,0.06539277039458424,0.04853857280965143,0.49773413897280966
7,400,0.75,50.0,MAP,0.6464646464646465,0.4008,0.2178066245194809,0.6547408634974501,0.6761631641586743,0.12236580230938733,0.08675209483170661,0.7922960725075529
7,400,0.75,50.0,cMAP,0.0,0.3824,0.13911525029103608,0.6601739736348704,0.6558698622959261,0.10820757985501707,0.06999788463047776,0.5981873111782477
7,400,1.0,8.0,MAP,0.5454545454545454,0.544,0.3903207690353141,0.7723979725880215,0.5691548591488563,0.057894542891787276,0.047371108800622605,0.6442598187311178
7,400,1.0,8.0,cMAP,0.0,0.5856,0.48636094829272636,0.8144364622019986,0.5508338154035916,0.11157633683032905,0.06574884886952018,0.493202416918429
7,400,1.0,50.0,MAP,0.6666666666666666,0.3876,0.21472350847350846,0.5848452958362618,0.6558133241759537,0.07441043676078027,0.05234909653198444,0.8051359516616314
7,400,1.0,50.0,cMAP,0.0,0.4368,0.30586441850226764,0.7509249179300814,0.6364397135405394,0.06133066393202591,0.09566083518472554,0.5249244712990937
8,10,,,MLE,0.1919191919191919,0.4976,0.3702423782986307,0.6806109210701508,0.6573955855735276,0.11290818153897998,0.11119595105043267,0.8398791540785498
8,10,0.0,8.0,MAP,0.0,0.45,0.3357108396835357,0.7482698525569564,0.7001445941930274,0.15876064884981314,0.13595615790133703,0.5936555891238671
8,10,0.0,8.0,cMAP,0.0,0.45,0.3357108396835357,0.7482706672281256,0.7001442211854252,0.15876014131693506,0.13595650184490699,0.5936555891238671
8,10,0.0,50.0,MAP,0.0,0.4492,0.3334626542552994,0.7345546762731129,0.7200252531123315,0.14831326017050567,0.14127753737863313,0.5898791540785498
8,10,0.0,50.0,cMAP,0.0,0.4492,0.3334626542552994,0.7345583274090454,0.7200251389826886,0.1483094601876057,0.1412807927139114,0.5898791540785498
8,10,0.25,8.0,MAP,0.0,0.426,0.16510367738435594,0.7626746589291855,0.8438066598247979,0.3562544813677084,0.2005268234022041,0.5075528700906344
8,10,0.25,8.0,cMAP,0.0,0.4264,0.16526150678888288,0.7632206454084529,0.8432866806153443,0.35490006732928736,0.20065253242303716,0.5075528700906344
8,10,0.25,50.0,MAP,0.0,0.4228,0.14858026426764126,0.7385022180469236,0.8522124165109192,0.35488146869125214,0.20049140570265664,0.5536253776435045
8,10,0.25,50.0,cMAP,0.0,0.4228,0.14858026426764126,0.7385568602960544,0.8522069761022328,0.3548068088122739,0.20060664352001428,0.5536253776435045
8,10,0.5,8.0,MAP,0.13131313131313133,0.4228,0.14858026426764126,0.6551299196519449,1.0440927161286093,0.5068300597748552,0.25341502988742765,0.7356495468277946
8,10,0.5,8.0,cMAP,0.0,0.4228,0.14858026426764126,0.7747740977672017,1.0361957328408622,0.501125809405309,0.2505629047026545,0.5672205438066465
8,10,0.5,50.0,MAP,0.13131313131313133,0.4228,0.14858026426764126,0.6436560265053757,1.0343910676577155,0.4989242987096139,0.24946214935480693,0.7356495468277946
8,10,0.5,50.0,cMAP,0.0,0.4228,0.14858026426764126,0.772579241237427,1.0323674357049177,0.49748398191412485,0.24874199095706243,0.5974320241691843
8,10,0.75,8.0,MAP,0.8484848484848485,0.4228,0.14858026426764126,0.6780372254522362,0.840727412157115,0.3605818442390536,0.18649252889323478,0.7598187311178247
8,10,0.75,8.0,cMAP,0.0,0.4228,0.14858026426764126,0.6323215647462117,0.7876162586602068,0.2731224881024516,0.1575512893191265,0.93202416918429
8,10,0.75,50.0,MAP,0.8787878787878788,0.4228,0.14858026426764126,0.7260728801563867,0.820061711356085,0.3519964109906924,0.18516638896512538,0.6359516616314199
8,10,0.75,50.0,cMAP,0.0,0.4228,0.14858026426764126,0.5979619272294594,0.7921641967910027,0.27355845472935275,0.15884014391664347,0.9003021148036254
8,10,1.0,8.0,MAP,0.8080808080808081,0.484,0.3503981948772391,0.7206125333724676,0.6703540356428779,0.08222411792252747,0.11524494544691163,0.804380664652568
8,10,1.0,8.0,cMAP,0.0,0.4352,0.24761284531237626,0.7059477260046383,0.6915619759449488,0.002519816079000148,0.0964729507368039,0.5898791540785498
8,10,1.0,50.0,MAP,0.8484848484848485,0.4556,0.33993462099564353,0.7390109358987917,0.6701486646712688,0.09491197288861668,0.1115911817065546,0.6336858006042296
8,10,1.0,50.0,cMAP,0.0,0.4352,0.24761284531237626,0.6181962444943797,0.7028676759779086,0.032586923117566224,0.10403170135447717,0.6080060422960725
8,50,,,MLE,0.09090909090909091,0.5324,0.4765136063934026,0.777458120422352,0.5791031279127187,0.06285845829237063,0.059470515970490495,0.5709969788519638
8,50,0.0,8.0,MAP,0.0,0.5024,0.4006652271515141,0.7836850073491299,0.6108081775199315,0.08089396576594833,0.08509541106968235,0.5226586102719033
8,50,0.0,8.0,cMAP,0.0,0.5024,0.4006652271515141,0.7836904237837389,0.6108061378036137,0.08089374298965676,0.08509388864071336,0.5226586102719033
8,50,0.0,50.0,MAP,0.0,0.4624,0.3423581955735756,0.7481811006278325,0.6879025284342711,0.1312594079166457,0.13059035943910494,0.5641993957703928
8,50,0.0,50.0,cMAP,0.0,0.4624,0.3423581955735756,0.7481884583761207,0.6879064765836234,0.13125988191614318,0.13058966016755524,0.5641993957703928
8,50,0.25,8.0,MAP,0.0,0.4404,0.24357987229240635,0.7873721725800293,0.6981601539711388,0.23871989199627633,0.14508288451892218,0.493202416918429
8,50,0.25,8.0,cMAP,0.0,0.4396,0.2436951263683392,0.7877801064339489,0.6980560097446751,0.2393399508137525,0.14680353646018449,0.49244712990936557
8,50,0.25,50.0,MAP,0.0,0.4228,0.14858026426764126,0.7566120231954884,0.8171050379662238,0.33444511338656235,0.18975007637313845,0.5075528700906344
8,50,0.25,50.0,cMAP,0.0,0.4228,0.14858026426764126,0.7566017587439706,0.8170979776661096,0.3343669820891215,0.18970217042669518,0.5090634441087614
8,50,0.5,8.0,MAP,0.23232323232323232,0.4228,0.14858026426764126,0.7767069216956013,0.8431323666553139,0.37634401224530833,0.19648585911831548,0.5709969788519638
8,50,0.5,8.0,cMAP,0.0,0.4228,0.14858026426764126,0.7846479979830256,0.862681846668453,0.391550136448474,0.20682185228814784,0.5354984894259819
8,50,0.5,50.0,MAP,0.21212121212121213,0.4228,0.14858026426764126,0.7627035288845708,0.9973292090165488,0.4726195094995546,0.23630975474977733,0.5838368580060423
8,50,0.5,50.0,cMAP,0.0,0.4228,0.14858026426764126,0.7770828361598816,1.00466733558858,0.4788296621284655,0.23941483106423275,0.5709969788519638
8,50,0.75,8.0,MAP,0.7070707070707071,0.4228,0.14858026426764126,0.5624972676011522,0.7608602469925275,0.2714617533056563,0.15056120390607555,0.790785498489426
8,50,0.75,8.0,cMAP,0.0,0.4228,0.14858026426764126,0.7658837315267696,0.7224531578079373,0.209180649032202,0.13376256476920856,0.5324773413897281
8,50,0.75,50.0,MAP,0.7878787878787878,0.4228,0.14858026426764126,0.5842274521616821,0.8130202018140897,0.3360237484529559,0.18517890148682775,0.6404833836858006
8,50,0.75,50.0,cMAP,0.0,0.4228,0.14858026426764126,0.5915778702497552,0.7854753488530533,0.26370579364736574,0.1531091960827365,0.9282477341389728
8,50,1.0,8.0,MAP,0.7070707070707071,0.4408,0.19041189006466785,0.6300425964479381,0.669678948178562,0.062341418876558995,0.09693352131200661,0.8466767371601208
8,50,1.0,8.0,cMAP,0.0,0.418,0.26422681597886766,0.7443334871023624,0.6803897574566017,0.08542626668072592,0.11323145127157722,0.5362537764350453
8,50,1.0,50.0,MAP,0.7777777777777778,0.4972,0.36898182095392984,0.7194897158417257,0.6592546073736668,0.08274632171714208,0.11390429854272976,0.7280966767371602
8,50,1.0,50.0,cMAP,0.0,0.4304,0.2192591371029251,0.6678367425521886,0.7051425893231189,0.01796099139714326,0.10748859640752784,0.5944108761329305
8,200,,,MLE,0.050505050505050504,0.5648,0.4905381337178662,0.8070614210031302,0.5338381924172074,0.04437441362332123,0.03305563588906637,0.48413897280966767
8,200,0.0,8.0,MAP,0.0,0.572,0.47835108586654,0.8126691267658165,0.5403005120984622,0.01978172991735219,0.046286418916759275,0.486404833836858
8,200,0.0,8.0,cMAP,0.0,0.572,0.47835108586654,0.8126737838562397,0.540304169649877,0.019889809875675356,0.04629026154127214,0.486404833836858
8,200,0.0,50.0,MAP,0.0,0.5004,0.39262934651630627,0.7770922944286595,0.6192380793231685,0.07405343633168354,0.09282950001290396,0.5453172205438066
8,200,0.0,50.0,cMAP,0.0,0.5004,0.39262934651630627,0.7770913873729968,0.6192348113305137,0.07404840795549239,0.09282804553493373,0.5453172205438066
8,200,0.25,8.0,MAP,0.020202020202020204,0.5288,0.34637714705854616,0.8124951820107249,0.5740802062893031,0.07003267296873933,0.08158161137082408,0.46676737160120846
8,200,0.25,8.0,cMAP,0.0,0.5276,0.34141202434068824,0.812504895540229,0.5745007541100702,0.07235720160357431,0.08200205992258139,0.47205438066465255
8,200,0.25,50.0,MAP,0.0,0.4248,0.15195848384518126,0.7906197435417338,0.7290086964874741,0.28804638101568564,0.16100002942592706,0.486404833836858
8,200,0.25,50.0,cMAP,0.0,0.4248,0.15195848384518126,0.7907036050368983,0.7289660846138893,0.28797431661604955,0.1608654160184574,0.4871601208459215
8,200,0.5,8.0,MAP,0.26262626262626265,0.4484,0.18484820299179994,0.8069736543509203,0.6399871878780765,0.20406359325419227,0.12114036314471416,0.5090634441087614
8,200,0.5,8.0,cMAP,0.0,0.4244,0.151010547053145,0.8082030008522583,0.6467018875234402,0.2347120513692386,0.12574830064667197,0.4954682779456193
8,200,0.5,50.0,MAP,0.26262626262626265,0.4228,0.14858026426764126,0.7868116727033408,0.8926016591021937,0.4146507810097971,0.20732539050489854,0.5483383685800605
8,200,0.5,50.0,cMAP,0.0,0.4228,0.14858026426764126,0.7876166314011183,0.9052737104770322,0.4217779149584675,0.21088895747923372,0.540785498489426
8,200,0.75,8.0,MAP,0.5858585858585859,0.454,0.19134657023990834,0.7597813923385055,0.6297585278201916,0.13510427598671573,0.08972917204169362,0.6125377643504532
8,200,0.75,8.0,cMAP,0.0,0.4732,0.25772972562829166,0.7994986048800767,0.5993929423128651,0.07825018473731855,0.09438719812541019,0.520392749244713
8,200,0.75,50.0,MAP,0.6565656565656566,0.4228,0.14858026426764126,0.5843162803778434,0.7810345782483442,0.2951358814527732,0.1488149695953578,0.8089123867069486
8,200,0.75,50.0,cMAP,0.0,0.4228,0.14858026426764126,0.7242316124226627,0.741424577869186,0.22417563969861437,0.12909927581786432,0.5279456193353474
8,200,1.0,8.0,MAP,0.5959595959595959,0.5108,0.2590026262108166,0.7028669491951979,0.6150499524215968,0.03731224873493284,0.05048688899356839,0.7348942598187311
8,200,1.0,8.0,cMAP,0.0,0.5548,0.4325268256845178,0.7970433930914835,0.5934878211881426,0.12049225316058118,0.08696451545928056,0.5332326283987915
8,200,1.0,50.0,MAP,0.6666666666666666,0.4236,0.1681223724803093,0.6397197445792229,0.6665005094199303,0.06320401455291062,0.0995246132664044,0.8383685800604229
8,200,1.0,50.0,cMAP,0.0,0.4352,0.24761284531237626,0.7157536700588064,0.6780036983686821,0.08490007245945512,0.1077636298277804,0.5309667673716012
8,400,,,MLE,0.030303030303030304,0.5812,0.47390184522309503,0.8196166687267126,0.5195757528825455,0.03869638903914174,0.02401219429629428,0.4735649546827795
8,400,0.0,8.0,MAP,0.0,0.5804,0.4819506673808,0.8214275911748841,0.5219480263427703,0.028107353400105246,0.030937701203415123,0.472809667673716
8,400,0.0,8.0,cMAP,0.0,0.5804,0.4819506673808,0.8214230216737952,0.5219488860481671,0.028105391537717208,0.030939591820214968,0.472809667673716
8,400,0.0,50.0,MAP,0.0,0.5312,0.4252787670440723,0.7981284242918081,0.5749933739087494,0.036635208354101445,0.0684288261358009,0.479607250755287
8,400,0.0,50.0,cMAP,0.0,0.5312,0.4252787670440723,0.7981297704788213,0.5749916738781622,0.036635988215208644,0.06842993630297775,0.479607250755287
8,400,0.25,8.0,MAP,0.020202020202020204,0.5696,0.4117022906922307,0.8199613534394952,0.5383594414686862,0.021748440970023833,0.05155497317627052,0.4652567975830816
8,400,0.25,8.0,cMAP,0.0,0.5684,0.41039243586206975,0.8206010725458275,0.5384244759897824,0.025406568112663327,0.05307891695879888,0.4622356495468278
8,400,0.25,50.0,MAP,0.010101010101010102,0.4408,0.19512927236485916,0.8042076258281416,0.654268255074973,0.21617997843938205,0.12772987365550742,0.47583081570996977
8,400,0.25,50.0,cMAP,0.0,0.4428,0.2035163733465605,0.8044467013523009,0.6544499520596583,0.21449534471827783,0.12821787532265083,0.4788519637462236
8,400,0.5,8.0,MAP,0.25252525252525254,0.5304,0.30547473159039845,0.8153849353897292,0.576966778435013,0.08576882342826465,0.08327912020638734,0.48036253776435045
8,400,0.5,8.0,cMAP,0.0,0.5272,0.310695625758309,0.8171008650930576,0.5788108391115842,0.09260014918221038,0.08754236662396055,0.472809667673716
8,400,0.5,50.0,MAP,0.2727272727272727,0.4228,0.14858026426764126,0.7928821871413607,0.7921341851477224,0.3501160328649181,0.1752935458724288,0.554380664652568
8,400,0.5,50.0,cMAP,0.0,0.4228,0.14858026426764126,0.7970674239854566,0.8120608835036258,0.36485756989342244,0.18242878494671125,0.5445619335347432
8,400,0.75,8.0,MAP,0.494949494949495,0.5332,0.30837482947080347,0.7958847281595051,0.577909186218768,0.04804747023743133,0.06771373947679324,0.5453172205438066
8,400,0.75,8.0,cMAP,0.0,0.5504,0.3853882731434964,0.8157568267829396,0.5569767110616487,0.02717840418098988,0.07090979159653885,0.4916918429003021
8,400,0.75,50.0,MAP,0.6262626262626263,0.4228,0.14858026426764126,0.6290857340037469,0.729917597723308,0.24761846481787805,0.13494198495042253,0.6910876132930514
8,400,0.75,50.0,cMAP,0.0,0.4228,0.14858026426764126,0.7866285760467786,0.6883444344854915,0.17899454142099203,0.133518687008818,0.5294561933534743
8,400,1.0,8.0,MAP,0.5555555555555556,0.538,0.3349326325769954,0.7685502727001451,0.5759893444783385,0.03661073410074264,0.0512603089808194,0.6419939577039275
8,400,1.0,8.0,cMAP,0.0,0.5748,0.4364793005936072,0.8136618030674625,0.5524397336499891,0.08791625702852333,0.06667822201087396,0.4984894259818731
8,400,1.0,50.0,MAP,0.6464646464646465,0.424,0.1522482632550706,0.6138482253379558,0.6627859076538525,0.08292307529029155,0.08578610397022479,0.8270392749244713
8,400,1.0,50.0,cMAP,0.0,0.4472,0.24783965542422465,0.7806961006514547,0.6483504245557226,0.07630206031733108,0.10455016887937793,0.5249244712990937
9,10,,,MLE,0.15151515151515152,0.4464,0.27017536449408813,0.6747655542629809,0.6802508864510146,0.08646335332314839,0.10557346546203347,0.5913897280966768
9,10,0.0,8.0,MAP,0.0,0.5836,0.4906656415816735,0.8171208202738462,0.5246689181211299,0.04058918403331913,0.028589665482447145,0.4652567975830816
9,10,0.0,8.0,cMAP,0.0,0.5836,0.4906656415816735,0.8171233557870953,0.5246714946314387,0.04058985710240727,0.028592412427567146,0.4652567975830816
9,10,0.0,50.0,MAP,0.0,0.58,0.49231518383950235,0.8149808335824436,0.5251075006865907,0.03534323933415005,0.027809968066903265,0.4652567975830816
9,10,0.0,50.0,cMAP,0.0,0.58,0.49231518383950235,0.8149832041105942,0.5251072271450011,0.03534221394694561,0.027809748295287203,0.4652567975830816
9,10,0.25,8.0,MAP,0.0,0.532,0.2881645945359683,0.7840144999578895,0.6376569387082313,0.12348605083738243,0.09643249844581189,0.5438066465256798
9,10,0.25,8.0,cMAP,0.0,0.532,0.2881645945359683,0.784023851587243,0.6376588272665862,0.12348843277954782,0.09654087925236521,0.5438066465256798
9,10,0.25,50.0,MAP,0.0,0.5156,0.2671765870309555,0.7760757554896835,0.6500040497144707,0.13384267577545889,0.10059824734171023,0.601963746223565
9,10,0.25,50.0,cMAP,0.0,0.5156,0.2671765870309555,0.7760696670972478,0.650005379564495,0.13384575880742713,0.10059721030605091,0.601963746223565
9,10,0.5,8.0,MAP,0.21212121212121213,0.4228,0.14858026426764126,0.6150380849044883,0.702744426891213,0.1875838326786051,0.09740167582846587,0.6842900302114804
9,10,0.5,8.0,cMAP,0.0,0.4228,0.14858026426764126,0.7261258397721759,0.7116608518734404,0.20806093844200263,0.1040304692210013,0.5626888217522659
9,10,0.5,50.0,MAP,0.21212121212121213,0.4228,0.14858026426764126,0.600989454307945,0.7252518505675309,0.22838342881587909,0.11419171440793956,0.6858006042296072
9,10,0.5,50.0,cMAP,0.0,0.4228,0.14858026426764126,0.729974020618632,0.7279579013269099,0.2332746992819527,0.11663734964097634,0.5657099697885196
9,10,0.75,8.0,MAP,0.9494949494949495,0.4868,0.24795069412823684,0.6960390403549073,0.6609886257752925,0.08482291737546217,0.09017979453461242,0.6540785498489426
9,10,0.75,8.0,cMAP,0.0,0.4228,0.14858026426764126,0.61424373852779,0.6818570814379645,0.12490813028026898,0.07651088559063794,0.7311178247734139
9,10,0.75,50.0,MAP,0.9595959595959596,0.512,0.2709004380596534,0.7635526256720471,0.6516587342897657,0.11307024534755587,0.09617474299213677,0.5641993957703928
9,10,0.75,50.0,cMAP,0.0,0.4228,0.14858026426764126,0.601942280572204,0.6834746881042466,0.13341465862229102,0.07615260630153661,0.8277945619335347
9,10,1.0,8.0,MAP,0.8787878787878788,0.5412,0.4094303900779195,0.7539653255227357,0.5799437638210111,0.04470679347637827,0.043669682100722355,0.5777945619335347
9,10,1.0,8.0,cMAP,0.0,0.4228,0.14858026426764126,0.661136393638612,0.6551219847681323,0.09785058904311496,0.05471633108417419,0.7099697885196374
9,10,1.0,50.0,MAP,0.9090909090909091,0.5512,0.45451432689001287,0.7880386686391496,0.5570602119442992,0.03983179126007167,0.04434904952431623,0.48036253776435045
9,10,1.0,50.0,cMAP,0.0,0.4228,0.14858026426764126,0.6137124630683135,0.6574550917427031,0.01918006524363608,0.029021847908138942,0.6722054380664653
9,50,,,MLE,0.13131313131313133,0.5372,0.48572418686830354,0.7647288923241189,0.6048257847975276,0.10970137245212014,0.07499410525307941,0.5015105740181269
9,50,0.0,8.0,MAP,0.0,0.5788,0.49003765673424504,0.8189682447032435,0.5221675107407961,0.041001571465063884,0.02988563408149076,0.4554380664652568
9,50,0.0,8.0,cMAP,0.0,0.5788,0.49003765673424504,0.8189711912880335,0.5221657845143469,0.04100303850207744,0.029885827160520108,0.4554380664652568
9,50,0.0,50.0,MAP,0.0,0.5792,0.4868283183951201,0.8166814520876469,0.5234466326408581,0.03545879230379453,0.027914935964940334,0.4637462235649547
9,50,0.0,50.0,cMAP,0.0,0.5792,0.4868283183951201,0.816682963821156,0.5234455234048727,0.03545633187739247,0.027914203462976732,0.4637462235649547
9,50,0.25,8.0,MAP,0.0,0.5368,0.2922663556647514,0.7824229799944961,0.6050950397442939,0.1096683243879669,0.0758725112236993,0.513595166163142
9,50,0.25,8.0,cMAP,0.0,0.536,0.29175151956234824,0.7825976008347538,0.6048940347612973,0.11046895387044162,0.0758484197225802,0.5052870090634441
9,50,0.25,50.0,MAP,0.0,0.5228,0.27569836732468844,0.7790561450542448,0.6393011168852523,0.12353119524178148,0.09603238758210758,0.5589123867069486
9,50,0.25,50.0,cMAP,0.0,0.5228,0.27569836732468844,0.7790535248477235,0.6393010161050134,0.1235270141478869,0.09603240466078011,0.5589123867069486
9,50,0.5,8.0,MAP,0.3333333333333333,0.4228,0.14858026426764126,0.7355758272286717,0.6653071778476487,0.17207141795269967,0.09224977479479801,0.5913897280966768
9,50,0.5,8.0,cMAP,0.0,0.4228,0.14858026426764126,0.7639424260421043,0.6759515042298009,0.19291206371983757,0.10861410575756794,0.5181268882175226
9,50,0.5,50.0,MAP,0.3333333333333333,0.4228,0.14858026426764126,0.704172823118723,0.7174818810897312,0.22068575154713393,0.11254084493759624,0.697129909365559
9,50,0.5,50.0,cMAP,0.0,0.4228,0.14858026426764126,0.7355801941766655,0.7226693749379524,0.22871074954023246,0.135050590403497,0.5574018126888217
9,50,0.75,8.0,MAP,0.7474747474747475,0.4208,0.1490084985835694,0.5622082363224048,0.677328502612151,0.11289186588330323,0.07741680706404083,0.8595166163141994
9,50,0.75,8.0,cMAP,0.0,0.4208,0.14917753828701077,0.601786809643367,0.6651789199153254,0.09503370732628323,0.07828700889933306,0.5188821752265861
9,50,0.75,50.0,MAP,0.8282828282828283,0.4808,0.2265659122439443,0.7025131311746338,0.6583994419082233,0.10196193261414106,0.09684330644474563,0.6155589123867069
9,50,0.75,50.0,cMAP,0.0,0.4228,0.14858026426764126,0.6103130266055667,0.6786582783383168,0.12678066644170366,0.06976358540324991,0.966012084592145
9,50,1.0,8.0,MAP,0.7676767676767676,0.4432,0.23296995629058945,0.6396923572901703,0.6365003925285001,0.02061412574729702,0.028704691460683135,0.7953172205438066
9,50,1.0,8.0,cMAP,0.0,0.3952,0.22897715610389113,0.6812716686761127,0.6442923384474357,0.014201675037939598,0.054855727673230645,0.5196374622356495
9,50,1.0,50.0,MAP,0.797979797979798,0.5512,0.4420630947430608,0.7728257239654354,0.5652368022714858,0.037102687006857066,0.04293084365471454,0.5483383685800605
9,50,1.0,50.0,cMAP,0.0,0.3992,0.1521611569701007,0.6097903738456505,0.657534791307713,0.07370962202302017,0.07396529864490743,0.6170694864048338
9,200,,,MLE,0.010101010101010102,0.5696,0.47268423401095694,0.8126373978328896,0.5353572799274072,0.05271132388428381,0.035285917508959964,0.48036253776435045
9,200,0.0,8.0,MAP,0.0,0.5796,0.48220996712097575,0.8206440801527193,0.521545166780753,0.0323179467809375,0.023397109223382822,0.4622356495468278
9,200,0.0,8.0,cMAP,0.0,0.5796,0.48220996712097575,0.8206419812668686,0.5215460300030554,0.03232087310289904,0.023397383613973605,0.4622356495468278
9,200,0.0,50.0,MAP,0.0,0.5748,0.4843267286995858,0.8200671807256695,0.5207515899050075,0.03393788758877844,0.024216040251928847,0.4652567975830816
9,200,0.0,50.0,cMAP,0.0,0.5748,0.4843267286995858,0.8200689411286549,0.5207520623955115,0.033939991491016806,0.024216411580255098,0.4652567975830816
9,200,0.25,8.0,MAP,0.0,0.5492,0.30027821428686197,0.8112158922962879,0.5694694240888227,0.09232835020392319,0.06440511306898272,0.49697885196374625
9,200,0.25,8.0,cMAP,0.0,0.5492,0.30027821428686197,0.8112137830954411,0.569470051426199,0.0923290410273976,0.06440594202479542,0.49697885196374625
9,200,0.25,50.0,MAP,0.0,0.532,0.28127011206570707,0.7971480901841448,0.6267406194190211,0.12492208738956195,0.09548993881659269,0.5362537764350453
9,200,0.25,50.0,cMAP,0.0,0.532,0.28127011206570707,0.7971505733670046,0.6267440932954889,0.12492207808110228,0.09549320640121302,0.5362537764350453
9,200,0.5,8.0,MAP,0.31313131313131315,0.5016,0.2499571143409644,0.802546944212422,0.6099938892737202,0.09988290747298827,0.0892865115298598,0.525679758308157
9,200,0.5,8.0,cMAP,0.0,0.4924,0.23822887114094815,0.8079819291067529,0.6079505835826143,0.10720392820153382,0.09189843726609152,0.5181268882175226
9,200,0.5,50.0,MAP,0.32323232323232326,0.4228,0.14858026426764126,0.7697443058224877,0.7138621780805763,0.24334433903307873,0.12624293953945975,0.6132930513595166
9,200,0.5,50.0,cMAP,0.0,0.4228,0.14858026426764126,0.7828766392945162,0.7101031196668407,0.2311866289475233,0.1222372276142408,0.5445619335347432
9,200,0.75,8.0,MAP,0.5757575757575758,0.4336,0.17950767400005746,0.7522573399094464,0.6320367589830005,0.13052015866708383,0.0713764024540405,0.7031722054380665
9,200,0.75,8.0,cMAP,0.0,0.432,0.16165031475621444,0.8059937184418393,0.6081172927360822,0.11019419105000805,0.08061106372620216,0.48338368580060426
9,200,0.75,50.0,MAP,0.7171717171717171,0.4228,0.14858026426764126,0.5929055096684845,0.6996199817843104,0.183301071485169,0.09167004869814446,0.9312688821752266
9,200,0.75,50.0,cMAP,0.0,0.4228,0.14858026426764126,0.6085944668459992,0.6705444300847163,0.11266518257593784,0.08736512215161187,0.9629909365558912
9,200,1.0,8.0,MAP,0.5858585858585859,0.4644,0.24417907705591185,0.6868477620057739,0.6194567301000318,0.05218196820369423,0.03838351543833603,0.7280966767371602
9,200,1.0,8.0,cMAP,0.0,0.5472,0.39504591241289394,0.8088506106074038,0.5844894274657579,0.11051643361321697,0.09017073362295107,0.47129909365558914
9,200,1.0,50.0,MAP,0.7272727272727273,0.4716,0.22463864296996322,0.7039979268074605,0.6154204646247677,0.03991236654728223,0.05139174781966182,0.7205438066465257
9,200,1.0,50.0,cMAP,0.0,0.3988,0.1511183035160418,0.6511173892738111,0.6525291837110777,0.07288514095854998,0.05805812433117981,0.5702416918429003
9,400,,,MLE,0.0,0.586,0.4779430750701463,0.8237270363865867,0.5164125680956095,0.025596452787033267,0.02109673687455737,0.4637462235649547
9,400,0.0,8.0,MAP,0.0,0.5812,0.4737269166780822,0.8249904597628693,0.5143583611434095,0.03202471397526824,0.018600714273277297,0.45770392749244715
9,400,0.0,8.0,cMAP,0.0,0.5812,0.4737269166780822,0.824991686378651,0.5143585557221302,0.03202316960948264,0.01866732706927798,0.45770392749244715
9,400,0.0,50.0,MAP,0.0,0.5828,0.4852453059101063,0.8227100006170257,0.5169287299777529,0.025515883299055322,0.022156361274862996,0.45468277945619334
9,400,0.0,50.0,cMAP,0.0,0.5828,0.4852453059101063,0.8227156765501997,0.5169287615387067,0.025513705718018146,0.022156195978258204,0.45468277945619334
9,400,0.25,8.0,MAP,0.0,0.5752,0.3686423994036571,0.8205430843871283,0.5356619594106377,0.04385619980179069,0.04132306410185185,0.4652567975830816
9,400,0.25,8.0,cMAP,0.0,0.5752,0.3686423994036571,0.8205455058495394,0.5356613917689433,0.043855138892504836,0.0413218563188946,0.4645015105740181
9,400,0.25,50.0,MAP,0.0,0.542,0.29257323543554115,0.8048603760546831,0.5990940473341854,0.10455766035747496,0.08298272381606588,0.5166163141993958
9,400,0.25,50.0,cMAP,0.0,0.542,0.29257323543554115,0.8048703124158266,0.5990970912996288,0.10456222579580904,0.0829855005400309,0.5166163141993958
9,400,0.5,8.0,MAP,0.2828282828282828,0.5536,0.33312496622155097,0.8197222945526901,0.5548239566698019,0.03199107284417248,0.061210328823653126,0.4645015105740181
9,400,0.5,8.0,cMAP,0.0,0.558,0.3432646178011106,0.8208241676695045,0.5537638054628921,0.03102469135697799,0.06153159874926288,0.45770392749244715
9,400,0.5,50.0,MAP,0.2828282828282828,0.4228,0.14858026426764126,0.792366257473781,0.6691082655219945,0.21868354531055123,0.11889530694594411,0.554380664652568
9,400,0.5,50.0,cMAP,0.0,0.4228,0.14858026426764126,0.7991818114135083,0.6711325541533905,0.20683682262971995,0.11517050065867504,0.5415407854984894
9,400,0.75,8.0,MAP,0.5252525252525253,0.5464,0.3474286206364556,0.8096496215824045,0.568608554426043,0.013676172447441874,0.06407888387671556,0.5611782477341389
9,400,0.75,8.0,cMAP,0.0,0.5704,0.4135285512950668,0.8217438807298234,0.5562090557902688,0.04785879857161336,0.06567785855108266,0.47205438066465255
9,400,0.75,50.0,MAP,0.5959595959595959,0.4228,0.14858026426764126,0.6580563575297793,0.685037650885659,0.15652204582883372,0.09300774167177583,0.7953172205438066
9,400,0.75,50.0,cMAP,0.0,0.4164,0.14833285836420632,0.6069969764955916,0.663470346223435,0.12791912793825605,0.09858115321041908,0.5090634441087614
9,400,1.0,8.0,MAP,0.5454545454545454,0.5484,0.35501954373870537,0.7863299558128414,0.5698037749724122,0.04662361048663347,0.06163099400592913,0.6329305135951662
9,400,1.0,8.0,cMAP,0.0,0.586,0.4690839568131822,0.8195461741327094,0.546500867846952,0.10024008881020095,0.06802006067201344,0.47507552870090636
9,400,1.0,50.0,MAP,0.6464646464646465,0.4496,0.20432538699011807,0.6503110453852725,0.6372886945732443,0.04552338523679846,0.04499018869022066,0.8738670694864048
9,400,1.0,50.0,cMAP,0.0,0.4292,0.22703251228914856,0.6825687122506071,0.6388630322594174,0.03489156669910787,0.0636056223514627,0.5362537764350453
10,10,,,MLE,0.1919191919191919,0.5284,0.404028452199487,0.6825932773418044,0.6480619913206901,0.1303069518406604,0.0932848138363506,0.6737160120845922
10,10,0.0,8.0,MAP,0.0,0.4868,0.37350105089906765,0.7804698229306981,0.6638651812744605,0.18673580729994976,0.131615154467277,0.5105740181268882
10,10,0.0,8.0,cMAP,0.0,0.4868,0.37350105089906765,0.7804706667983121,0.6638645719312656,0.18673854053525932,0.1316153867978173,0.5105740181268882
10,10,0.0,50.0,MAP,0.0,0.4704,0.35894952315759926,0.7753258861418061,0.6814182811491364,0.20140494480607746,0.13840569423771196,0.5143504531722054
10,10,0.0,50.0,cMAP,0.0,0.4704,0.35894952315759926,0.7753174267565918,0.6814224310084275,0.20141009526228798,0.13840804310195132,0.5143504531722054
10,10,0.25,8.0,MAP,0.0,0.4228,0.14866385372714486,0.788538810390927,0.8021751383152691,0.36483484977239317,0.19094846735133075,0.5725075528700906
10,10,0.25,8.0,cMAP,0.0,0.4228,0.14866385372714486,0.7885374251554977,0.8021797467747647,0.3648394457624343,0.19094985029462194,0.5725075528700906
10,10,0.25,50.0,MAP,0.0,0.4228,0.14858026426764126,0.7752644345473623,0.8646402346379316,0.3987280116860015,0.20490989692552425,0.5793051359516617
10,10,0.25,50.0,cMAP,0.0,0.4228,0.14858026426764126,0.7752591141063061,0.864640199610537,0.39872821658266644,0.20490982842837369,0.5793051359516617
10,10,0.5,8.0,MAP,0.1919191919191919,0.4228,0.14858026426764126,0.677544331188331,0.9518169366512004,0.454212292463478,0.227106146231739,0.6253776435045317
10,10,0.5,8.0,cMAP,0.0,0.4228,0.14858026426764126,0.7727636628952653,0.9898728668382306,0.47738471584597336,0.23869235792298668,0.5808157099697885
10,10,0.5,50.0,MAP,0.15151515151515152,0.4228,0.14858026426764126,0.6687117393424888,1.0082789329955377,0.48613204296318396,0.24306602148159198,0.6676737160120846
10,10,0.5,50.0,cMAP,0.0,0.4228,0.14858026426764126,0.7714339454014714,1.0173256315543393,0.4913712416147336,0.24568562080736683,0.581570996978852
10,10,0.75,8.0,MAP,0.8484848484848485,0.4228,0.14858026426764126,0.6633207228740784,0.8359475086220857,0.36197622323956213,0.1811750505326977,0.724320241691843
10,10,0.75,8.0,cMAP,0.0,0.4228,0.14858026426764126,0.5879316796546739,0.7746580502902081,0.26883369349947955,0.14379109951457789,0.972809667673716
10,10,0.75,50.0,MAP,0.898989898989899,0.4228,0.14858026426764126,0.7499450927953365,0.8594461303384061,0.3923160648296508,0.19852430729278447,0.5181268882175226
10,10,0.75,50.0,cMAP,0.0,0.4228,0.14858026426764126,0.6236642113587968,0.7863202085504671,0.2799233625025896,0.15005489926279056,0.9826283987915407
10,10,1.0,8.0,MAP,0.8181818181818182,0.4928,0.36826190255793145,0.7401772791936605,0.6415156372079216,0.10800272016291933,0.10683571228726683,0.5611782477341389
10,10,1.0,8.0,cMAP,0.0,0.4228,0.14858026426764126,0.5970115566969288,0.6940432073703243,0.03502604309731482,0.09912648062111003,0.6903323262839879
10,10,1.0,50.0,MAP,0.8484848484848485,0.4664,0.38168877456090916,0.757682995743425,0.6643264324747831,0.17226018528451909,0.12838227203963462,0.48413897280966767
10,10,1.0,50.0,cMAP,0.0,0.4228,0.14858026426764126,0.6421170631302999,0.6953138875328081,0.03137529405908879,0.0890289442829936,0.9131419939577039
10,50,,,MLE,0.16161616161616163,0.5428,0.4895442223063008,0.7636489420427918,0.5875714058716552,0.12971011725062243,0.08105378322476618,0.6238670694864048
10,50,0.0,8.0,MAP,0.0,0.5228,0.43731843052543995,0.7963212469569795,0.6005104663287534,0.12709979421507364,0.09065829357588252,0.4743202416918429
10,50,0.0,8.0,cMAP,0.0,0.5228,0.43731843052543995,0.796324525768439,0.6005092785754499,0.12710001062755347,0.0906583194527833,0.4743202416918429
10,50,0.0,50.0,MAP,0.0,0.4856,0.3918250545346713,0.7810957446022138,0.660403315995649,0.17948933871117717,0.129313549795675,0.5060422960725075
10,50,0.0,50.0,cMAP,0.0,0.4856,0.3918250545346713,0.7810983215678554,0.6604051353635964,0.1794953491399619,0.12931469762036715,0.5060422960725075
10,50,0.25,8.0,MAP,0.0,0.4404,0.19235291586039577,0.7956529246263424,0.6720007195404653,0.2553269970388457,0.13931391360511342,0.5166163141993958
10,50,0.25,8.0,cMAP,0.0,0.4412,0.19333734003713918,0.7961293860463101,0.671504442537127,0.25444286479901085,0.13934323756999684,0.5196374622356495
10,50,0.25,50.0,MAP,0.0,0.4228,0.14866385372714486,0.7856865061740387,0.8233314802267887,0.3764292773032677,0.1964233863748831,0.5294561933534743
10,50,0.25,50.0,cMAP,0.0,0.4228,0.14866385372714486,0.7856867343450262,0.8233425879189231,0.37643712046943945,0.19642703178568802,0.5294561933534743
10,50,0.5,8.0,MAP,0.32323232323232326,0.4228,0.14858026426764126,0.7620544454547089,0.8180963862828766,0.37710331563293387,0.18855165781646696,0.5445619335347432
10,50,0.5,8.0,cMAP,0.0,0.4228,0.14858026426764126,0.7795073679361991,0.8428474410219107,0.3953629235236038,0.1983193256957917,0.525679758308157
10,50,0.5,50.0,MAP,0.25252525252525254,0.4228,0.14858026426764126,0.7497063762261635,0.988748843188223,0.47611052288969696,0.23805526144484848,0.5762839879154078
10,50,0.5,50.0,cMAP,0.0,0.4228,0.14858026426764126,0.7756043258508444,0.99812156645658,0.4814304037212303,0.24071520186061515,0.5354984894259819
10,50,0.75,8.0,MAP,0.7373737373737373,0.4228,0.14858026426764126,0.6045571000536168,0.7616706935110404,0.2782598542417949,0.15423055691397114,0.824773413897281
10,50,0.75,8.0,cMAP,0.0,0.4228,0.14858026426764126,0.7621884911972928,0.7031732317792497,0.19710602253633153,0.12682440141111387,0.5211480362537765
10,50,0.75,50.0,MAP,0.8181818181818182,0.4228,0.14858026426764126,0.6272603382107889,0.8483982341794605,0.37342549596229957,0.19085846418368374,0.6148036253776435
10,50,0.75,50.0,cMAP,0.0,0.4228,0.14858026426764126,0.6216159439516478,0.7731130859669778,0.2651763813993753,0.1426395338286264,0.8746223564954683
10,50,1.0,8.0,MAP,0.7373737373737373,0.4568,0.267171387186002,0.6641844313156963,0.6512687291422355,0.05962323596567258,0.0773849297219519,0.7968277945619335
10,50,1.0,8.0,cMAP,0.0,0.4564,0.19688212793555135,0.7659416134115502,0.6535518289830083,0.0676065039214069,0.08796382075195062,0.527190332326284
10,50,1.0,50.0,MAP,0.7777777777777778,0.4916,0.36847130393205274,0.724828351981138,0.6416737048471615,0.10648174329128253,0.10934719191533998,0.47129909365558914
10,50,1.0,50.0,cMAP,0.0,0.4228,0.14858026426764126,0.6569649774493871,0.69131705213301,0.016277863070930487,0.08142483638612043,0.6586102719033232
10,200,,,MLE,0.030303030303030304,0.5716,0.4886621277770583,0.8139562016371771,0.5247223760399684,0.06041912160098953,0.0340662658970969,0.472809667673716
10,200,0.0,8.0,MAP,0.0,0.5636,0.47360999392612235,0.8145559567082709,0.543575477438981,0.060144300851788235,0.04674335577928201,0.4622356495468278
10,200,0.0,8.0,cMAP,0.0,0.5636,0.47360999392612235,0.8145575578394488,0.5435764352355702,0.060571740159215,0.04685099209642665,0.4622356495468278
10,200,0.0,50.0,MAP,0.0,0.5104,0.40468195797333983,0.7927278241879471,0.61549546601114,0.13415929061304854,0.10184295581219825,0.48489425981873113
10,200,0.0,50.0,cMAP,0.0,0.5104,0.40468195797333983,0.7927254630884374,0.615498731425971,0.13416120845860832,0.10184511038753646,0.48489425981873113
10,200,0.25,8.0,MAP,0.020202020202020204,0.5488,0.341214379116782,0.8131154304473194,0.5693150093767196,0.074781712535702,0.07218986910609913,0.525679758308157
10,200,0.25,8.0,cMAP,0.0,0.546,0.3389879770943282,0.8143330196597198,0.5700813353239526,0.07988021571926449,0.07473171439176063,0.506797583081571
10,200,0.25,50.0,MAP,0.0,0.432,0.17528995124018928,0.8009887810812776,0.7113352013771108,0.2914276703399206,0.15710046291483182,0.527190332326284
10,200,0.25,50.0,cMAP,0.0,0.432,0.17528995124018928,0.8009898461517329,0.711330185756162,0.2914205901543602,0.15709845838931294,0.527190332326284
10,200,0.5,8.0,MAP,0.31313131313131315,0.4632,0.20313418577307465,0.8020937389510865,0.6241109880609873,0.17883180223161235,0.10686896822505294,0.5453172205438066
10,200,0.5,8.0,cMAP,0.0,0.4368,0.1682645921747755,0.8102952273712718,0.6352333676279291,0.21902311013553136,0.11633506176820954,0.5196374622356495
10,200,0.5,50.0,MAP,0.32323232323232326,0.4228,0.14858026426764126,0.7797345576847676,0.8567522237879229,0.39787545051565587,0.19893772525782794,0.5762839879154078
10,200,0.5,50.0,cMAP,0.0,0.4228,0.14858026426764126,0.7909721267192791,0.8984219214189565,0.42606383537593356,0.21309853712936297,0.5604229607250756
10,200,0.75,8.0,MAP,0.6262626262626263,0.4656,0.20841069678683788,0.7628109977997941,0.6213316305853059,0.12204185905141629,0.0887807991421884,0.6654078549848943
10,200,0.75,8.0,cMAP,0.0,0.4784,0.24994157566357933,0.811575666857612,0.5910306682326958,0.07061645636255168,0.08512257286193603,0.49244712990936557
10,200,0.75,50.0,MAP,0.7272727272727273,0.4228,0.14858026426764126,0.5623001758066778,0.7830591737522257,0.30248439652289316,0.15124219826144658,0.9176737160120846
10,200,0.75,50.0,cMAP,0.0,0.4228,0.14858026426764126,0.7171891991503122,0.7337727659523684,0.2238506873210428,0.14238826966829263,0.5702416918429003
10,200,1.0,8.0,MAP,0.6363636363636364,0.4812,0.23395077577757634,0.710333170337364,0.6142027193541816,0.0372191149988468,0.05436729462110736,0.6918429003021148
10,200,1.0,8.0,cMAP,0.0,0.5728,0.43869585872572264,0.806503857017599,0.5818945043774684,0.1341979544930988,0.08617217029984824,0.4984894259818731
10,200,1.0,50.0,MAP,0.7272727272727273,0.4804,0.29722538951293015,0.6803011048497595,0.6401803213371365,0.07481955986577599,0.08544259649791378,0.7530211480362538
10,200,1.0,50.0,cMAP,0.0,0.4248,0.19024147337730757,0.7244405271728969,0.6722267095225186,0.07193507854779937,0.0987502247637477,0.6268882175226587
10,400,,,MLE,0.0,0.5888,0.48558302317094726,0.8225303103467452,0.5161718276486985,0.026286764604909724,0.018003351867109055,0.46676737160120846
10,400,0.0,8.0,MAP,0.0,0.5744,0.5025159391130348,0.8188543940899565,0.5274522739472627,0.023807399997932136,0.030945919604595362,0.45770392749244715
10,400,0.0,8.0,cMAP,0.0,0.5744,0.5025159391130348,0.8188518714451203,0.5274541872867549,0.023811518896351157,0.03094656345195065,0.45770392749244715
10,400,0.0,50.0,MAP,0.0,0.5204,0.4145576195524832,0.8001636137458685,0.5883076847335497,0.10697939959804066,0.08094228480688598,0.46827794561933533
10,400,0.0,50.0,cMAP,0.0,0.5204,0.4145576195524832,0.8001601572523447,0.5883056718347736,0.10698117253626409,0.08094007756657298,0.46827794561933533
10,400,0.25,8.0,MAP,0.020202020202020204,0.5612,0.37421089715088257,0.8193472394916055,0.5364608733064519,0.039951879575246665,0.04478740796775294,0.4637462235649547
10,400,0.25,8.0,cMAP,0.0,0.5584,0.3717518876572846,0.8199798974166796,0.5367477327940756,0.04510817298448055,0.046268832756816265,0.4645015105740181
10,400,0.25,50.0,MAP,0.010101010101010102,0.4584,0.2158530742606376,0.8074664953880131,0.6452505070165979,0.20845006508553465,0.12552606889070728,0.5098187311178247
10,400,0.25,50.0,cMAP,0.0,0.4584,0.2158530742606376,0.8074711620703576,0.645267869128321,0.20846432287146938,0.12553618248790105,0.5098187311178247
10,400,0.5,8.0,MAP,0.2727272727272727,0.5392,0.308962597532513,0.8160864918610558,0.5643505366782812,0.05982131781438556,0.06833599824545955,0.46676737160120846
10,400,0.5,8.0,cMAP,0.0,0.5396,0.31585168095525684,0.8182686074290257,0.5660974211090023,0.0647223128665933,0.07367085368957832,0.4690332326283988
10,400,0.5,50.0,MAP,0.2727272727272727,0.4228,0.14858026426764126,0.7925437385297411,0.7582880892120104,0.3253821185456031,0.16316912297596745,0.5619335347432024
10,400,0.5,50.0,cMAP,0.0,0.4228,0.14858026426764126,0.8007520313594615,0.7927176852016858,0.3554307205419362,0.1777153602709681,0.5354984894259819
10,400,0.75,8.0,MAP,0.5353535353535354,0.536,0.3078475444938501,0.8034723496582379,0.5661905924320016,0.018658968872518885,0.060643331889942746,0.5422960725075529
10,400,0.75,8.0,cMAP,0.0,0.5524,0.391270469073975,0.8197786390106543,0.548431823931738,0.02695927950433594,0.06199632722929914,0.47658610271903323
10,400,0.75,50.0,MAP,0.6565656565656566,0.4228,0.14858026426764126,0.6646131489507958,0.72248171820007,0.2454237170286918,0.12248398182725925,0.7734138972809668
10,400,0.75,50.0,cMAP,0.0,0.4228,0.14858026426764126,0.7722625148396813,0.6829681930344376,0.17339293627621122,0.11177044701496147,0.5234138972809668
10,400,1.0,8.0,MAP,0.5656565656565656,0.5436,0.3164089208881085,0.7747195329078232,0.5744493120240298,0.04763047567196101,0.053687268722298814,0.6246223564954683
10,400,1.0,8.0,cMAP,0.0,0.5912,0.48072350414478515,0.818401920050962,0.5473532831253431,0.11141526971471957,0.06752741322891015,0.47658610271903323
10,400,1.0,50.0,MAP,0.6767676767676768,0.4252,0.16284259844005133,0.6646185177241198,0.645768459908449,0.06956527916092169,0.07130447505802788,0.8089123867069486
10,400,1.0,50.0,cMAP,0.0,0.4708,0.28157687136261234,0.7683772939823064,0.6451407366367029,0.08963315751136669,0.08995832507671536,0.5891238670694864
11,10,,,MLE,0.1717171717171717,0.428,0.21687629888701485,0.5920391984665777,0.7482254074274158,0.07345480236275388,0.14085015860867175,0.7258308157099698
11,10,0.0,8.0,MAP,0.0,0.5072,0.4341168698914734,0.783361131767712,0.5925205035397622,0.07781181983029992,0.07854500545443814,0.5551359516616314
11,10,0.0,8.0,cMAP,0.0,0.5072,0.4341168698914734,0.7833619655309152,0.592518952207229,0.07781082844942379,0.0785433449539469,0.5551359516616314
11,10,0.0,50.0,MAP,0.0,0.5068,0.4328296150990426,0.7841787472080518,0.5895414841377425,0.07951808763917888,0.0746237121094801,0.5611782477341389
11,10,0.0,50.0,cMAP,0.0,0.5068,0.4328296150990426,0.7841788884853225,0.5895365438544578,0.07951712614989549,0.07462032725398292,0.5611782477341389
11,10,0.25,8.0,MAP,0.010101010101010102,0.5352,0.29042433163130316,0.7810446930880129,0.6191811531408137,0.08323358713465434,0.082764454615188,0.5800604229607251
11,10,0.25,8.0,cMAP,0.0,0.5348,0.29016367447119495,0.7821986219324699,0.6198620315394331,0.08416520334084988,0.08298381099459226,0.5808157099697885
11,10,0.25,50.0,MAP,0.010101010101010102,0.5412,0.2974001285802962,0.7772359610873585,0.6229768819721813,0.062272847364604124,0.08300463486289494,0.5906344410876133
11,10,0.25,50.0,cMAP,0.0,0.5412,0.2974001285802962,0.7771260691109221,0.6229963781720942,0.062286054501334134,0.08301393225824624,0.5906344410876133
11,10,0.5,8.0,MAP,0.2222222222222222,0.386,0.13924963924963926,0.6001039657495775,0.7181382465715381,0.2215545469064095,0.11077727345320473,0.879154078549849
11,10,0.5,8.0,cMAP,0.0,0.386,0.13924963924963926,0.7575280186798026,0.7536807108768213,0.2788124844021199,0.14674334172111492,0.6540785498489426
11,10,0.5,50.0,MAP,0.2222222222222222,0.386,0.13924963924963926,0.6030621079105458,0.8264972327511619,0.35562783318840885,0.17781391659420445,0.8285498489425982
11,10,0.5,50.0,cMAP,0.0,0.386,0.13924963924963926,0.7634566589318834,0.8424294990574748,0.37035223348768254,0.18517611674384127,0.6654078549848943
11,10,0.75,8.0,MAP,0.8686868686868687,0.386,0.13924963924963926,0.6794662016612099,0.7010357006527216,0.20723133218562279,0.10608940494272129,0.8058912386706949
11,10,0.75,8.0,cMAP,0.0,0.386,0.13924963924963926,0.6369871131311875,0.6885962125492802,0.16252136477379642,0.08126068238689822,0.7175226586102719
11,10,0.75,50.0,MAP,0.9191919191919192,0.3888,0.14437623512033482,0.7409686443084107,0.7518504422212704,0.29991534174599144,0.15276808820631368,0.7069486404833837
11,10,0.75,50.0,cMAP,0.0,0.386,0.13924963924963926,0.5959726285951386,0.7035975913146408,0.19020177545777883,0.09510088772888943,0.7416918429003021
11,10,1.0,8.0,MAP,0.8181818181818182,0.4444,0.35184417536558577,0.6976262475911652,0.6473125104934354,0.06134029804674284,0.08210243720519722,0.7114803625377644
11,10,1.0,8.0,cMAP,0.0,0.4024,0.15183388669848516,0.6941629450345919,0.677464479496824,0.08531593972475167,0.08488335982467124,0.6072507552870091
11,10,1.0,50.0,MAP,0.8282828282828283,0.4752,0.4298608506402443,0.734225457761654,0.6464686974802516,0.0843573140931247,0.09166020649647605,0.6419939577039275
11,10,1.0,50.0,cMAP,0.0,0.386,0.13924963924963926,0.6643092942353978,0.6862626224918449,0.11134932086943486,0.10560702268203861,0.6095166163141994
11,50,,,MLE,0.06060606060606061,0.544,0.41065729985191773,0.7453359576974857,0.5904604232220392,0.08323840865498594,0.060521079913423106,0.5498489425981873
11,50,0.0,8.0,MAP,0.0,0.5244,0.43336499741825396,0.7978624560466404,0.5573456069197246,0.052845774398031634,0.052127237981609544,0.5037764350453172
11,50,0.0,8.0,cMAP,0.0,0.5244,0.43336499741825396,0.7978583396208049,0.5573447158714117,0.05285073077795244,0.052125964888779686,0.5037764350453172
11,50,0.0,50.0,MAP,0.0,0.5084,0.4363416131654809,0.7878209666805572,0.5802060021512402,0.07132516408404961,0.0692283116005103,0.552870090634441
11,50,0.0,50.0,cMAP,0.0,0.5084,0.4363416131654809,0.7878180745282288,0.580206828732471,0.0713273454940225,0.06922922423440947,0.552870090634441
11,50,0.25,8.0,MAP,0.020202020202020204,0.5504,0.3016204424432576,0.7882894601034358,0.5920625532519252,0.07305558495937306,0.07029411024023821,0.5022658610271903
11,50,0.25,8.0,cMAP,0.0,0.5504,0.3016204424432576,0.7916982476739871,0.591769549770843,0.07355345393182557,0.07026204755292699,0.5022658610271903
11,50,0.25,50.0,MAP,0.010101010101010102,0.5432,0.2970561369074353,0.7856294543973467,0.6173233112785694,0.06728858648591145,0.08230471171636336,0.5657099697885196
11,50,0.25,50.0,cMAP,0.0,0.5432,0.2970561369074353,0.7864202903982883,0.6173584515850415,0.06734771840272342,0.08233920845486477,0.5687311178247734
11,50,0.5,8.0,MAP,0.29292929292929293,0.4864,0.2685792043544385,0.7287139126471474,0.6441903637267141,0.08095942412307802,0.08986206374932669,0.6873111782477341
11,50,0.5,8.0,cMAP,0.0,0.3872,0.14078540052102068,0.7813273793106167,0.6603501655058519,0.18222411295909013,0.10660267732801297,0.5083081570996979
11,50,0.5,50.0,MAP,0.29292929292929293,0.386,0.13924963924963926,0.707601600567573,0.7557911761033544,0.2813517838809868,0.1406758919404934,0.7107250755287009
11,50,0.5,50.0,cMAP,0.0,0.386,0.13924963924963926,0.769607269376471,0.7964237172109452,0.32823163307381986,0.1644880146202426,0.5370090634441088
11,50,0.75,8.0,MAP,0.7474747474747475,0.4344,0.24112363996043523,0.532264932914213,0.6865273784115338,0.10520140228656716,0.0868921829173683,0.850453172205438
11,50,0.75,8.0,cMAP,0.0,0.386,0.13924963924963926,0.7024010650799151,0.6635345376417096,0.12701252127982754,0.06693625676236563,0.7575528700906344
11,50,0.75,50.0,MAP,0.8080808080808081,0.386,0.13924963924963926,0.7140197353445276,0.7266186970970001,0.2529683079475574,0.12705370341703826,0.7348942598187311
11,50,0.75,50.0,cMAP,0.0,0.386,0.13924963924963926,0.599282749475856,0.6964838418830545,0.18435030683305464,0.09217515341652732,0.7288519637462235
11,50,1.0,8.0,MAP,0.7373737373737373,0.412,0.24632734418913463,0.5916342369332259,0.6693179773860738,0.0972714409774398,0.07908111288384899,0.8874622356495468
11,50,1.0,8.0,cMAP,0.0,0.4724,0.33035138073215203,0.7278757546707992,0.6492225138181605,0.12828190147593238,0.09833985016039704,0.6034743202416919
11,50,1.0,50.0,MAP,0.7777777777777778,0.4572,0.4029409088280602,0.7090929270183935,0.6461134457394797,0.06207577782558763,0.08450719748719612,0.6669184290030211
11,50,1.0,50.0,cMAP,0.0,0.386,0.13924963924963926,0.7014904296161635,0.6801351590088976,0.04996942502846039,0.10595605324995708,0.6072507552870091
11,200,,,MLE,0.030303030303030304,0.5768,0.4601651118163998,0.8167521282614818,0.5329871664187167,0.05196783240480238,0.03916923172301712,0.4509063444108761
11,200,0.0,8.0,MAP,0.0,0.5772,0.48396652576458576,0.8145994801716139,0.5331767742567135,0.023471672387729185,0.03456989505909401,0.4788519637462236
11,200,0.0,8.0,cMAP,0.0,0.5772,0.48396652576458576,0.8146004928127508,0.5331790422760864,0.023472816617852454,0.03457363433678204,0.4788519637462236
11,200,0.0,50.0,MAP,0.0,0.536,0.466631973621235,0.7973613235617654,0.5594370987338105,0.03499229962242014,0.05495246672507649,0.5098187311178247
11,200,0.0,50.0,cMAP,0.0,0.536,0.466631973621235,0.7973622252388644,0.5594378395934169,0.03499505619738907,0.05495527809504933,0.5098187311178247
11,200,0.25,8.0,MAP,0.010101010101010102,0.5556,0.3070390598928796,0.8110164778840185,0.5619315846123994,0.07427377210259206,0.0592618667415682,0.5090634441087614
11,200,0.25,8.0,cMAP,0.0,0.5556,0.30704003213092884,0.8113817781033619,0.5615091665921862,0.07425093105807817,0.05956877890387611,0.5090634441087614
11,200,0.25,50.0,MAP,0.010101010101010102,0.5508,0.30425552432017977,0.7919108230198526,0.6001657025652756,0.06744152705211794,0.0710567948636781,0.5241691842900302
11,200,0.25,50.0,cMAP,0.0,0.5508,0.30425552432017977,0.7917387812179196,0.6003064330395812,0.06757762837326889,0.07114508207514832,0.5241691842900302
11,200,0.5,8.0,MAP,0.3333333333333333,0.5272,0.28961188069586113,0.805185129736962,0.588405595927637,0.05619695117307329,0.07275622160106936,0.6178247734138973
11,200,0.5,8.0,cMAP,0.0,0.5292,0.2979440527228781,0.8093082256668753,0.5886213084009584,0.05656360516614654,0.07851622423366914,0.5196374622356495
11,200,0.5,50.0,MAP,0.35353535353535354,0.4588,0.23052660503640898,0.7718441042853794,0.6691661142143683,0.09639134036371474,0.10635346637316755,0.7182779456193353
11,200,0.5,50.0,cMAP,0.0,0.386,0.13924963924963926,0.7920787870842845,0.7158233454923689,0.25014131364706027,0.1359317512683683,0.5483383685800605
11,200,0.75,8.0,MAP,0.5959595959595959,0.4788,0.2623283787178843,0.764747720902217,0.6120650159121573,0.08841374069534472,0.06403595201471896,0.7326283987915407
11,200,0.75,8.0,cMAP,0.0,0.5364,0.3385170037906152,0.8043221177906198,0.5902706806316259,0.05174885738684011,0.07447970570543777,0.48867069486404835
11,200,0.75,50.0,MAP,0.7474747474747475,0.3964,0.17896716224465153,0.49723115983374083,0.7016549590969385,0.1467223948474492,0.08566580888785184,0.8814199395770392
11,200,0.75,50.0,cMAP,0.0,0.386,0.13924963924963926,0.6036943923021186,0.6853050413974732,0.16039734346915324,0.09155655264427255,0.6185800604229608
11,200,1.0,8.0,MAP,0.6464646464646465,0.5068,0.28076645595849153,0.679252182532587,0.6187455522577384,0.03710958345875539,0.047640521667813435,0.7605740181268882
11,200,1.0,8.0,cMAP,0.0,0.5596,0.40490128292127125,0.7994612838377562,0.5865083523938192,0.11553999422373869,0.09028607562512739,0.4954682779456193
11,200,1.0,50.0,MAP,0.7272727272727273,0.3752,0.27816729652486694,0.631168638313222,0.6644837651988877,0.10676841131225402,0.08148710456321719,0.870845921450151
11,200,1.0,50.0,cMAP,0.0,0.386,0.13924963924963926,0.7227733688746492,0.6665431494126728,0.08985496517275862,0.11048845034317725,0.5823262839879154
11,400,,,MLE,0.030303030303030304,0.5804,0.48310050064816645,0.822444289347222,0.5221292347712927,0.04286305041891878,0.03154546100143329,0.4637462235649547
11,400,0.0,8.0,MAP,0.010101010101010102,0.5848,0.4908482940985393,0.8227147681748656,0.5209405470270249,0.020225824940144133,0.030763144884066937,0.4697885196374622
11,400,0.0,8.0,cMAP,0.0,0.5852,0.49379429765818333,0.8226897111032356,0.5210586081438798,0.021186093042550834,0.0307069566591349,0.4697885196374622
11,400,0.0,50.0,MAP,0.0,0.5548,0.48982007116014736,0.8069499241062446,0.5428151007370854,0.017616852781749483,0.043308028885636354,0.5120845921450151
11,400,0.0,50.0,cMAP,0.0,0.5548,0.48982007116014736,0.8069488856160694,0.5428161483214256,0.017615630699277903,0.043309020704368484,0.5120845921450151
11,400,0.25,8.0,MAP,0.010101010101010102,0.5668,0.3534525610243147,0.8200889580699628,0.5365717252210117,0.052764660946038704,0.044697528678586375,0.47658610271903323
11,400,0.25,8.0,cMAP,0.0,0.5668,0.3534525610243147,0.8200891365756338,0.5365727310290472,0.05276807496978132,0.044698315506899094,0.47658610271903323
11,400,0.25,50.0,MAP,0.0,0.55,0.3040576188925177,0.8032730691470009,0.584805283630873,0.07707118813949783,0.06506232901533376,0.5173716012084593
11,400,0.25,50.0,cMAP,0.0,0.55,0.3040576188925177,0.8032631044130194,0.5848048793680374,0.07707226788067098,0.06505922318518689,0.5173716012084593
11,400,0.5,8.0,MAP,0.29292929292929293,0.5432,0.3594025523794743,0.8174165658454197,0.5540570132565918,0.061883078468374084,0.06108229629702126,0.5151057401812689
11,400,0.5,8.0,cMAP,0.0,0.5484,0.36333726410620704,0.8187484625966907,0.5529278869396973,0.0601692493496872,0.06138734202107908,0.48413897280966767
11,400,0.5,50.0,MAP,0.31313131313131315,0.4864,0.26406252335346647,0.7863543503277187,0.6390056304426194,0.07856467721772945,0.09429993389403298,0.6850453172205438
11,400,0.5,50.0,cMAP,0.0,0.386,0.13924963924963926,0.8001570769484905,0.6631656798866489,0.20501137786163906,0.11840465669873607,0.5422960725075529
11,400,0.75,8.0,MAP,0.5353535353535354,0.5304,0.32030115138357007,0.8028388900262954,0.5653671901115055,0.058749442119325375,0.058996935416893055,0.6057401812688822
11,400,0.75,8.0,cMAP,0.0,0.5608,0.4080183118649167,0.815011525050606,0.554034077922005,0.05985394773650105,0.056720130147703364,0.4788519637462236
11,400,0.75,50.0,MAP,0.6363636363636364,0.46,0.25312138424479036,0.6384863673525281,0.6778853207292989,0.10487754617672462,0.08677122181394371,0.7779456193353474
11,400,0.75,50.0,cMAP,0.0,0.386,0.13924963924963926,0.7301655668312621,0.6627912061814204,0.13251376696496642,0.09348757403246082,0.5400302114803626
11,400,1.0,8.0,MAP,0.5656565656565656,0.5404,0.3555143759329679,0.7675691748590358,0.5709391206925094,0.035482643414571524,0.054225030509419556,0.6231117824773413
11,400,1.0,8.0,cMAP,0.0,0.5676,0.4444046723201305,0.812291140066858,0.5509620303708873,0.07252737680410751,0.06257358309931928,0.472809667673716
11,400,1.0,50.0,MAP,0.6666666666666666,0.3976,0.24633951793482012,0.594160547450533,0.6625041726374122,0.06399264753392579,0.05931250874740887,0.8663141993957704
11,400,1.0,50.0,cMAP,0.0,0.51,0.3558492261679337,0.768535258521588,0.6418118296257336,0.14820571019166548,0.10496766517101074,0.5415407854984894
12,10,,,MLE,0.1919191919191919,0.514,0.2804972321887037,0.6478563913159845,0.6551732684682291,0.13627306886327084,0.09186465990023872,0.8066465256797583
12,10,0.0,8.0,MAP,0.0,0.4648,0.3600089180676786,0.7600350206864404,0.6963684796291161,0.20103843628741347,0.1360827867326391,0.5740181268882175
12,10,0.0,8.0,cMAP,0.0,0.4652,0.3605124306296407,0.7600653396764454,0.6963795691096542,0.2006452436138143,0.1360896654733821,0.5740181268882175
12,10,0.0,50.0,MAP,0.0,0.4684,0.36330075842733256,0.7565259530903075,0.6988476478031623,0.19581353850411035,0.1364522739187942,0.5959214501510574
12,10,0.0,50.0,cMAP,0.0,0.4684,0.36330075842733256,0.7565203010636173,0.6988505836346132,0.1958203716563573,0.13645437178441217,0.595166163141994
12,10,0.25,8.0,MAP,0.0,0.4228,0.14878941441441443,0.7885779106622387,0.7819653365879974,0.3603041853701527,0.18130853668528257,0.5589123867069486
12,10,0.25,8.0,cMAP,0.0,0.4228,0.14866385372714486,0.7901185708224504,0.780908642047165,0.35987289283591106,0.18150972066033258,0.5589123867069486
12,10,0.25,50.0,MAP,0.0,0.4228,0.14858026426764126,0.7778867309220203,0.7825583607985707,0.3571529462328975,0.1796349077509509,0.5551359516616314
12,10,0.25,50.0,cMAP,0.0,0.4228,0.14858026426764126,0.7778969137946916,0.7825320460738214,0.35714075330473893,0.17963223674330348,0.5551359516616314
12,10,0.5,8.0,MAP,0.25252525252525254,0.4228,0.14858026426764126,0.700120278641451,0.7394897521628618,0.25977036186458013,0.12988518093229007,0.7900302114803626
12,10,0.5,8.0,cMAP,0.0,0.4228,0.14858026426764126,0.746908144659771,0.7193630466429889,0.22307307495037826,0.11153653747518912,0.6117824773413897
12,10,0.5,50.0,MAP,0.25252525252525254,0.4228,0.14858026426764126,0.7000899956788988,0.7110148401395523,0.19833668265946652,0.09916834132973326,0.797583081570997
12,10,0.5,50.0,cMAP,0.0,0.4228,0.14858026426764126,0.748460074720295,0.7071970619435246,0.1884964389214034,0.09443391764336306,0.6163141993957704
12,10,0.75,8.0,MAP,0.9696969696969697,0.5036,0.27797776688916576,0.6910942999347072,0.6640847027782973,0.09789987017050639,0.0904002031603515,0.5800604229607251
12,10,0.75,8.0,cMAP,0.0,0.4228,0.14858026426764126,0.5138576675581354,0.6740682334400195,0.09155628716178527,0.06904238589467274,0.9848942598187311
12,10,0.75,50.0,MAP,0.9696969696969697,0.4384,0.20708387136549994,0.718602424161981,0.6905967741696315,0.19805387096646726,0.126844793471143,0.5015105740181269
12,10,0.75,50.0,cMAP,0.0,0.4228,0.14858026426764126,0.5169704263721158,0.6782830409023809,0.10337690627436108,0.07589043872890786,0.9871601208459214
12,10,1.0,8.0,MAP,0.9090909090909091,0.4892,0.3922927596591188,0.7462113451137501,0.629328460824234,0.08500016230743218,0.0841922628946988,0.5045317220543807
12,10,1.0,8.0,cMAP,0.0,0.3712,0.15940377136906014,0.5913400745245376,0.6559010307888408,0.010349656641336413,0.030098248791747925,0.6404833836858006
12,10,1.0,50.0,MAP,0.9090909090909091,0.4784,0.3848777025078972,0.7628935997760918,0.6591365824338867,0.1539525530386289,0.11104307685306529,0.5030211480362538
12,10,1.0,50.0,cMAP,0.0,0.3712,0.15940377136906014,0.5800676514778395,0.6569210952424057,0.008135462620036393,0.03007352873845368,0.7084592145015106
12,50,,,MLE,0.08080808080808081,0.5464,0.4423652843860794,0.7496621719730638,0.6108984807000895,0.15402588620135776,0.08217057519912717,0.5377643504531722
12,50,0.0,8.0,MAP,0.0,0.5196,0.4016928591711858,0.7826021884785552,0.633449846258192,0.12578659066565065,0.1048830486196471,0.5196374622356495
12,50,0.0,8.0,cMAP,0.0,0.5196,0.4016928591711858,0.7826131424969063,0.6334514006242338,0.12579005434002746,0.10488457144529864,0.5196374622356495
12,50,0.0,50.0,MAP,0.0,0.4764,0.3694265873153708,0.7643194366698192,0.6807200920207531,0.17977150407788312,0.12760693585853378,0.5725075528700906
12,50,0.0,50.0,cMAP,0.0,0.4764,0.3694265873153708,0.7643284564839106,0.6807248696784052,0.17977395821895387,0.12760904550176722,0.5725075528700906
12,50,0.25,8.0,MAP,0.010101010101010102,0.4632,0.20450482940887102,0.7905368714487623,0.6907684513822098,0.25234210544468494,0.1430321111152783,0.4773413897280967
12,50,0.25,8.0,cMAP,0.0,0.4632,0.20395074501212102,0.7922263358381088,0.6900584651243719,0.25239154429651894,0.14370356225118863,0.47507552870090636
12,50,0.25,50.0,MAP,0.0,0.426,0.15367234062024548,0.7925568782795103,0.7570144293890071,0.3350359171198352,0.17054676286159762,0.5453172205438066
12,50,0.25,50.0,cMAP,0.0,0.426,0.15367234062024548,0.7926335187105225,0.7570018705624696,0.33507990258288545,0.17056593201796852,0.5453172205438066
12,50,0.5,8.0,MAP,0.25252525252525254,0.4228,0.14858026426764126,0.7535609529978397,0.704573635434466,0.249714926544577,0.12632138752213107,0.6873111782477341
12,50,0.5,8.0,cMAP,0.0,0.4228,0.14858026426764126,0.7705947419720333,0.6904293793547877,0.22525448999881,0.12354599212673147,0.600453172205438
12,50,0.5,50.0,MAP,0.25252525252525254,0.4228,0.14858026426764126,0.741788362938202,0.7144246873132583,0.21627256209640794,0.10813628104820398,0.7212990936555891
12,50,0.5,50.0,cMAP,0.0,0.4228,0.14858026426764126,0.7660403638792262,0.7078655005810903,0.19970104827127927,0.09985052413563963,0.6132930513595166
12,50,0.75,8.0,MAP,0.7474747474747475,0.4852,0.25880768247975344,0.7031884782144324,0.657210810777693,0.09134074581943058,0.07905712204227565,0.8768882175226587
12,50,0.75,8.0,cMAP,0.0,0.3796,0.15748645464355027,0.5869832281462621,0.6620968210997167,0.1174851463094655,0.06279279820615037,0.5853474320241692
12,50,0.75,50.0,MAP,0.8080808080808081,0.4716,0.2537339782839415,0.7035294631122433,0.6743818379374419,0.113347337374803,0.09642050516728197,0.702416918429003
12,50,0.75,50.0,cMAP,0.0,0.4228,0.14858026426764126,0.5768192528061897,0.6727164534457887,0.09023524853498882,0.0684465979512996,0.9901812688821753
12,50,1.0,8.0,MAP,0.7171717171717171,0.5,0.27275323686214775,0.6788538926640798,0.637764025889744,0.05242850752989738,0.03710822125370928,0.8799093655589124
12,50,1.0,8.0,cMAP,0.0,0.3744,0.1587823798955346,0.6514284557429575,0.6467284143018869,0.09647841322670317,0.0628595780226551,0.5226586102719033
12,50,1.0,50.0,MAP,0.8181818181818182,0.484,0.37881129030210425,0.7496085730313331,0.633984569579297,0.08683342253653509,0.0850896893276155,0.5098187311178247
12,50,1.0,50.0,cMAP,0.0,0.3712,0.15940377136906014,0.597495284114072,0.65817588789924,2.1283514143433102e-05,0.05837859835956195,0.6586102719033232
12,200,,,MLE,0.0707070707070707,0.5772,0.48842088019824614,0.813495846368399,0.5284759289903549,0.04478745831329399,0.036197065177376656,0.4743202416918429
12,200,0.0,8.0,MAP,0.010101010101010102,0.5656,0.4677671366211144,0.8123374267258131,0.5494622617122857,0.04733078113352974,0.06255195759606481,0.4735649546827795
12,200,0.0,8.0,cMAP,0.0,0.5656,0.4677671366211144,0.812357392174998,0.5494163547685715,0.04623562331105176,0.06244875431327418,0.4735649546827795
12,200,0.0,50.0,MAP,0.0,0.5124,0.400270863499292,0.78373875960988,0.6248919479506191,0.11528397005589269,0.09815930274997389,0.5249244712990937
12,200,0.0,50.0,cMAP,0.0,0.5124,0.400270863499292,0.7837363757185147,0.6248879292808655,0.11528429425648062,0.09815783731492062,0.5249244712990937
12,200,0.25,8.0,MAP,0.020202020202020204,0.5364,0.3008932681396417,0.8147000507778601,0.5744339198074656,0.10340270250505539,0.08547233614383302,0.45996978851963743
12,200,0.25,8.0,cMAP,0.0,0.5368,0.30156202095759876,0.8148672530669576,0.5741091573350231,0.1021317064812216,0.08519188734552458,0.45996978851963743
12,200,0.25,50.0,MAP,0.010101010101010102,0.4432,0.17890943506115317,0.8047643221944063,0.691387375670788,0.27290285718610646,0.1473820399518069,0.4826283987915408
12,200,0.25,50.0,cMAP,0.0,0.4432,0.17890943506115317,0.8048660199625668,0.6913234113858547,0.27288915492636096,0.1473556667117155,0.4826283987915408
12,200,0.5,8.0,MAP,0.2727272727272727,0.5036,0.24631254586864998,0.8047593029109081,0.5976102599299302,0.09652558654253729,0.08830513272613964,0.5438066465256798
12,200,0.5,8.0,cMAP,0.0,0.504,0.2470390506807867,0.8097619020245274,0.5926771569068984,0.09201511296843881,0.08748028548198665,0.5090634441087614
12,200,0.5,50.0,MAP,0.2828282828282828,0.4228,0.14858026426764126,0.7741549381408884,0.7102698773777821,0.2502397521998821,0.12983362209439114,0.6555891238670695
12,200,0.5,50.0,cMAP,0.0,0.4228,0.14858026426764126,0.7865151511394192,0.6955428385524393,0.21664034776479726,0.12982916304967745,0.5513595166163142
12,200,0.75,8.0,MAP,0.5757575757575758,0.4828,0.24428477813143606,0.7640038551620225,0.6004531213809725,0.06307317620810313,0.06567450277292965,0.6419939577039275
12,200,0.75,8.0,cMAP,0.0,0.4752,0.2503271315406831,0.7964927734345912,0.5945573545813608,0.058216539935976266,0.07786141217783862,0.5324773413897281
12,200,0.75,50.0,MAP,0.7777777777777778,0.4508,0.24797233198482138,0.6565161668705908,0.6595192357291079,0.1118636048051016,0.07891756682964748,0.9040785498489426
12,200,0.75,50.0,cMAP,0.0,0.3752,0.15903822195365772,0.587768930740299,0.6598887618711917,0.10686334958257465,0.06805151435170473,0.9720543806646526
12,200,1.0,8.0,MAP,0.6060606060606061,0.5208,0.2789244147511864,0.7330298281333167,0.5951500343086608,0.03360274991411388,0.050733211533003766,0.6737160120845922
12,200,1.0,8.0,cMAP,0.0,0.5416,0.44007766102820334,0.7999799971905208,0.5849709193431154,0.10157686252948744,0.07731703652436081,0.5
12,200,1.0,50.0,MAP,0.7575757575757576,0.486,0.26857460362179336,0.695009858487109,0.6314870008852639,0.03606149917121568,0.05313004160475478,0.8277945619335347
12,200,1.0,50.0,cMAP,0.0,0.368,0.15893471321288227,0.6398416186865579,0.6536323757070825,0.0016637403256952177,0.06929731726500168,0.5324773413897281
12,400,,,MLE,0.050505050505050504,0.5876,0.4940806091949023,0.8205718016639229,0.5166395232097698,0.026230593308099202,0.022789888705766835,0.466012084592145
12,400,0.0,8.0,MAP,0.0,0.5776,0.49290944415572785,0.8196869150694575,0.5265711429957256,0.03014890844324197,0.040951071083909295,0.4569486404833837
12,400,0.0,8.0,cMAP,0.0,0.5776,0.49290944415572785,0.8196850011234842,0.5265686632004465,0.030146768928058128,0.04094737580897681,0.4569486404833837
12,400,0.0,50.0,MAP,0.0,0.5472,0.44173472668973596,0.7956533253009079,0.590623984211667,0.06938038206491126,0.07963583574665564,0.49697885196374625
12,400,0.0,50.0,cMAP,0.0,0.5472,0.44173472668973596,0.7956468587035805,0.5906264123009415,0.06937664844160679,0.07963580286234316,0.49697885196374625
12,400,0.25,8.0,MAP,0.010101010101010102,0.5704,0.39357877518820206,0.8192023753695441,0.5372473122039976,0.03833376853723032,0.05147957643184895,0.46299093655589124
12,400,0.25,8.0,cMAP,0.0,0.5704,0.38745813889734265,0.819292330468749,0.5371731855708104,0.03840587094134086,0.0515244398928097,0.46299093655589124
12,400,0.25,50.0,MAP,0.0,0.4948,0.23861177844732614,0.8089850609481222,0.6377344496323875,0.18251628977331058,0.12255607272461619,0.4697885196374622
12,400,0.25,50.0,cMAP,0.0,0.4948,0.23861177844732614,0.8091246536652988,0.637595317290291,0.18258175382856043,0.12247338415049717,0.4697885196374622
12,400,0.5,8.0,MAP,0.24242424242424243,0.568,0.3632367849147828,0.8147973037559788,0.5514579014877863,0.038846752067490664,0.06079419727176423,0.5196374622356495
12,400,0.5,8.0,cMAP,0.0,0.5704,0.3726331450871377,0.8184007156700177,0.5493392703905754,0.033732864122230526,0.05914169237753074,0.493202416918429
12,400,0.5,50.0,MAP,0.26262626262626265,0.4228,0.14858026426764126,0.7899603338077898,0.6729286619657657,0.22450402137216013,0.11857227993774355,0.6185800604229608
12,400,0.5,50.0,cMAP,0.0,0.4228,0.14858026426764126,0.7995640707755091,0.661247846675022,0.20034979510815834,0.11481489025062341,0.5453172205438066
12,400,0.75,8.0,MAP,0.5454545454545454,0.5572,0.3895531310998745,0.7975682959039039,0.5635416810330242,0.037228823629169724,0.054390267552929306,0.5762839879154078
12,400,0.75,8.0,cMAP,0.0,0.5812,0.4402839383599579,0.8144822605560638,0.5528992474048232,0.06354679433009973,0.05674759697273849,0.513595166163142
12,400,0.75,50.0,MAP,0.6767676767676768,0.4744,0.24956200483955376,0.7003392893018556,0.6466229438833764,0.08896024441579094,0.07233673600847867,0.7877643504531722
12,400,0.75,50.0,cMAP,0.0,0.3712,0.15940377136906014,0.592137927739691,0.6575046904932617,0.1088434273971425,0.06824894553459683,0.6200906344410876
12,400,1.0,8.0,MAP,0.5555555555555556,0.5512,0.3854239624180351,0.7833254902658467,0.5639145075350145,0.048357555456944486,0.05363238382721522,0.6095166163141994
12,400,1.0,8.0,cMAP,0.0,0.5852,0.4739994764449687,0.8130905247231331,0.5503956569385664,0.10169862515143638,0.06707880170919515,0.49244712990936557
12,400,1.0,50.0,MAP,0.6464646464646465,0.4628,0.25576316053045883,0.6715540825920866,0.63024198826504,0.052819352368260235,0.03601257204411893,0.845166163141994
12,400,1.0,50.0,cMAP,0.0,0.3804,0.2077368277069011,0.6973583993981012,0.6401501980580889,0.03163910320046378,0.07070839828321837,0.4954682779456193
13,10,,,MLE,0.18181818181818182,0.5268,0.2903464227997212,0.6791925652071581,0.6707155431377938,0.13552528734844954,0.09717323500359426,0.6774924471299094
13,10,0.0,8.0,MAP,0.0,0.5556,0.4592451128551708,0.7969563927227401,0.5616779233238277,0.02393687204271479,0.05520695958792219,0.4947129909365559
13,10,0.0,8.0,cMAP,0.0,0.5556,0.4592451128551708,0.7969591841556688,0.561680070106381,0.02393627458723141,0.05520815685118975,0.4947129909365559
13,10,0.0,50.0,MAP,0.0,0.5384,0.4476966716517733,0.7892367334039143,0.5816882921575567,0.05549107118585953,0.07181458767385639,0.5113293051359517
13,10,0.0,50.0,cMAP,0.0,0.5384,0.4476966716517733,0.7892327740774554,0.5816956264635028,0.05549341388261265,0.07181877956859854,0.5113293051359517
13,10,0.25,8.0,MAP,0.010101010101010102,0.4404,0.1744170467149639,0.7806303763646463,0.7198974391968277,0.2887137202313611,0.15295789833619894,0.5045317220543807
13,10,0.25,8.0,cMAP,0.0,0.4404,0.1744170467149639,0.7888107416990067,0.7193882381036972,0.28862460327011374,0.1528079358994042,0.5045317220543807
13,10,0.25,50.0,MAP,0.010101010101010102,0.4304,0.16054149016250474,0.7900535074738613,0.7581353159110029,0.32644376002471526,0.16760983115183412,0.5264350453172205
13,10,0.25,50.0,cMAP,0.0,0.4304,0.16054149016250474,0.7900539146646124,0.7581189428902502,0.32643799729467055,0.1676069986931512,0.5264350453172205
13,10,0.5,8.0,MAP,0.2222222222222222,0.4228,0.14858026426764126,0.7042117983342625,0.9162391530986032,0.4320689280099748,0.2160344640049874,0.7009063444108762
13,10,0.5,8.0,cMAP,0.0,0.4228,0.14858026426764126,0.7520221433664788,0.9312508699096163,0.44161770449892745,0.22080885224946373,0.6306646525679759
13,10,0.5,50.0,MAP,0.15151515151515152,0.4228,0.14858026426764126,0.6996466967497993,0.9718215937698387,0.46646684579859593,0.23323342289929794,0.7084592145015106
13,10,0.5,50.0,cMAP,0.0,0.4228,0.14858026426764126,0.7467479370995047,0.974296264748088,0.4679887116200025,0.23399435581000122,0.6382175226586103
13,10,0.75,8.0,MAP,0.8787878787878788,0.4228,0.14858026426764126,0.6688946780497147,0.773397528629185,0.30646908966567604,0.1587069176525486,0.68202416918429
13,10,0.75,8.0,cMAP,0.0,0.4228,0.14858026426764126,0.5492080590044095,0.7383456627270624,0.2392737433486854,0.11963687167434268,0.6140483383685801
13,10,0.75,50.0,MAP,0.9090909090909091,0.4228,0.14895715896279593,0.7262878719494693,0.7786582594771939,0.3273750361295093,0.1705645226458455,0.5906344410876133
13,10,0.75,50.0,cMAP,0.0,0.4228,0.14858026426764126,0.5804291224697028,0.751423743670104,0.2543212169380768,0.12716060846903837,0.8693353474320241
13,10,1.0,8.0,MAP,0.8585858585858586,0.412,0.28389877194580054,0.6907129018127511,0.6861791700825934,0.10381048302632563,0.11493087693513482,0.6744712990936556
13,10,1.0,8.0,cMAP,0.0,0.4228,0.14858026426764126,0.688197898072884,0.6644847380024873,0.06532166112079801,0.0693460954008712,0.5989425981873112
13,10,1.0,50.0,MAP,0.8888888888888888,0.4416,0.3313501108084561,0.7272563411458597,0.6833885853629487,0.1294468648551103,0.11912038865365869,0.5762839879154078
13,10,1.0,50.0,cMAP,0.0,0.4228,0.14858026426764126,0.6328531007124032,0.6791236477324486,0.00780843195267672,0.06452873031912955,0.6087613293051359
13,50,,,MLE,0.10101010101010101,0.5432,0.47362063384948483,0.7616529074564431,0.5884328939477835,0.12659321187588407,0.06843158035720809,0.5196374622356495
13,50,0.0,8.0,MAP,0.0,0.5676,0.46910339888407715,0.8095589517355056,0.5443158817804572,0.027340660441800342,0.049275954454660605,0.4916918429003021
13,50,0.0,8.0,cMAP,0.0,0.5676,0.46910339888407715,0.8095749234874865,0.5443137802101808,0.027339155007257563,0.04927441652420025,0.4916918429003021
13,50,0.0,50.0,MAP,0.0,0.5408,0.44969493246313375,0.7948141747657689,0.5726895552026404,0.042700125438073326,0.06541923602981906,0.5075528700906344
13,50,0.0,50.0,cMAP,0.0,0.5408,0.44969493246313375,0.7948290635479244,0.5726882899724138,0.04270450241548435,0.0654177896464341,0.5075528700906344
13,50,0.25,8.0,MAP,0.0,0.4588,0.19881433465301854,0.8018495361414245,0.6707418196732787,0.24251572724564674,0.1360977677886126,0.48036253776435045
13,50,0.25,8.0,cMAP,0.0,0.4588,0.19881433465301854,0.8018453112753507,0.670745023604785,0.24251868199702656,0.13609947869491698,0.48036253776435045
13,50,0.25,50.0,MAP,0.0,0.4312,0.16250314602687432,0.7965261198647102,0.7442362237634036,0.318830609564824,0.16469924394384802,0.5143504531722054
13,50,0.25,50.0,cMAP,0.0,0.4312,0.16250314602687432,0.7965254480981778,0.7442332056177285,0.31882845884927696,0.16469839536338055,0.5143504531722054
13,50,0.5,8.0,MAP,0.2727272727272727,0.4228,0.14858026426764126,0.7701759068745755,0.8660629603539617,0.40785437375428085,0.20392718687714043,0.5989425981873112
13,50,0.5,8.0,cMAP,0.0,0.4228,0.14858026426764126,0.7836084373756038,0.8721719998355351,0.41137853894777776,0.20568926947388888,0.5385196374622356
13,50,0.5,50.0,MAP,0.24242424242424243,0.4228,0.14858026426764126,0.7496457006713007,0.9708049532074389,0.4669402991494766,0.2334701495747383,0.695619335347432
13,50,0.5,50.0,cMAP,0.0,0.4228,0.14858026426764126,0.773055407099445,0.9690491710914454,0.46550800998815484,0.23275400499407745,0.5490936555891238
13,50,0.75,8.0,MAP,0.7272727272727273,0.4228,0.14858026426764126,0.6089611660517995,0.775450708902679,0.29150455043423273,0.15139807243959294,0.9161631419939577
13,50,0.75,8.0,cMAP,0.0,0.4228,0.14858026426764126,0.7322740042873134,0.7108184478955002,0.21755427632544577,0.12178284345912965,0.622356495468278
13,50,0.75,50.0,MAP,0.797979797979798,0.4228,0.14858026426764126,0.6728552976740378,0.7877868435257824,0.3260329344264036,0.16989958857577217,0.6993957703927492
13,50,0.75,50.0,cMAP,0.0,0.4228,0.14858026426764126,0.6193467607231913,0.746828115893316,0.2489223683272157,0.12446118416360787,0.9116314199395771
13,50,1.0,8.0,MAP,0.7575757575757576,0.43,0.16351561131989062,0.6009605033895549,0.6817883706090543,0.07841769593445357,0.09127961187566276,0.9169184290030211
13,50,1.0,8.0,cMAP,0.0,0.428,0.24635660254748118,0.7576699578821715,0.6501039327603475,0.04353891165360831,0.0805237166166685,0.5453172205438066
13,50,1.0,50.0,MAP,0.797979797979798,0.4464,0.3139146732563101,0.7093007145315842,0.6595589687715802,0.06898151891279801,0.10249894350646563,0.697129909365559
13,50,1.0,50.0,cMAP,0.0,0.4304,0.2192591371029251,0.6628285520880455,0.6751740210776909,0.02406319775048629,0.07709365268840203,0.6216012084592145
13,200,,,MLE,0.04040404040404041,0.5748,0.4830961551103285,0.8209654696028612,0.5235457134164703,0.039087662297559285,0.031108568363549596,0.46676737160120846
13,200,0.0,8.0,MAP,0.0,0.5824,0.49375633805832936,0.8222433427420708,0.5211879193930311,0.018009814221163697,0.029239589800011893,0.47129909365558914
13,200,0.0,8.0,cMAP,0.0,0.5824,0.49375633805832936,0.822255661136224,0.5211885900393969,0.01800848275716956,0.029241206148756575,0.47129909365558914
13,200,0.0,50.0,MAP,0.0,0.5596,0.46306004904609155,0.8078690700516573,0.5501371432263163,0.030981468483449993,0.05204461326404604,0.5060422960725075
13,200,0.0,50.0,cMAP,0.0,0.5596,0.46306004904609155,0.8078675476012722,0.5501374424342039,0.030983387361664196,0.05204393831192952,0.5060422960725075
13,200,0.25,8.0,MAP,0.010101010101010102,0.5508,0.3311387822561007,0.8198893307569104,0.559516607411401,0.06772595732484202,0.07028423640659062,0.466012084592145
13,200,0.25,8.0,cMAP,0.0,0.5488,0.32968724116753695,0.8201302877707268,0.559625520361868,0.06928699814355313,0.07062550450922303,0.46299093655589124
13,200,0.25,50.0,MAP,0.0,0.4536,0.19226393362310684,0.8063479122162485,0.6756426915570504,0.24584474875705706,0.13687981240545308,0.493202416918429
13,200,0.25,50.0,cMAP,0.0,0.4536,0.19226393362310684,0.806347601341848,0.6756427033837183,0.24584639051806223,0.13687988207107044,0.493202416918429
13,200,0.5,8.0,MAP,0.2727272727272727,0.4404,0.17319817116754943,0.8150621238043472,0.6378068330189184,0.21258004101608774,0.11606676768214261,0.47507552870090636
13,200,0.5,8.0,cMAP,0.0,0.4228,0.14858026426764126,0.8171041073240236,0.6427535846101143,0.23654866943607802,0.11890855917462011,0.4637462235649547
13,200,0.5,50.0,MAP,0.2727272727272727,0.4228,0.14858026426764126,0.7910383861073917,0.871861706826407,0.4048574554570934,0.20220380910377536,0.5626888217522659
13,200,0.5,50.0,cMAP,0.0,0.4228,0.14858026426764126,0.797484318230341,0.8783910190536189,0.4080322040407342,0.20401610202036707,0.5309667673716012
13,200,0.75,8.0,MAP,0.5757575757575758,0.4304,0.16008152087125932,0.7715750847407289,0.6322148604856986,0.15361171751534497,0.08971326522846045,0.695619335347432
13,200,0.75,8.0,cMAP,0.0,0.4372,0.1966894786953789,0.8047088502332312,0.603645191685715,0.11398479567088546,0.09316836764313079,0.49395770392749244
13,200,0.75,50.0,MAP,0.6666666666666666,0.4228,0.14858026426764126,0.5627852829291814,0.7668549732685349,0.28337168033508303,0.14454694003796675,0.9025679758308157
13,200,0.75,50.0,cMAP,0.0,0.4228,0.14858026426764126,0.6313681735784133,0.7236391528189196,0.2181961892351792,0.11868888618143761,0.6027190332326284
13,200,1.0,8.0,MAP,0.5959595959595959,0.4816,0.23211406580126723,0.7064174074504784,0.6181666827205753,0.023363224253920005,0.050706443752741,0.756797583081571
13,200,1.0,8.0,cMAP,0.0,0.5404,0.3799944202825045,0.8040204088581165,0.5902262682996742,0.10863215422249915,0.09365005393579581,0.5022658610271903
13,200,1.0,50.0,MAP,0.696969696969697,0.4344,0.1661717114030078,0.6292344664582419,0.6646352966806373,0.05495194233776844,0.08195366423386759,0.851963746223565
13,200,1.0,50.0,cMAP,0.0,0.4248,0.19024147337730757,0.6797832248136615,0.6638299757787288,0.0609446850870398,0.09019746219874049,0.5823262839879154
13,400,,,MLE,0.010101010101010102,0.5876,0.49118738629995856,0.8247125540197161,0.5136547535504006,0.013764797016206259,0.015481336809926943,0.4637462235649547
13,400,0.0,8.0,MAP,0.0,0.5884,0.5025746809561833,0.825370297869613,0.5141658014052899,0.026162023630609748,0.017719555531404998,0.45770392749244715
13,400,0.0,8.0,cMAP,0.0,0.5884,0.5025746809561833,0.8253833951624543,0.5141659427516978,0.026162540941253358,0.017720730379770806,0.45770392749244715
13,400,0.0,50.0,MAP,0.0,0.5732,0.4748641683475201,0.8143070807833466,0.5337314562544654,0.02554464172390244,0.036682273381675484,0.4780966767371601
13,400,0.0,50.0,cMAP,0.0,0.5732,0.4748641683475201,0.8143153528858524,0.5337314366057219,0.025545463057718182,0.03668354409710597,0.4780966767371601
13,400,0.25,8.0,MAP,0.0,0.5836,0.42764788257022285,0.8238888266360325,0.524076463189451,0.021497673871633982,0.03158358402246337,0.45770392749244715
13,400,0.25,8.0,cMAP,0.0,0.5836,0.42764788257022285,0.8238874661032368,0.5240745027112205,0.021493037796323278,0.03157956911772789,0.45770392749244715
13,400,0.25,50.0,MAP,0.0,0.504,0.24787232656040248,0.813117823167071,0.6085211924734545,0.1354185149546936,0.101672030285285,0.4637462235649547
13,400,0.25,50.0,cMAP,0.0,0.504,0.24787232656040248,0.8131219470420142,0.6085238548466361,0.13542519094753186,0.10167424101078569,0.4637462235649547
13,400,0.5,8.0,MAP,0.26262626262626265,0.5548,0.3525084064235838,0.8213139264326381,0.5537378234978596,0.04181074170332777,0.06455741411253942,0.4645015105740181
13,400,0.5,8.0,cMAP,0.0,0.5496,0.350338084564908,0.8214498949760674,0.5553091735089176,0.04647972838463076,0.06729915832172771,0.4780966767371601
13,400,0.5,50.0,MAP,0.29292929292929293,0.4228,0.14858026426764126,0.8046290216468694,0.7554621317040643,0.31853746189514115,0.1626076145734239,0.5113293051359517
13,400,0.5,50.0,cMAP,0.0,0.4228,0.14858026426764126,0.8044941430284187,0.7675221357316055,0.328871428159502,0.1677373713873373,0.4962235649546828
13,400,0.75,8.0,MAP,0.494949494949495,0.5604,0.362448533706253,0.8067763773412349,0.5625392379077276,0.0368713556103099,0.061869167461507876,0.5113293051359517
13,400,0.75,8.0,cMAP,0.0,0.5704,0.42248156480439947,0.816573711012715,0.5508078333134727,0.05973783795465225,0.06010061723481139,0.48338368580060426
13,400,0.75,50.0,MAP,0.5959595959595959,0.4228,0.14858026426764126,0.615589339058375,0.711280559778406,0.2159932137504926,0.11341877951930868,0.8058912386706949
13,400,0.75,50.0,cMAP,0.0,0.4228,0.14858026426764126,0.73847591596277,0.6778920643275236,0.1764703886730403,0.09852495007433654,0.5506042296072508
13,400,1.0,8.0,MAP,0.5353535353535354,0.5648,0.3899935639993507,0.7888487219341883,0.5682540660853403,0.0855224882548623,0.06411013997090757,0.554380664652568
13,400,1.0,8.0,cMAP,0.0,0.5872,0.4679541076446841,0.8165100564123223,0.5544507879229656,0.12338299431221268,0.07394856097741583,0.48338368580060426
13,400,1.0,50.0,MAP,0.6060606060606061,0.4288,0.15935391412209923,0.5673265845109714,0.6609146114510278,0.05335366459716034,0.06342379496676379,0.8859516616314199
13,400,1.0,50.0,cMAP,0.0,0.4268,0.17780854641995988,0.7374295796798049,0.6498843860421696,0.0625863245811025,0.08885758465635105,0.520392749244713
14,10,,,MLE,0.12121212121212122,0.5052,0.3482974159071383,0.6948195956678447,0.6418320065029574,0.15032801056025585,0.09375413007009273,0.7265861027190332
14,10,0.0,8.0,MAP,0.0,0.576,0.5040888708914876,0.807301040483594,0.5421164239147617,0.056163303401252446,0.04071530541730119,0.4826283987915408
14,10,0.0,8.0,cMAP,0.0,0.576,0.5040888708914876,0.8073016491528401,0.5421214201057902,0.056167795860763994,0.04071834292246089,0.4826283987915408
14,10,0.0,50.0,MAP,0.0,0.5668,0.4993377721277207,0.8004475019301572,0.5519545904280103,0.06541629541774599,0.04224078055840079,0.48867069486404835
14,10,0.0,50.0,cMAP,0.0,0.5668,0.4993377721277207,0.8004462630782753,0.551955081264493,0.06541656510672908,0.04224160205157992,0.48867069486404835
14,10,0.25,8.0,MAP,0.0,0.5296,0.2882999037952453,0.7786498765715076,0.6423751704515158,0.1327322189540181,0.09611197549310979,0.540785498489426
14,10,0.25,8.0,cMAP,0.0,0.5296,0.2882999037952453,0.7786511481283616,0.6423765698274059,0.13273419797218983,0.0961123921154564,0.540785498489426
14,10,0.25,50.0,MAP,0.0,0.5232,0.2846718304446533,0.7702931847799118,0.6453114027413352,0.12693278223949278,0.0927583906100506,0.5619335347432024
14,10,0.25,50.0,cMAP,0.0,0.5232,0.2846718304446533,0.7702979025345843,0.6453079491531886,0.12692909848011896,0.09275390435911268,0.5619335347432024
14,10,0.5,8.0,MAP,0.1717171717171717,0.4228,0.14858026426764126,0.7023725318894869,0.7109454773805179,0.2060533335030525,0.10302666675152623,0.6555891238670695
14,10,0.5,8.0,cMAP,0.0,0.4228,0.14858026426764126,0.7633265385363579,0.7050288666745017,0.19073062306309543,0.09576625829339708,0.5959214501510574
14,10,0.5,50.0,MAP,0.1717171717171717,0.4228,0.14858026426764126,0.6903871938092155,0.704016212437732,0.17964728867641538,0.09450049492797195,0.6344410876132931
14,10,0.5,50.0,cMAP,0.0,0.4228,0.14858026426764126,0.7607017539357239,0.7030343929696768,0.17663591221160885,0.09450043558984716,0.5959214501510574
14,10,0.75,8.0,MAP,0.898989898989899,0.478,0.22613694417327176,0.7077508803529375,0.6682109831043198,0.13308956442213604,0.1051466969171863,0.702416918429003
14,10,0.75,8.0,cMAP,0.0,0.4228,0.14858026426764126,0.6107268246733508,0.6796654439227264,0.10835531141604965,0.07793774427091606,0.9969788519637462
14,10,0.75,50.0,MAP,0.9393939393939394,0.5232,0.2822202892987671,0.7678057824640473,0.646858385479099,0.11246888486918344,0.09452297279839915,0.6095166163141994
14,10,0.75,50.0,cMAP,0.0,0.4228,0.14858026426764126,0.5773504474921545,0.6796902603991223,0.10546942180351887,0.07816362215514594,0.9818731117824774
14,10,1.0,8.0,MAP,0.8686868686868687,0.5752,0.42289372421088894,0.8019151461505157,0.5511645695686717,0.06821107197361655,0.05482207317225145,0.4645015105740181
14,10,1.0,8.0,cMAP,0.0,0.414,0.1475199543899658,0.6804144294099113,0.6524858152234428,0.024624779020464282,0.037929165277009236,0.6314199395770392
14,10,1.0,50.0,MAP,0.898989898989899,0.5832,0.5100963900488535,0.8136020077053118,0.5285329618244686,0.036722071707838554,0.024594791105851943,0.4675226586102719
14,10,1.0,50.0,cMAP,0.0,0.4088,0.1510266049739734,0.6194077928069783,0.6564028982799324,0.02335176190976701,0.03897426823232129,0.6367069486404834
14,50,,,MLE,0.050505050505050504,0.5148,0.4787030125389443,0.7815652706762721,0.6106850746174327,0.1337086265897941,0.08984660553630121,0.5876132930513596
14,50,0.0,8.0,MAP,0.0,0.5756,0.5155145474144924,0.8143909136279457,0.5327025323640157,0.04407612475282484,0.03210444782830703,0.466012084592145
14,50,0.0,8.0,cMAP,0.0,0.5756,0.5155145474144924,0.8143904787792648,0.5327021629615523,0.04407922966434792,0.03210511564786796,0.466012084592145
14,50,0.0,50.0,MAP,0.0,0.5752,0.5122487600798706,0.805332118495542,0.545276887334781,0.05215705888963201,0.037907940682720215,0.4780966767371601
14,50,0.0,50.0,cMAP,0.0,0.5752,0.5122487600798706,0.8053310893157878,0.5452772177633759,0.05215835794077631,0.03780004693989899,0.4780966767371601
14,50,0.25,8.0,MAP,0.0,0.5324,0.29008139688599277,0.796353551408924,0.6085876089844325,0.12899755148887293,0.08318217385321366,0.5226586102719033
14,50,0.25,8.0,cMAP,0.0,0.5324,0.29008139688599277,0.7963598366346918,0.6085876644495813,0.1289990733909837,0.08318306717135554,0.5226586102719033
14,50,0.25,50.0,MAP,0.0,0.5256,0.28640436932750446,0.7797621468175965,0.6385339329297832,0.1286553894910788,0.09211951467497011,0.5385196374622356
14,50,0.25,50.0,cMAP,0.0,0.5256,0.28640436932750446,0.7797649867710396,0.638533716534077,0.12865862522194307,0.09212032599045658,0.5385196374622356
14,50,0.5,8.0,MAP,0.2828282828282828,0.472,0.23912718338305494,0.7515307905910967,0.6558112137541315,0.08846478472637459,0.08724909338766741,0.6540785498489426
14,50,0.5,8.0,cMAP,0.0,0.4568,0.21324512456297343,0.7709303151906801,0.6544042212354712,0.1088754326852323,0.09035429945996876,0.5619335347432024
14,50,0.5,50.0,MAP,0.29292929292929293,0.4228,0.14858026426764126,0.7228813575933548,0.6930529192640512,0.1495724989342972,0.09376649428634051,0.8013595166163142
14,50,0.5,50.0,cMAP,0.0,0.4228,0.14858026426764126,0.7479889756511744,0.6952968547417883,0.1579201087706789,0.09370070991550333,0.6049848942598187
14,50,0.75,8.0,MAP,0.7474747474747475,0.3864,0.15685694803563524,0.5931440977794876,0.6913673485310458,0.14147112760866468,0.0992696178670428,0.986404833836858
14,50,0.75,8.0,cMAP,0.0,0.4064,0.1495348710293057,0.6000398924407848,0.6640190746475598,0.09303890368792443,0.08415814192907707,0.6321752265861027
14,50,0.75,50.0,MAP,0.8383838383838383,0.5084,0.2615398289692332,0.7065908650392683,0.6526642908563738,0.0678719546693418,0.0945427892665356,0.6638972809667674
14,50,0.75,50.0,cMAP,0.0,0.4228,0.14858026426764126,0.6105641831921588,0.6731879845254127,0.09538906343008874,0.07767757964793802,0.9916918429003021
14,50,1.0,8.0,MAP,0.7272727272727273,0.4284,0.22670612319354644,0.6512246819134355,0.6426453279523696,0.03498883906945176,0.04762267800125716,0.898036253776435
14,50,1.0,8.0,cMAP,0.0,0.4056,0.2600642051850817,0.6459898855994511,0.6514252065297546,0.050051648119166965,0.07819724075440067,0.5279456193353474
14,50,1.0,50.0,MAP,0.7878787878787878,0.5828,0.4622467752847175,0.8047212848426767,0.5404233362536482,0.0704217836718055,0.04315176637960259,0.4705438066465257
14,50,1.0,50.0,cMAP,0.0,0.402,0.15073215369600632,0.6072849134552066,0.6661714685976909,0.031062437391354614,0.08456952665295159,0.6231117824773413
14,200,,,MLE,0.020202020202020204,0.5708,0.5116721212514065,0.8162491207024127,0.5315511228257519,0.05198453228829684,0.03873593657116451,0.44637462235649544
14,200,0.0,8.0,MAP,0.0,0.5764,0.5114100453533907,0.8197967997651887,0.5242015259606742,0.04056251834717186,0.035184211379131275,0.45468277945619334
14,200,0.0,8.0,cMAP,0.0,0.5764,0.5114100453533907,0.8198014673211613,0.5241999083596571,0.040557969735930025,0.03518193073634081,0.45468277945619334
14,200,0.0,50.0,MAP,0.0,0.5788,0.5132006765257969,0.8136089074125941,0.5308295531944947,0.0376655639526606,0.02962776797223372,0.4735649546827795
14,200,0.0,50.0,cMAP,0.0,0.5792,0.5134930081158906,0.8136147446805093,0.5308289688055818,0.03806517390555496,0.029575735185423658,0.4735649546827795
14,200,0.25,8.0,MAP,0.0,0.5384,0.29316802970369116,0.8095693889786093,0.5614854799094352,0.08941623755217457,0.06095718175011329,0.49395770392749244
14,200,0.25,8.0,cMAP,0.0,0.5384,0.29316802970369116,0.8095720543566356,0.5614854371092974,0.08941973783802322,0.06095753867405926,0.49395770392749244
14,200,0.25,50.0,MAP,0.0,0.5312,0.2892804654536064,0.7899433731916294,0.6173408815095061,0.12051058282197795,0.0824446702149089,0.533987915407855
14,200,0.25,50.0,cMAP,0.0,0.5312,0.2892804654536064,0.7899468072951774,0.6173382016058107,0.12050506106874131,0.08244355456756403,0.533987915407855
14,200,0.5,8.0,MAP,0.26262626262626265,0.5124,0.2709582708645677,0.7995021455175605,0.5906921323018806,0.06809153416695178,0.07438880803905161,0.5377643504531722
14,200,0.5,8.0,cMAP,0.0,0.5216,0.2763648407221403,0.804092615849299,0.5873301734196489,0.05581210418661787,0.07515939508073566,0.49244712990936557
14,200,0.5,50.0,MAP,0.2828282828282828,0.4228,0.14858026426764126,0.764412222452791,0.6714597130844125,0.1540895092814573,0.0931621921239761,0.6419939577039275
14,200,0.5,50.0,cMAP,0.0,0.4228,0.14858026426764126,0.777023835173107,0.67405825640033,0.1798095301793371,0.10945435567121567,0.5558912386706949
14,200,0.75,8.0,MAP,0.6161616161616161,0.4368,0.19664790096368903,0.7448265925344622,0.6223444954182967,0.11821129587341897,0.07236834684390732,0.724320241691843
14,200,0.75,8.0,cMAP,0.0,0.456,0.21794696507225586,0.7830928406570996,0.602759055939528,0.07615668999515506,0.0653524420899853,0.4773413897280967
14,200,0.75,50.0,MAP,0.7070707070707071,0.4236,0.14990204602098187,0.5883055085364375,0.681127215404079,0.1292392379714934,0.08484724036357308,0.9388217522658611
14,200,0.75,50.0,cMAP,0.0,0.4228,0.14858026426764126,0.6058086870233673,0.6659824915270588,0.08576889544426329,0.07053824240370847,0.9599697885196374
14,200,1.0,8.0,MAP,0.6262626262626263,0.452,0.2338623731076033,0.6861917599424524,0.6213776218347171,0.0654976927086964,0.0453220984541142,0.7371601208459214
14,200,1.0,8.0,cMAP,0.0,0.5356,0.4264350285111054,0.7998624726223613,0.586306380629587,0.10989994122439173,0.08414995764816584,0.4954682779456193
14,200,1.0,50.0,MAP,0.7373737373737373,0.4796,0.2353402085680446,0.7464375257107136,0.6053391773830652,0.04276427174174245,0.06136665369178045,0.5264350453172205
14,200,1.0,50.0,cMAP,0.0,0.3516,0.16014744737961792,0.6453443710786454,0.6523880772265211,0.023606078234288848,0.06618247203777303,0.5966767371601208
14,400,,,MLE,0.0,0.5816,0.4890161639122971,0.8192450934720904,0.5236301722490079,0.04101513269946839,0.030353073137086663,0.4569486404833837
14,400,0.0,8.0,MAP,0.0,0.582,0.4948449539570715,0.8208039639656363,0.5203093942134099,0.0358509931053498,0.029980812081929813,0.45392749244712993
14,400,0.0,8.0,cMAP,0.0,0.582,0.4948449539570715,0.8208086338535571,0.5203091468699004,0.03585013387835896,0.029981102678946818,0.45392749244712993
14,400,0.0,50.0,MAP,0.0,0.5828,0.5105135521291305,0.8171803414646023,0.5247144486743337,0.03166357543066855,0.02707298335079071,0.4607250755287009
14,400,0.0,50.0,cMAP,0.0,0.5828,0.5105135521291305,0.8171782538790322,0.5247145548436167,0.03166561185149919,0.02707310996177935,0.4607250755287009
14,400,0.25,8.0,MAP,0.0,0.5576,0.32485805750236324,0.8147122235044207,0.5420962939655877,0.059735874255159034,0.0457551348000777,0.459214501510574
14,400,0.25,8.0,cMAP,0.0,0.5576,0.32485805750236324,0.8147076803643036,0.5420953306487789,0.059734592505608794,0.0457534562168285,0.459214501510574
14,400,0.25,50.0,MAP,0.0,0.538,0.293863789033704,0.7956909620553342,0.59874556375324,0.10941776085713067,0.07674511241868534,0.5037764350453172
14,400,0.25,50.0,cMAP,0.0,0.538,0.293863789033704,0.795687141955141,0.5987453287046143,0.10941483261934398,0.07683775228009047,0.5037764350453172
14,400,0.5,8.0,MAP,0.2828282828282828,0.5464,0.31650120641344953,0.8118539636416651,0.5567953839618865,0.04090497744625413,0.057522576676961264,0.472809667673716
14,400,0.5,8.0,cMAP,0.0,0.5476,0.3171038227748484,0.8131248187242169,0.5551160981477725,0.040370729741123094,0.05844400983536409,0.4607250755287009
14,400,0.5,50.0,MAP,0.31313131313131315,0.4728,0.2183991874436284,0.7772727180238909,0.6439853487199069,0.10853639451025097,0.08909119943738979,0.5785498489425982
14,400,0.5,50.0,cMAP,0.0,0.4592,0.19770320714543688,0.7867143568803285,0.6471628886783808,0.10752783075180569,0.0958117099731059,0.5317220543806647
14,400,0.75,8.0,MAP,0.5656565656565656,0.5192,0.3076460248117696,0.7930761452468458,0.5749398113201257,0.03213404647884667,0.055477019144883497,0.5913897280966768
14,400,0.75,8.0,cMAP,0.0,0.5588,0.41820813846689053,0.8134581217698635,0.5603314135286446,0.051260628815374076,0.06658721074918686,0.4645015105740181
14,400,0.75,50.0,MAP,0.6565656565656566,0.4164,0.1491404011461318,0.6399252078440221,0.6770751112799869,0.12441056629270505,0.08655555471637182,0.8927492447129909
14,400,0.75,50.0,cMAP,0.0,0.4132,0.1482491389207807,0.5974023248841942,0.6627828266046221,0.08922505041346634,0.08147343410314441,0.4909365558912387
14,400,1.0,8.0,MAP,0.5656565656565656,0.5076,0.29592501147817357,0.7629751907586746,0.5804193915501504,0.035893557944621506,0.04883269905993174,0.6231117824773413
14,400,1.0,8.0,cMAP,0.0,0.564,0.45689301041432073,0.8143581531775317,0.5516210382196052,0.08331397443178634,0.06751871586580348,0.479607250755287
14,400,1.0,50.0,MAP,0.6868686868686869,0.4644,0.22150983812148622,0.6626057991502334,0.636006198145129,0.01860526639205025,0.03847005045364968,0.9131419939577039
14,400,1.0,50.0,cMAP,0.0,0.394,0.1643202055512702,0.6818663900303155,0.6409499674335091,0.07838757738905544,0.06543339121832786,0.5234138972809668
15,10,,,MLE,0.21212121212121213,0.4396,0.39446734367250097,0.6704681599213957,0.6730933946230725,0.1163605692449736,0.11264536495311618,0.6457703927492447
15,10,0.0,8.0,MAP,0.0,0.5804,0.509446559836817,0.8145735920283564,0.5266594560056869,0.017092434151695316,0.022004051327449904,0.49697885196374625
15,10,0.0,8.0,cMAP,0.0,0.5804,0.509446559836817,0.8145834942478997,0.526660001282917,0.01709428769382584,0.02199165024043195,0.49697885196374625
15,10,0.0,50.0,MAP,0.0,0.5736,0.5050237551113129,0.810695582261008,0.5318763089268947,0.02724155317421782,0.02663788136071295,0.48564954682779454
15,10,0.0,50.0,cMAP,0.0,0.5736,0.5050237551113129,0.8107088618088064,0.5318748313942898,0.027239754784057338,0.02663716668015641,0.48564954682779454
15,10,0.25,8.0,MAP,0.0,0.5248,0.27045895238263884,0.796885034284012,0.6407924270619495,0.14765833989720248,0.11280854758219028,0.5120845921450151
15,10,0.25,8.0,cMAP,0.0,0.5248,0.27045895238263884,0.7976856900759539,0.6406999098595947,0.14767576738505184,0.11278361654521417,0.5113293051359517
15,10,0.25,50.0,MAP,0.0,0.5052,0.25165893527113425,0.7874051440160756,0.6600620390896842,0.17276633200640584,0.11943335647657007,0.5430513595166163
15,10,0.25,50.0,cMAP,0.0,0.5052,0.25165893527113425,0.787408131206846,0.6600610865375657,0.1727670628661397,0.11943348270288612,0.5430513595166163
15,10,0.5,8.0,MAP,0.24242424242424243,0.4228,0.14858026426764126,0.730858950414963,0.7672723338262903,0.2993363875215556,0.14966819376077783,0.7077039274924471
15,10,0.5,8.0,cMAP,0.0,0.4228,0.14858026426764126,0.7721393918503379,0.7696614419274641,0.30097431587574025,0.16677160849689981,0.5241691842900302
15,10,0.5,50.0,MAP,0.24242424242424243,0.4228,0.14858026426764126,0.7324875819533578,0.7861609657699858,0.314345643717625,0.1571728218588125,0.6978851963746223
15,10,0.5,50.0,cMAP,0.0,0.4228,0.14858026426764126,0.7701959972620984,0.7863094023374286,0.31445050590638873,0.1572252529531944,0.5234138972809668
15,10,0.75,8.0,MAP,0.8686868686868687,0.4276,0.15998825831702546,0.6935542204098863,0.6770626917165447,0.20152419771447116,0.11362639397574353,0.600453172205438
15,10,0.75,8.0,cMAP,0.0,0.4228,0.14858026426764126,0.6304904627613429,0.6802691648294941,0.14473713108474362,0.07236856554237181,0.8799093655589124
15,10,0.75,50.0,MAP,0.8888888888888888,0.4648,0.21214749497066726,0.7559161027421344,0.6678115255026188,0.19284047774866644,0.11807022572553127,0.5030211480362538
15,10,0.75,50.0,cMAP,0.0,0.4228,0.14858026426764126,0.6140602724852161,0.6921551711472052,0.16708573640987984,0.08354286820493993,0.9599697885196374
15,10,1.0,8.0,MAP,0.8282828282828283,0.508,0.376463217906962,0.7358116074672598,0.609290960816204,0.04199171967081584,0.05906201634144349,0.5566465256797583
15,10,1.0,8.0,cMAP,0.0,0.404,0.14802274150868627,0.6383954808910473,0.6565919038061995,0.024774567832104466,0.0647490224304654,0.6299093655589124
15,10,1.0,50.0,MAP,0.8383838383838383,0.508,0.3981419101530779,0.7601415719206341,0.6065088727036849,0.07683405463537275,0.07690837791964854,0.5188821752265861
15,10,1.0,50.0,cMAP,0.0,0.404,0.14802274150868627,0.5985379571969376,0.6590933345158583,0.04382221479464115,0.054167500113919735,0.6185800604229608
15,50,,,MLE,0.1111111111111111,0.5572,0.4616757715450626,0.7813050942278308,0.5816983546378421,0.1042720099347327,0.06805180567613241,0.5098187311178247
15,50,0.0,8.0,MAP,0.0,0.5864,0.5001143473387257,0.8203911828355785,0.5193017744586741,0.012959656349492862,0.02066017506380061,0.4622356495468278
15,50,0.0,8.0,cMAP,0.0,0.5864,0.5001143473387257,0.8203968317667456,0.5193015991159117,0.012960158150704452,0.020660482021153614,0.4622356495468278
15,50,0.0,50.0,MAP,0.0,0.578,0.5081008424739021,0.8140700675550272,0.5271853347442608,0.017091758660285346,0.023018671617978603,0.48564954682779454
15,50,0.0,50.0,cMAP,0.0,0.578,0.5081008424739021,0.8140725617974085,0.5271859599649596,0.0170929765159027,0.02301889535725899,0.48564954682779454
15,50,0.25,8.0,MAP,0.0,0.5504,0.29511002986751933,0.8046064138856115,0.6093813842631333,0.1170527440382413,0.0940937099068278,0.48489425981873113
15,50,0.25,8.0,cMAP,0.0,0.5504,0.29511002986751933,0.8046038139175293,0.609381005893644,0.1170535221368501,0.09409403974200235,0.48489425981873113
15,50,0.25,50.0,MAP,0.0,0.5196,0.26536360119911034,0.793787705406827,0.6533084216580329,0.160358187896844,0.11781638748693503,0.5362537764350453
15,50,0.25,50.0,cMAP,0.0,0.5196,0.26536360119911034,0.7937859804431986,0.6533101242169561,0.16036119810831592,0.11781812518374553,0.5362537764350453
15,50,0.5,8.0,MAP,0.36363636363636365,0.4228,0.14858026426764126,0.7591193641441887,0.7459921577227238,0.30791749729488743,0.15859715831660515,0.6140483383685801
15,50,0.5,8.0,cMAP,0.0,0.4228,0.14858026426764126,0.7843064801475399,0.732527590928294,0.2885291050877332,0.14634389475843648,0.5324773413897281
15,50,0.5,50.0,MAP,0.37373737373737376,0.4228,0.14858026426764126,0.7408821799980123,0.8031403218013565,0.3356976834158611,0.16784884170793057,0.68202416918429
15,50,0.5,50.0,cMAP,0.0,0.4228,0.14858026426764126,0.7793105473163253,0.7871603894947677,0.3176264733961446,0.1588132366980723,0.5611782477341389
15,50,0.75,8.0,MAP,0.797979797979798,0.4228,0.14858026426764126,0.5868198181488291,0.7267050809868318,0.22677385726773297,0.12446085694516958,0.877643504531722
15,50,0.75,8.0,cMAP,0.0,0.4228,0.14858026426764126,0.5911235925900453,0.6742568039208743,0.13793561290062165,0.06896780645031081,0.6283987915407855
15,50,0.75,50.0,MAP,0.8585858585858586,0.4316,0.1633053053983086,0.6816396660184638,0.6923577529437472,0.2323288483515207,0.13024731798765737,0.5347432024169184
15,50,0.75,50.0,cMAP,0.0,0.4228,0.14858026426764126,0.6230174043871706,0.6892468542625446,0.1636236986504203,0.08181184932521017,0.9750755287009063
15,50,1.0,8.0,MAP,0.797979797979798,0.4412,0.19830367170574903,0.6329174885117621,0.6493342522500761,0.04757023510504498,0.04625591248237494,0.9206948640483383
15,50,1.0,8.0,cMAP,0.0,0.404,0.14802274150868627,0.6481321002213347,0.6496430367059925,0.01925557198209009,0.06110800667408456,0.5755287009063444
15,50,1.0,50.0,MAP,0.8383838383838383,0.5112,0.3824560271327066,0.755630195560751,0.5946958546928032,0.01948633171792593,0.06138106219760958,0.5324773413897281
15,50,1.0,50.0,cMAP,0.0,0.404,0.14802274150868627,0.6216506196210025,0.6602527690316987,0.0354794050518728,0.06517408621244698,0.5974320241691843
15,200,,,MLE,0.06060606060606061,0.5828,0.4644942172549603,0.8175399801635296,0.52519106519572,0.034771939089674214,0.03238808251573549,0.47129909365558914
15,200,0.0,8.0,MAP,0.0,0.588,0.49321364741153534,0.8228122346072403,0.5174337618390978,0.02577069780662106,0.022238311258426593,0.45770392749244715
15,200,0.0,8.0,cMAP,0.0,0.588,0.49321364741153534,0.8228239898759151,0.5174331994391836,0.02576942516677795,0.02223972300815108,0.45770392749244715
15,200,0.0,50.0,MAP,0.0,0.5804,0.5075983269848268,0.8184630791711383,0.5213742004173773,0.021186055112948507,0.017342474607358438,0.47583081570996977
15,200,0.0,50.0,cMAP,0.0,0.5804,0.5075983269848268,0.81847580424195,0.5213748544053708,0.021186808770290284,0.017342756085638705,0.47583081570996977
15,200,0.25,8.0,MAP,0.0,0.5624,0.3091736092130881,0.8142043311863666,0.5509051255763551,0.07168825183816273,0.05581735260720934,0.4554380664652568
15,200,0.25,8.0,cMAP,0.0,0.5624,0.3091736092130881,0.8142002792153644,0.5509038790112624,0.07211301548957635,0.05592319806586793,0.4554380664652568
15,200,0.25,50.0,MAP,0.0,0.5432,0.2887892160020615,0.8033118622623016,0.614645198619072,0.11548711913806602,0.09566342972644323,0.4954682779456193
15,200,0.25,50.0,cMAP,0.0,0.5432,0.2887892160020615,0.8033076033337088,0.614646602220011,0.11548951588909001,0.09566495818817773,0.4954682779456193
15,200,0.5,8.0,MAP,0.29292929292929293,0.526,0.27267302065210336,0.8056523206611903,0.5975362393269291,0.0697355798875174,0.08821461157538968,0.5030211480362538
15,200,0.5,8.0,cMAP,0.0,0.5204,0.2643211898063127,0.8085092735002359,0.5994012979044244,0.0771732976917489,0.09145717122444191,0.479607250755287
15,200,0.5,50.0,MAP,0.30303030303030304,0.4228,0.14858026426764126,0.7828617445953494,0.7406491534759541,0.2845830065849427,0.15126677507892408,0.5898791540785498
15,200,0.5,50.0,cMAP,0.0,0.4228,0.14858026426764126,0.78565949116288,0.7416307744595347,0.2824883679268723,0.15531485785727928,0.5347432024169184
15,200,0.75,8.0,MAP,0.6060606060606061,0.48,0.22387764834116763,0.745251525730686,0.6216533811852453,0.07217049184350513,0.07308388711185841,0.7416918429003021
15,200,0.75,8.0,cMAP,0.0,0.5076,0.28359531976085905,0.8012011396741068,0.6022912733139442,0.0232816108598963,0.07862018214729738,0.48942598187311176
15,200,0.75,50.0,MAP,0.7272727272727273,0.4228,0.14858026426764126,0.6367655011201487,0.7040171370085092,0.20937641691579512,0.10600394319622405,0.7809667673716012
15,200,0.75,50.0,cMAP,0.0,0.4228,0.14858026426764126,0.6047590861487276,0.6755196665950324,0.13724514847928454,0.06862257423964226,0.8512084592145015
15,200,1.0,8.0,MAP,0.6262626262626263,0.5012,0.2751070589860478,0.6936976502442264,0.614270016880348,0.028657440452033573,0.04249568405535598,0.756797583081571
15,200,1.0,8.0,cMAP,0.0,0.5548,0.40365167990696676,0.7965326515081363,0.5875732029297593,0.11339916852177802,0.08117271021031185,0.5045317220543807
15,200,1.0,50.0,MAP,0.7272727272727273,0.4612,0.20546855067310338,0.6932056118530896,0.6299588736286551,0.01606795065540322,0.05443046149180375,0.7870090634441088
15,200,1.0,50.0,cMAP,0.0,0.404,0.14802274150868627,0.6381993537744679,0.65330598374139,0.07082514602956648,0.07378078203636844,0.601963746223565
15,400,,,MLE,0.030303030303030304,0.5824,0.4837752570571575,0.8219364686302331,0.5207426073224511,0.027480816400880327,0.024790126287726727,0.4652567975830816
15,400,0.0,8.0,MAP,0.0,0.5872,0.4753412181919994,0.8247748416929663,0.5160596299134732,0.014714361254710177,0.020796773506137387,0.4607250755287009
15,400,0.0,8.0,cMAP,0.0,0.5872,0.4753412181919994,0.8247751844783486,0.5160604599898224,0.014712677508725642,0.0207963220191488,0.4607250755287009
15,400,0.0,50.0,MAP,0.0,0.5848,0.5072645039668283,0.821297479742195,0.5189520715579112,0.014418840594740618,0.018993481759274036,0.45845921450151056
15,400,0.0,50.0,cMAP,0.0,0.5848,0.5072645039668283,0.8212971519272977,0.5189520229485514,0.01441897727124194,0.01899349143933485,0.45845921450151056
15,400,0.25,8.0,MAP,0.0,0.5728,0.36939033308859215,0.8214007912580911,0.5364138151888962,0.045394451158044115,0.04260803019505096,0.45392749244712993
15,400,0.25,8.0,cMAP,0.0,0.5728,0.36939033308859215,0.8214010931744855,0.5364140210270294,0.04539385334425071,0.04260911626655247,0.45392749244712993
15,400,0.25,50.0,MAP,0.0,0.5496,0.2951067263215538,0.8097130584340035,0.594476011889158,0.10266334551964736,0.08341352760170963,0.4788519637462236
15,400,0.25,50.0,cMAP,0.0,0.5496,0.2951067263215538,0.809714091102994,0.5944757650351606,0.1026661872397017,0.083412220550027,0.4788519637462236
15,400,0.5,8.0,MAP,0.30303030303030304,0.5532,0.32653954775134947,0.8184266150940751,0.5642843600758207,0.05497591817338565,0.07113822315955011,0.4811178247734139
15,400,0.5,8.0,cMAP,0.0,0.5532,0.3281971038710387,0.8192247797931486,0.5634921438470374,0.05503513487039142,0.07112294386358718,0.479607250755287
15,400,0.5,50.0,MAP,0.31313131313131315,0.4228,0.14858026426764126,0.7962639272420906,0.6981963518979017,0.2557488707349578,0.13463834483614742,0.5694864048338368
15,400,0.5,50.0,cMAP,0.0,0.4228,0.14858026426764126,0.8021324740944653,0.7005594785239895,0.2550183759564546,0.13831094640782474,0.5302114803625377
15,400,0.75,8.0,MAP,0.5555555555555556,0.5416,0.32096733867138416,0.7932919757498841,0.5795605186530834,0.011514745809686047,0.06362223460628999,0.6268882175226587
15,400,0.75,8.0,cMAP,0.0,0.5652,0.41268153199722113,0.815889952011055,0.560903966689335,0.036645544822456744,0.06299781308895955,0.4788519637462236
15,400,0.75,50.0,MAP,0.6666666666666666,0.4228,0.14858026426764126,0.6592001619737287,0.6960615386400517,0.2037572821542405,0.10016215558743617,0.8134441087613293
15,400,0.75,50.0,cMAP,0.0,0.4228,0.14858026426764126,0.5966784548878882,0.6695214410039398,0.1260373094881938,0.06301865474409693,0.5264350453172205
15,400,1.0,8.0,MAP,0.5757575757575758,0.5372,0.3160664189019463,0.7647300637589616,0.5766670099419106,0.04417502066863327,0.04710074378120186,0.676737160120846
15,400,1.0,8.0,cMAP,0.0,0.5788,0.4558398967742765,0.8131510707983922,0.5548315961806412,0.08957447957803984,0.06680498703845221,0.493202416918429
15,400,1.0,50.0,MAP,0.6464646464646465,0.4284,0.17176598167354634,0.6096526676208327,0.6458534519408465,0.0444074973844896,0.03910494403241493,0.8466767371601208
15,400,1.0,50.0,cMAP,0.0,0.406,0.15311485527115737,0.6732716253312073,0.6443807035822574,0.09686054911551964,0.08729354760723355,0.5249244712990937
16,10,,,MLE,0.12121212121212122,0.442,0.3953877893129251,0.7137733661512895,0.6857730452592827,0.08871216234904494,0.14133429048483923,0.6465256797583081
16,10,0.0,8.0,MAP,0.0,0.5696,0.4534366512549669,0.8086400046787564,0.5496386387817501,0.05523907123210621,0.04584060915522843,0.5037764350453172
16,10,0.0,8.0,cMAP,0.0,0.5696,0.4534366512549669,0.808644564910722,0.5496393421059074,0.055243453019534296,0.045842110278067616,0.5037764350453172
16,10,0.0,50.0,MAP,0.0,0.5692,0.45703629903131726,0.8079080073412594,0.5462066753616107,0.04344180050623214,0.03714146801477612,0.49697885196374625
16,10,0.0,50.0,cMAP,0.0,0.5692,0.45703629903131726,0.807916813794526,0.5462112661724726,0.043452056404657255,0.037145108696714994,0.49697885196374625
16,10,0.25,8.0,MAP,0.0,0.5436,0.2992085617085617,0.7876072508005182,0.6349854622200412,0.09421220091465705,0.10199453266622767,0.5226586102719033
16,10,0.25,8.0,cMAP,0.0,0.5436,0.2992085617085617,0.7876101754472333,0.6349854741359587,0.09421579510308614,0.10199292788543457,0.5226586102719033
16,10,0.25,50.0,MAP,0.0,0.5508,0.30417873045118554,0.7845544547625619,0.6338281916204573,0.07891028987724856,0.09904084903390793,0.5181268882175226
16,10,0.25,50.0,cMAP,0.0,0.5508,0.30417873045118554,0.7845554888083902,0.6338247756067662,0.07890887966244063,0.09903681677164398,0.5181268882175226
16,10,0.5,8.0,MAP,0.12121212121212122,0.386,0.13924963924963926,0.610750480294955,0.8321899856187225,0.364488851803358,0.182244425901679,0.7220543806646526
16,10,0.5,8.0,cMAP,0.0,0.386,0.13924963924963926,0.7066130610956987,0.8224287426242121,0.35417145511025805,0.17708572755512905,0.6102719033232629
16,10,0.5,50.0,MAP,0.12121212121212122,0.386,0.13924963924963926,0.5748972117392745,0.8205768952736191,0.35016220440882495,0.17508110220441248,0.7817220543806647
16,10,0.5,50.0,cMAP,0.0,0.386,0.13924963924963926,0.7071663269776751,0.8184725732881644,0.3480167044445246,0.17400835222226232,0.6185800604229608
16,10,0.75,8.0,MAP,0.8888888888888888,0.388,0.1429210297762275,0.71387689527593,0.7908405371438861,0.3367776565709641,0.17273231537694275,0.581570996978852
16,10,0.75,8.0,cMAP,0.0,0.386,0.13924963924963926,0.6153527636067369,0.7162517988501188,0.2146600109648995,0.10733000548244975,0.9962235649546828
16,10,0.75,50.0,MAP,0.9292929292929293,0.3936,0.15190626797531495,0.7730138018932895,0.7676388765689548,0.33283622935238216,0.17176138594904428,0.5022658610271903
16,10,0.75,50.0,cMAP,0.0,0.386,0.13924963924963926,0.5803148729802386,0.7119558300269867,0.20644925749084853,0.10322462874542426,0.9705438066465257
16,10,1.0,8.0,MAP,0.8484848484848485,0.496,0.3966546349453329,0.7608946717148874,0.6097158252984903,0.09498409789856489,0.07541488272792762,0.5370090634441088
16,10,1.0,8.0,cMAP,0.0,0.386,0.13924963924963926,0.6459346463156495,0.6679368862415596,0.06611612043626885,0.07152542854120894,0.5936555891238671
16,10,1.0,50.0,MAP,0.8484848484848485,0.5424,0.4641638850271197,0.7836725182378124,0.592469495732995,0.0689308384800439,0.0744012561124493,0.5083081570996979
16,10,1.0,50.0,cMAP,0.0,0.386,0.13924963924963926,0.6009201469795736,0.6690042854625943,0.06755027568049106,0.06646472444317267,0.7016616314199395
16,50,,,MLE,0.0707070707070707,0.5208,0.43270855020446514,0.7779226978123269,0.5834497903156171,0.07626911283263142,0.05391991181177907,0.5120845921450151
16,50,0.0,8.0,MAP,0.0,0.5632,0.45876673635076615,0.808396730043587,0.5478112427285219,0.04331715839108473,0.04469301932876597,0.4871601208459215
16,50,0.0,8.0,cMAP,0.0,0.5632,0.45876673635076615,0.8085418791951818,0.5474934846846383,0.03933747250958158,0.04367388589816196,0.4871601208459215
16,50,0.0,50.0,MAP,0.0,0.5668,0.45656202919314764,0.8093086845378388,0.5443877615354439,0.03666559735317714,0.03549480344721906,0.48489425981873113
16,50,0.0,50.0,cMAP,0.0,0.5668,0.45656202919314764,0.8094392812724889,0.5443438180365361,0.03719466554971872,0.03535731689229765,0.48489425981873113
16,50,0.25,8.0,MAP,0.0,0.5532,0.3050614911266777,0.8011097965526559,0.5863750213600102,0.06200818892029806,0.07436314604503383,0.5083081570996979
16,50,0.25,8.0,cMAP,0.0,0.5532,0.3050614911266777,0.8011367309671603,0.5863595870414938,0.06201004394038763,0.07436206208878733,0.5083081570996979
16,50,0.25,50.0,MAP,0.0,0.5576,0.3079776893204188,0.7918654319828768,0.6206504256615732,0.0629916047446227,0.09075924269095154,0.5045317220543807
16,50,0.25,50.0,cMAP,0.0,0.5576,0.3079776893204188,0.7918665044529752,0.6206464905393032,0.06299340277308783,0.09075492690080349,0.5045317220543807
16,50,0.5,8.0,MAP,0.23232323232323232,0.4592,0.23121410860287406,0.765905101833787,0.655802789050291,0.09525750246413554,0.09392681747879765,0.6427492447129909
16,50,0.5,8.0,cMAP,0.0,0.386,0.13924963924963926,0.7789858286206158,0.678799760647843,0.20845240955893976,0.1168853036506149,0.5770392749244713
16,50,0.5,50.0,MAP,0.23232323232323232,0.386,0.13924963924963926,0.743779735168249,0.7537012170546287,0.27773167948727834,0.13886583974363917,0.7054380664652568
16,50,0.5,50.0,cMAP,0.0,0.386,0.13924963924963926,0.7646525614589686,0.7772874109015356,0.3057028600843805,0.15285143004219026,0.5868580060422961
16,50,0.75,8.0,MAP,0.6868686868686869,0.378,0.14243264366359326,0.5357824945929606,0.6944809045545429,0.16353089077599994,0.08925730632927376,0.974320241691843
16,50,0.75,8.0,cMAP,0.0,0.386,0.13924963924963926,0.5910849578927088,0.6841100090121786,0.1715232803453985,0.08577006893028191,0.5800604229607251
16,50,0.75,50.0,MAP,0.7777777777777778,0.386,0.13941057497832995,0.586819817871843,0.7267948316751531,0.2747794085209404,0.13947862428045874,0.5604229607250756
16,50,0.75,50.0,cMAP,0.0,0.386,0.13924963924963926,0.5989586297064409,0.703215186979395,0.19417524969768796,0.097087624848844,0.979607250755287
16,50,1.0,8.0,MAP,0.696969696969697,0.3816,0.16752664519669072,0.5945470897107208,0.6526269300836464,0.06913206253181142,0.04754065183077745,0.9101208459214502
16,50,1.0,8.0,cMAP,0.0,0.37,0.25822700856220243,0.6935583642255918,0.6579648390561712,0.041309168767166775,0.08528458560659802,0.5347432024169184
16,50,1.0,50.0,MAP,0.7373737373737373,0.5328,0.4201570458880493,0.7696214858333634,0.5886637554010173,0.035539452715001515,0.05929255252523982,0.5098187311178247
16,50,1.0,50.0,cMAP,0.0,0.3324,0.1488957301596204,0.6034190434635909,0.6745036323377979,0.04615753491867635,0.0867856056826943,0.6080060422960725
16,200,,,MLE,0.04040404040404041,0.5756,0.49187794802663365,0.8169404157689255,0.5218506560768472,0.018198559850655195,0.025519494577871078,0.466012084592145
16,200,0.0,8.0,MAP,0.0,0.58,0.47750226446796135,0.8186540722930402,0.5255053725406409,0.022172943295490587,0.030613114944789733,0.47583081570996977
16,200,0.0,8.0,cMAP,0.0,0.578,0.47633934709794873,0.8188570520023488,0.5252338415192442,0.02509519483214989,0.030842089256002427,0.47658610271903323
16,200,0.0,50.0,MAP,0.0,0.5724,0.46357860068608636,0.812406157486461,0.5379100974308514,0.025200671147863254,0.03330018649974828,0.4690332326283988
16,200,0.0,50.0,cMAP,0.0,0.5724,0.46357860068608636,0.8124650922625072,0.537849807262361,0.025200509902480375,0.03348385126211468,0.4690332326283988
16,200,0.25,8.0,MAP,0.010101010101010102,0.5588,0.30889830508474575,0.8139854547254601,0.5451823656203142,0.054980356782842514,0.0467934676951281,0.48942598187311176
16,200,0.25,8.0,cMAP,0.0,0.5588,0.30889830508474575,0.814350404198571,0.5448705518955916,0.059251650802923835,0.047667466049635024,0.49244712990936557
16,200,0.25,50.0,MAP,0.0,0.558,0.3084900197960924,0.7997217424770499,0.592250560763209,0.07089865537383686,0.07121829811124025,0.4871601208459215
16,200,0.25,50.0,cMAP,0.0,0.558,0.3084900197960924,0.7997215329962166,0.5922515833164146,0.0708947619891787,0.07122043946875534,0.4871601208459215
16,200,0.5,8.0,MAP,0.2828282828282828,0.5372,0.31354478648822076,0.8023725734325153,0.5762772211388417,0.04489351667541375,0.060964560684323515,0.5876132930513596
16,200,0.5,8.0,cMAP,0.0,0.5432,0.3367892161474234,0.8093790456400065,0.5764652618227899,0.02687399499225853,0.07074710181682566,0.527190332326284
16,200,0.5,50.0,MAP,0.2828282828282828,0.4564,0.22873955312979705,0.7671099113095052,0.6627361177184075,0.08141267620273189,0.09531064354795758,0.6827794561933535
16,200,0.5,50.0,cMAP,0.0,0.386,0.13924963924963926,0.7881364709693095,0.6945436227230131,0.21539765744875106,0.11740383427444155,0.5641993957703928
16,200,0.75,8.0,MAP,0.5959595959595959,0.4892,0.2706003572358442,0.7332037621330042,0.6202897273780185,0.05151338143357765,0.06640842684033998,0.702416918429003
16,200,0.75,8.0,cMAP,0.0,0.5112,0.32873832428591065,0.7892466001008029,0.5984971654921092,0.06300180887054893,0.06732773407125729,0.5490936555891238
16,200,0.75,50.0,MAP,0.696969696969697,0.386,0.13924963924963926,0.46502334324609496,0.6993948955438033,0.16439039920341664,0.08219519960170832,0.9206948640483383
16,200,0.75,50.0,cMAP,0.0,0.386,0.13924963924963926,0.5968574766601143,0.6855098928964264,0.1641431936324148,0.08207159681620739,0.7492447129909365
16,200,1.0,8.0,MAP,0.6464646464646465,0.4812,0.26536755834771447,0.6820225684212105,0.6200999686154464,0.05446141374634162,0.041910698486732845,0.7484894259818731
16,200,1.0,8.0,cMAP,0.0,0.538,0.4126342519851088,0.7946995738502358,0.5927070523111598,0.1130085146491288,0.08110552107482846,0.5143504531722054
16,200,1.0,50.0,MAP,0.7070707070707071,0.4548,0.24102978479666148,0.6678131067708353,0.6348160271265373,0.047617205672398535,0.04663181747695385,0.7107250755287009
16,200,1.0,50.0,cMAP,0.0,0.408,0.1906012896038778,0.6530980183074323,0.6536165775444547,0.06816238329794867,0.07997254093021625,0.5823262839879154
16,400,,,MLE,0.020202020202020204,0.5884,0.4775724698844843,0.8245292760271681,0.5143345840909203,0.017543962916768716,0.017917175633433452,0.4652567975830816
16,400,0.0,8.0,MAP,0.0,0.5852,0.4794692962524351,0.8229807501839458,0.5182151999655038,0.01917214466953614,0.02322556741651266,0.47129909365558914
16,400,0.0,8.0,cMAP,0.0,0.5864,0.47983749718742935,0.8230562175111767,0.5180423999166982,0.012500272746983506,0.02130362555181233,0.47205438066465255
16,400,0.0,50.0,MAP,0.0,0.5752,0.4750179567967868,0.8158009548994679,0.5325440075711657,0.020570552398138493,0.032383721926161076,0.47583081570996977
16,400,0.0,50.0,cMAP,0.0,0.5752,0.4750179567967868,0.8158181107453547,0.532501212931812,0.020267730245745234,0.032415577067726714,0.47583081570996977
16,400,0.25,8.0,MAP,0.0,0.5744,0.3784831438105352,0.819463609307665,0.5301411059234415,0.03357797350991425,0.030611191761528038,0.4788519637462236
16,400,0.25,8.0,cMAP,0.0,0.5744,0.3784831438105352,0.8194928629602867,0.5301128452601359,0.03353694201305139,0.030576625160327994,0.4780966767371601
16,400,0.25,50.0,MAP,0.0,0.5624,0.3109200453043711,0.8070401725876606,0.5740565168052021,0.07020020490281884,0.06477316767425792,0.4984894259818731
16,400,0.25,50.0,cMAP,0.0,0.5624,0.3109200453043711,0.8070440402318071,0.5740587620150196,0.07020313985773544,0.06477403614265384,0.4984894259818731
16,400,0.5,8.0,MAP,0.2828282828282828,0.5644,0.3689212553061593,0.8138709509767466,0.5467824395186439,0.02571050478528802,0.04348036551452452,0.5362537764350453
16,400,0.5,8.0,cMAP,0.0,0.576,0.3810285283706265,0.8175832435140729,0.5435642651954057,0.03202676388659595,0.04926272184604574,0.49924471299093653
16,400,0.5,50.0,MAP,0.30303030303030304,0.5148,0.28448288997235016,0.7855283481197771,0.628382338111976,0.05069575067196272,0.08352645438003824,0.6329305135951662
16,400,0.5,50.0,cMAP,0.0,0.4588,0.22966586407623688,0.7989962094110251,0.6453451566168277,0.09503353302480727,0.10289517850888358,0.5332326283987915
16,400,0.75,8.0,MAP,0.5252525252525253,0.5192,0.29611226335995766,0.7922892761835436,0.5722489112763849,0.04224364401300147,0.05169621334131239,0.6631419939577039
16,400,0.75,8.0,cMAP,0.0,0.5612,0.41173451928496724,0.8137691947749368,0.5553584054105111,0.051961954522732,0.059029711335956594,0.5045317220543807
16,400,0.75,50.0,MAP,0.6363636363636364,0.4208,0.2334566951311427,0.5889761914266234,0.6836858809420348,0.09840055526031534,0.07992760639781606,0.7930513595166163
16,400,0.75,50.0,cMAP,0.0,0.386,0.13924963924963926,0.6793260549535338,0.6617571190462762,0.12634422609516083,0.07176650369199086,0.6344410876132931
16,400,1.0,8.0,MAP,0.5353535353535354,0.5496,0.35901189366623976,0.7688397956078402,0.5748504128639689,0.06686900693341832,0.05321388534184969,0.6835347432024169
16,400,1.0,8.0,cMAP,0.0,0.5684,0.44580145239597574,0.8128262249220524,0.5538259157224903,0.08923011284053267,0.06609331856840088,0.5105740181268882
16,400,1.0,50.0,MAP,0.6666666666666666,0.3828,0.21221992843380127,0.5723961074262713,0.6554239577938296,0.08672140342238753,0.039655738438257954,0.8640483383685801
16,400,1.0,50.0,cMAP,0.0,0.4796,0.3315746646011125,0.7491324988702034,0.6370314137359768,0.10582468803877433,0.08276535414436106,0.5309667673716012
17,10,,,MLE,0.08080808080808081,0.4208,0.3663628303808725,0.6819228132535482,0.7211519731741317,0.11011681117887856,0.15309492724767787,0.7802114803625377
17,10,0.0,8.0,MAP,0.0,0.5332,0.41704804063178774,0.7861231118621166,0.5881749657393928,0.10998081090639086,0.06923031040972323,0.5264350453172205
17,10,0.0,8.0,cMAP,0.0,0.5332,0.41704804063178774,0.7861336981139095,0.5881720839337548,0.10997925514432398,0.06922853583530258,0.5264350453172205
17,10,0.0,50.0,MAP,0.0,0.5292,0.40714054890288986,0.7878355999515578,0.5895200776765823,0.10928424933777597,0.07172481795031496,0.5052870090634441
17,10,0.0,50.0,cMAP,0.0,0.5292,0.40714054890288986,0.7878426596647983,0.5895205772500036,0.10928867751114449,0.07172453328340336,0.5052870090634441
17,10,0.25,8.0,MAP,0.0,0.536,0.2954509509838591,0.7730172888247525,0.6285467895403536,0.1060240663593491,0.08667807394332182,0.5604229607250756
17,10,0.25,8.0,cMAP,0.0,0.536,0.2954509509838591,0.7730124424210199,0.6285458253683451,0.10602352132852455,0.08667671685654148,0.5604229607250756
17,10,0.25,50.0,MAP,0.0,0.526,0.290022030619733,0.774330283636462,0.647922728706338,0.09043876284919093,0.10034686892631212,0.552870090634441
17,10,0.25,50.0,cMAP,0.0,0.526,0.290022030619733,0.7743294761934889,0.6479267167933185,0.09043438693311923,0.10034889579840245,0.552870090634441
17,10,0.5,8.0,MAP,0.10101010101010101,0.386,0.13924963924963926,0.5873975889242873,0.7021487444377862,0.1827443149178741,0.0939360224798094,0.9138972809667674
17,10,0.5,8.0,cMAP,0.0,0.386,0.13924963924963926,0.720877036864346,0.7410119669297873,0.26465605075826076,0.13292774638785254,0.7107250755287009
17,10,0.5,50.0,MAP,0.10101010101010101,0.386,0.13924963924963926,0.5749884676340289,0.8156475296154174,0.34497458840268724,0.17248729420134362,0.9244712990936556
17,10,0.5,50.0,cMAP,0.0,0.386,0.13924963924963926,0.7249636146811691,0.8403963097665561,0.3685732564988231,0.18428662824941155,0.6941087613293051
17,10,0.75,8.0,MAP,0.8585858585858586,0.386,0.13924963924963926,0.6505423062984548,0.7106724878026993,0.21999206661956552,0.11614138192542645,0.7628398791540786
17,10,0.75,8.0,cMAP,0.0,0.386,0.13924963924963926,0.6191494594539816,0.7030633562868445,0.19888666569457014,0.09944333284728506,0.7288519637462235
17,10,0.75,50.0,MAP,0.898989898989899,0.392,0.148859507921399,0.740695376622031,0.770722363806897,0.3265427413731705,0.16992364069892407,0.5241691842900302
17,10,0.75,50.0,cMAP,0.0,0.386,0.13924963924963926,0.5608001119540796,0.7210157757009201,0.2229640530483894,0.11148202652419469,0.8572507552870091
17,10,1.0,8.0,MAP,0.8080808080808081,0.5132,0.3804716187968589,0.7260561765397697,0.6100824208864778,0.03782426842409599,0.04942106937017198,0.600453172205438
17,10,1.0,8.0,cMAP,0.0,0.3968,0.1839685915868734,0.6322399637211901,0.6621663121836601,0.0061793488225802325,0.0665386565513396,0.6072507552870091
17,10,1.0,50.0,MAP,0.8484848484848485,0.5228,0.41523774703444283,0.7613348558660243,0.6050225151576404,0.07883780087812804,0.07409594501683808,0.5302114803625377
17,10,1.0,50.0,cMAP,0.0,0.386,0.13924963924963926,0.6341584705813526,0.6718819879145541,0.0656555489569702,0.07533395870194814,0.6080060422960725
17,50,,,MLE,0.08080808080808081,0.4988,0.4486956710526104,0.7350846863875904,0.656555462128819,0.17009810907220324,0.1094594445559935,0.5302114803625377
17,50,0.0,8.0,MAP,0.0,0.5456,0.44944074977351045,0.7987714989294123,0.5552250264694485,0.053873410454780245,0.04784322645882532,0.4984894259818731
17,50,0.0,8.0,cMAP,0.0,0.5456,0.44944074977351045,0.7987746559115647,0.5552248410560906,0.053874600078952714,0.047844319648384016,0.4984894259818731
17,50,0.0,50.0,MAP,0.0,0.532,0.41390906466398236,0.7920512954783263,0.5781018142479923,0.09271246163717488,0.06719270708335454,0.5
17,50,0.0,50.0,cMAP,0.0,0.532,0.41390906466398236,0.7920610063237858,0.5781019268693589,0.09271347954985838,0.06719323314654371,0.5
17,50,0.25,8.0,MAP,0.0,0.5432,0.2984270400023855,0.7987585510718792,0.5869408423786071,0.0704122435972096,0.06926308680401215,0.513595166163142
17,50,0.25,8.0,cMAP,0.0,0.5432,0.2984270400023855,0.7987548043152133,0.5869419333879269,0.07040980552206094,0.06926334153855754,0.513595166163142
17,50,0.25,50.0,MAP,0.0,0.538,0.29736739133837314,0.7860311522743371,0.6327417106320666,0.07871762555694528,0.09355329585832309,0.5453172205438066
17,50,0.25,50.0,cMAP,0.0,0.538,0.29736739133837314,0.7860342466991503,0.6327421870115819,0.07871458045153443,0.0935534253513031,0.5453172205438066
17,50,0.5,8.0,MAP,0.2727272727272727,0.4536,0.2452633932457994,0.7119677537699014,0.6543738365286783,0.10180020133271953,0.09688049642275641,0.7235649546827795
17,50,0.5,8.0,cMAP,0.0,0.386,0.13924963924963926,0.7720427484413768,0.6608755263953852,0.17206567611073556,0.1111487251732628,0.5324773413897281
17,50,0.5,50.0,MAP,0.2727272727272727,0.386,0.13924963924963926,0.6976033059659558,0.7587835749436206,0.28336186968272736,0.14168093484136368,0.7114803625377644
17,50,0.5,50.0,cMAP,0.0,0.386,0.13924963924963926,0.7665770839453125,0.800058130107415,0.3318817087698016,0.1659408543849008,0.547583081570997
17,50,0.75,8.0,MAP,0.7474747474747475,0.3628,0.19496718236248525,0.5657183508833497,0.6972647219629509,0.16228317415202778,0.09488914935975773,0.9176737160120846
17,50,0.75,8.0,cMAP,0.0,0.386,0.13924963924963926,0.664902759026833,0.6671435238904756,0.13721445084593217,0.07303966702659136,0.5581570996978852
17,50,0.75,50.0,MAP,0.8282828282828283,0.3872,0.14137214025003203,0.7012290328723018,0.7354530169271034,0.2777232628927403,0.14578279456557072,0.552870090634441
17,50,0.75,50.0,cMAP,0.0,0.386,0.13924963924963926,0.6002188491629566,0.708966541313942,0.21040138093598415,0.10520069046799208,0.9848942598187311
17,50,1.0,8.0,MAP,0.7373737373737373,0.3772,0.2169186564691418,0.6030485887291186,0.6527197937782105,0.08537253010182698,0.050198803597097705,0.8972809667673716
17,50,1.0,8.0,cMAP,0.0,0.3876,0.269718915524604,0.6994172136455623,0.6480597779199472,0.015120764954502208,0.06971360427156947,0.5264350453172205
17,50,1.0,50.0,MAP,0.8080808080808081,0.5204,0.37956232188833355,0.7508597182574624,0.6005910254963139,0.05642763038517392,0.059159096775850496,0.554380664652568
17,50,1.0,50.0,cMAP,0.0,0.386,0.13924963924963926,0.6382779326960561,0.6715366313895216,0.004595653821036827,0.08580425420276958,0.6057401812688822
17,200,,,MLE,0.04040404040404041,0.554,0.49445379304035675,0.8090960955078169,0.5456748018725258,0.055479293070406444,0.049368759958184204,0.48413897280966767
17,200,0.0,8.0,MAP,0.0,0.5608,0.45713850326768607,0.81157143633858,0.5360956812382317,0.034818727442972874,0.03802800597408368,0.48942598187311176
17,200,0.0,8.0,cMAP,0.0,0.5608,0.45713850326768607,0.8115884182986605,0.5360967013994264,0.03482045801775572,0.03802787636827242,0.48942598187311176
17,200,0.0,50.0,MAP,0.0,0.534,0.4244683767826265,0.7983516887392741,0.5595217205239158,0.06969009322091872,0.055077279045965905,0.4947129909365559
17,200,0.0,50.0,cMAP,0.0,0.534,0.4244683767826265,0.7983583077326277,0.5595211102527244,0.0696888941572987,0.05507712943479712,0.4947129909365559
17,200,0.25,8.0,MAP,0.010101010101010102,0.5484,0.29828588975408243,0.8063073430476236,0.5534273394679805,0.052826884977628344,0.047001943660985854,0.5030211480362538
17,200,0.25,8.0,cMAP,0.0,0.5484,0.29828588975408243,0.8065181053859097,0.5532893823698714,0.05364316006690255,0.046555100248681154,0.5052870090634441
17,200,0.25,50.0,MAP,0.010101010101010102,0.5488,0.30293807993921146,0.7904011680813715,0.5988373179310261,0.0677210091623225,0.07166878637610057,0.5105740181268882
17,200,0.25,50.0,cMAP,0.0,0.5488,0.30293807993921146,0.7904427139208501,0.5988512924645787,0.06776315248148307,0.07170093205114059,0.5098187311178247
17,200,0.5,8.0,MAP,0.2727272727272727,0.5164,0.2896404165052373,0.7836316752355583,0.5903484750629607,0.043209993442002645,0.05591467862913211,0.6012084592145015
17,200,0.5,8.0,cMAP,0.0,0.5448,0.32669544373640746,0.8028965789123341,0.5791424224098111,0.032528925313086834,0.06084155824789325,0.5158610271903323
17,200,0.5,50.0,MAP,0.32323232323232326,0.4752,0.2499404579633221,0.7443333103861239,0.6637123717847051,0.046844817256885087,0.10013357066101022,0.7099697885196374
17,200,0.5,50.0,cMAP,0.0,0.386,0.13924963924963926,0.7798154576482044,0.7036729556135694,0.2259953395561282,0.11896141913443965,0.5438066465256798
17,200,0.75,8.0,MAP,0.5555555555555556,0.4048,0.195922385783784,0.6914681485889456,0.6447996910146861,0.15175161598174886,0.08049792314915603,0.7137462235649547
17,200,0.75,8.0,cMAP,0.0,0.4756,0.28970449479101856,0.7799331401095676,0.6019187139868487,0.05731805051538699,0.07129201173502338,0.5400302114803626
17,200,0.75,50.0,MAP,0.6767676767676768,0.386,0.13924963924963926,0.47765975111253955,0.6943230227405774,0.14343643352681762,0.08523700952038597,0.8874622356495468
17,200,0.75,50.0,cMAP,0.0,0.386,0.13924963924963926,0.5999747020880944,0.686797114004693,0.16796837232122597,0.08495548713728208,0.622356495468278
17,200,1.0,8.0,MAP,0.5555555555555556,0.4172,0.2102501227128857,0.6505767151479234,0.6389275701990529,0.0952967400446713,0.05772105198290381,0.743202416918429
17,200,1.0,8.0,cMAP,0.0,0.468,0.32668438551119233,0.7880179738166986,0.598891392603187,0.05666295302516011,0.08360650404362933,0.5166163141993958
17,200,1.0,50.0,MAP,0.6767676767676768,0.4396,0.2826790348964503,0.6687448471147353,0.6346783148769967,0.040873770380672206,0.03916466884006482,0.7175226586102719
17,200,1.0,50.0,cMAP,0.0,0.3548,0.2308356038407879,0.6753628363797438,0.653333223657003,0.02884418068595916,0.07013880236444278,0.5823262839879154
17,400,,,MLE,0.030303030303030304,0.5728,0.5065615710245073,0.8214049767422299,0.5207014413609767,0.029511162950457234,0.02643185876716505,0.4675226586102719
17,400,0.0,8.0,MAP,0.0,0.5788,0.4852990114393888,0.8187094788665719,0.5240983417856533,0.017723184124493557,0.025436465490507154,0.4811178247734139
17,400,0.0,8.0,cMAP,0.0,0.5788,0.4852990114393888,0.818720269944266,0.5240932371150979,0.017718891541217145,0.025231745335491558,0.4811178247734139
17,400,0.0,50.0,MAP,0.0,0.548,0.43942279093661407,0.8037332745626229,0.5492851311657734,0.053133847073608326,0.047211161762581416,0.48564954682779454
17,400,0.0,50.0,cMAP,0.0,0.548,0.43942279093661407,0.8037412342231527,0.5492877591155557,0.05313814399312109,0.04721203418035598,0.48564954682779454
17,400,0.25,8.0,MAP,0.0,0.5692,0.37831289001299795,0.81811341468538,0.5322919688092396,0.030174692584610273,0.03427657098374365,0.4818731117824773
17,400,0.25,8.0,cMAP,0.0,0.5692,0.37831289001299795,0.8181148005042136,0.5322935373384254,0.03161337964363431,0.034366497733643225,0.4818731117824773
17,400,0.25,50.0,MAP,0.0,0.55,0.3037504873983584,0.8013277538541577,0.5829140516550633,0.06784293991930268,0.06555721652380878,0.5188821752265861
17,400,0.25,50.0,cMAP,0.0,0.55,0.3037504873983584,0.8013276353095085,0.5829153274092858,0.0678365412180194,0.0655581981438971,0.5188821752265861
17,400,0.5,8.0,MAP,0.24242424242424243,0.546,0.3633036399436486,0.8084744415190751,0.5544295951645604,0.039141148137210154,0.04655386635255824,0.5422960725075529
17,400,0.5,8.0,cMAP,0.0,0.5636,0.3789568645608544,0.8146841672428807,0.5485379563070808,0.036555283169991744,0.04921214113698445,0.5083081570996979
17,400,0.5,50.0,MAP,0.25252525252525254,0.5044,0.27980948487406604,0.7741779239755913,0.6373054326931383,0.05697064702750968,0.08463824640152787,0.7069486404833837
17,400,0.5,50.0,cMAP,0.0,0.4024,0.1603464925670576,0.7999590242080739,0.6563072387832086,0.16188067777543416,0.1062427843398517,0.5438066465256798
17,400,0.75,8.0,MAP,0.5252525252525253,0.4776,0.2743038668561392,0.7649010412169849,0.5882870469128989,0.06628634590696876,0.047892729284593934,0.6427492447129909
17,400,0.75,8.0,cMAP,0.0,0.5528,0.42742673148438454,0.8032166164540361,0.5656042825144421,0.06245637690251506,0.056160732736176285,0.5249244712990937
17,400,0.75,50.0,MAP,0.6262626262626263,0.3936,0.215397038280166,0.5919232885576498,0.6852449493402106,0.1271027922313889,0.09319126902615654,0.7877643504531722
17,400,0.75,50.0,cMAP,0.0,0.386,0.13924963924963926,0.6751998532888595,0.6622253893019695,0.12757716979065714,0.08260797154073628,0.6253776435045317
17,400,1.0,8.0,MAP,0.5252525252525253,0.488,0.28643005236904884,0.7519398483594097,0.5892471520069984,0.03725914076227921,0.048199646972906594,0.6774924471299094
17,400,1.0,8.0,cMAP,0.0,0.568,0.48006610279017353,0.8063719381821388,0.5633575032694881,0.1034682017133035,0.06500614117001718,0.5219033232628398
17,400,1.0,50.0,MAP,0.6363636363636364,0.3776,0.2132432335891051,0.5929726707364814,0.6527323515548468,0.08633822388924654,0.03522040487944866,0.8655589123867069
17,400,1.0,50.0,cMAP,0.0,0.3856,0.2532799015015467,0.7428349284260457,0.6400915848798415,0.11354085444739896,0.09832867645117838,0.5309667673716012
18,10,,,MLE,0.1414141414141414,0.4732,0.43641123021552325,0.6946754544721476,0.6916099230526914,0.09982523555984069,0.12416821509065255,0.8225075528700906
18,10,0.0,8.0,MAP,0.0,0.5648,0.45252225244032773,0.8157156177091216,0.5302859639182732,0.030079152440945608,0.02949923205746357,0.4773413897280967
18,10,0.0,8.0,cMAP,0.0,0.5648,0.45252225244032773,0.8157150007967782,0.5302859738199022,0.030079503195429992,0.029499359820374996,0.4773413897280967
18,10,0.0,50.0,MAP,0.0,0.562,0.44084324959345034,0.8133530321049705,0.5353291161344936,0.03597461381395942,0.036163028883438,0.4811178247734139
18,10,0.0,50.0,cMAP,0.0,0.562,0.44084324959345034,0.8133559489599322,0.5353284444616618,0.035972640457590785,0.036162620335402185,0.4811178247734139
18,10,0.25,8.0,MAP,0.020202020202020204,0.5516,0.30191567984614076,0.7957005531968047,0.6138848787752037,0.09014138875810289,0.08532301369662283,0.5317220543806647
18,10,0.25,8.0,cMAP,0.0,0.5516,0.30191567984614076,0.795717562058665,0.614068051546358,0.09028962686987814,0.08540673757672618,0.525679758308157
18,10,0.25,50.0,MAP,0.0,0.5504,0.3022706077302423,0.7938389898274895,0.6218086362339368,0.07557496956833008,0.08857416789866938,0.5113293051359517
18,10,0.25,50.0,cMAP,0.0,0.5504,0.3022706077302423,0.7938378253237097,0.621808480126184,0.07556916032748316,0.08857294450229092,0.5113293051359517
18,10,0.5,8.0,MAP,0.21212121212121213,0.386,0.13924963924963926,0.733989672973704,0.6913672655564037,0.1691279507847281,0.09284351144891576,0.763595166163142
18,10,0.5,8.0,cMAP,0.0,0.386,0.13924963924963926,0.764090370787111,0.7102408316812764,0.21094869376875885,0.12596118312529359,0.6329305135951662
18,10,0.5,50.0,MAP,0.21212121212121213,0.386,0.13924963924963926,0.7301248402019822,0.7334287052907882,0.24297692865457887,0.12148846432728944,0.763595166163142
18,10,0.5,50.0,cMAP,0.0,0.386,0.13924963924963926,0.7634621447738354,0.7396088244293436,0.2528222788494897,0.12641113942474488,0.6314199395770392
18,10,0.75,8.0,MAP,0.8484848484848485,0.4232,0.18800613046974976,0.6523469573199097,0.6895428407946586,0.17006182554894103,0.1109893087008728,0.6427492447129909
18,10,0.75,8.0,cMAP,0.0,0.386,0.13924963924963926,0.5819821553852326,0.6754962643487137,0.13944744339297732,0.07051528072165496,0.9954682779456193
18,10,0.75,50.0,MAP,0.8888888888888888,0.4384,0.20526434453495762,0.762410000280889,0.7002820897535641,0.21635887652594388,0.13220101540024992,0.5166163141993958
18,10,0.75,50.0,cMAP,0.0,0.386,0.13924963924963926,0.5461978251131873,0.6887263453513139,0.15710844916087863,0.07855422458043929,0.974320241691843
18,10,1.0,8.0,MAP,0.8383838383838383,0.53,0.3872498475505903,0.7383405067423445,0.5998928030760106,0.08262837289013082,0.045492243975229565,0.5974320241691843
18,10,1.0,8.0,cMAP,0.0,0.3324,0.1488957301596204,0.6008085912222995,0.6783776691249582,0.022282057986568998,0.09553104685726538,0.6268882175226587
18,10,1.0,50.0,MAP,0.8585858585858586,0.5536,0.47211805304225024,0.769415683282908,0.5810666450650047,0.06964019807940917,0.04937283931767725,0.5287009063444109
18,10,1.0,50.0,cMAP,0.0,0.386,0.13924963924963926,0.6004599986377059,0.6785337692421627,0.03505296348309136,0.08322391825583252,0.6140483383685801
18,50,,,MLE,0.12121212121212122,0.5176,0.46933204399506584,0.7764768762646275,0.5981043265328754,0.1143388960569368,0.07741387558378962,0.5853474320241692
18,50,0.0,8.0,MAP,0.0,0.5692,0.4650426139422549,0.8173644912422093,0.5259094755604581,0.016519852935671996,0.02336472182518943,0.4780966767371601
18,50,0.0,8.0,cMAP,0.0,0.5692,0.4650426139422549,0.8173671628438566,0.5259081584715681,0.016522411097096797,0.02333663661229738,0.4780966767371601
18,50,0.0,50.0,MAP,0.0,0.5636,0.45296901723699073,0.8145576746507783,0.5331326166845245,0.027296017314409417,0.03302013822092509,0.4826283987915408
18,50,0.0,50.0,cMAP,0.0,0.5636,0.45296901723699073,0.8145658451496884,0.5331321828766722,0.027299136625596448,0.033021009028749514,0.4826283987915408
18,50,0.25,8.0,MAP,0.020202020202020204,0.5528,0.30298422766416844,0.8022738799717493,0.5826478665256009,0.09139890002517086,0.06541404455955857,0.520392749244713
18,50,0.25,8.0,cMAP,0.0,0.5528,0.30298422766416844,0.8022104515215054,0.5840185331969178,0.09308313543632564,0.06598449229059178,0.5196374622356495
18,50,0.25,50.0,MAP,0.0,0.5484,0.30111103670729045,0.7915569989190397,0.6133191127737013,0.08522769061236475,0.08357824220666155,0.5173716012084593
18,50,0.25,50.0,cMAP,0.0,0.5484,0.30111103670729045,0.7915528172642285,0.6133177005936159,0.0852325793607972,0.0838172184328344,0.5173716012084593
18,50,0.5,8.0,MAP,0.29292929292929293,0.5244,0.28257037154615483,0.7701990638349567,0.6296493905828493,0.03681234130462823,0.07926109741931896,0.6986404833836858
18,50,0.5,8.0,cMAP,0.0,0.5052,0.27612363353301517,0.7895867461809948,0.6384040227776014,0.0254331898067483,0.09088134947121143,0.5483383685800605
18,50,0.5,50.0,MAP,0.29292929292929293,0.386,0.13924963924963926,0.7589572340024733,0.693537035061944,0.17232006044436277,0.08773711158331196,0.7167673716012085
18,50,0.5,50.0,cMAP,0.0,0.386,0.13924963924963926,0.7789806658555891,0.7167014918167344,0.2202171117477304,0.11010855587386521,0.5876132930513596
18,50,0.75,8.0,MAP,0.7272727272727273,0.4156,0.21693652770954328,0.5699724577622935,0.679353303404995,0.10159622840594039,0.08202703912959557,0.8746223564954683
18,50,0.75,8.0,cMAP,0.0,0.386,0.13924963924963926,0.5840007018426338,0.668060461052115,0.12414877516634934,0.06772005569524989,0.6231117824773413
18,50,0.75,50.0,MAP,0.7878787878787878,0.4284,0.19464542360060516,0.6247226322265017,0.6818234477503954,0.15937075854126664,0.10615989094586961,0.5898791540785498
18,50,0.75,50.0,cMAP,0.0,0.386,0.13924963924963926,0.6138709387622757,0.6807045603139765,0.15039851500808454,0.0751992575040423,0.9856495468277946
18,50,1.0,8.0,MAP,0.7070707070707071,0.4392,0.25152400333107416,0.6304163399303375,0.6421480130377744,0.02854211442071125,0.03024876463187426,0.8935045317220544
18,50,1.0,8.0,cMAP,0.0,0.4032,0.22705353920433924,0.6906128651935493,0.6525382056024399,0.038029887045651044,0.07988191630347675,0.520392749244713
18,50,1.0,50.0,MAP,0.7777777777777778,0.5492,0.42027271556578194,0.7605072496423989,0.5836776523912564,0.07475913864058166,0.04545468950201732,0.5370090634441088
18,50,1.0,50.0,cMAP,0.0,0.386,0.13924963924963926,0.6040716104742808,0.6703927330819522,0.018984588839118355,0.09337754111503024,0.6080060422960725
18,200,,,MLE,0.030303030303030304,0.5656,0.4940978445292363,0.8152778452679936,0.5283012017443721,0.04580537021906745,0.032418953675558755,0.4652567975830816
18,200,0.0,8.0,MAP,0.0,0.5856,0.5090739981167328,0.8203282403237342,0.5208320425123883,0.020603820153676785,0.02225339642638748,0.4645015105740181
18,200,0.0,8.0,cMAP,0.0,0.5856,0.5090739981167328,0.8203258856584308,0.5208309133243991,0.02060321483500704,0.022250056236174934,0.4645015105740181
18,200,0.0,50.0,MAP,0.0,0.5788,0.47574494880805035,0.8183383569962152,0.5276079247096587,0.027015004230524886,0.030250874237595836,0.479607250755287
18,200,0.0,50.0,cMAP,0.0,0.5788,0.47574494880805035,0.8183398115525515,0.5276069546642624,0.02701159817446808,0.030249808549672085,0.479607250755287
18,200,0.25,8.0,MAP,0.0,0.5616,0.3292688717766777,0.8087121879236318,0.5454356020105809,0.043704691941511366,0.038045962340184855,0.5083081570996979
18,200,0.25,8.0,cMAP,0.0,0.5616,0.3292688717766777,0.8088305505048649,0.5453252665194482,0.043747799886357165,0.03821860953225743,0.506797583081571
18,200,0.25,50.0,MAP,0.0,0.5464,0.30061436339241576,0.7929895961079593,0.5919034484271362,0.08323141914658931,0.06758409926942566,0.5045317220543807
18,200,0.25,50.0,cMAP,0.0,0.5464,0.30061436339241576,0.7929817688384073,0.5919027859836665,0.08322998058130607,0.06758378312382433,0.5045317220543807
18,200,0.5,8.0,MAP,0.32323232323232326,0.5296,0.29098309701360936,0.7945474035781873,0.5735394190551071,0.04844660920607883,0.05146545913843266,0.5861027190332326
18,200,0.5,8.0,cMAP,0.0,0.552,0.3150879446141503,0.8040455416424155,0.5686667371012448,0.043444378645722356,0.05533845464767092,0.5151057401812689
18,200,0.5,50.0,MAP,0.32323232323232326,0.5108,0.2804455912462428,0.7576250922740594,0.647011010838628,0.02710261705964152,0.08211969610659942,0.7084592145015106
18,200,0.5,50.0,cMAP,0.0,0.386,0.13924963924963926,0.7779046152145517,0.6659515029148982,0.1527482129345896,0.09952750236375181,0.5626888217522659
18,200,0.75,8.0,MAP,0.6161616161616161,0.4772,0.26308992882147825,0.7378743419828487,0.6134730254008433,0.06838330127661663,0.0594121631956378,0.7401812688821753
18,200,0.75,8.0,cMAP,0.0,0.5132,0.33736210773099307,0.7936888705744142,0.5907493381123813,0.10084503632096112,0.0757121987508877,0.520392749244713
18,200,0.75,50.0,MAP,0.7070707070707071,0.3724,0.16057005828734947,0.4942227790724039,0.6827851369842343,0.12545491240750534,0.07696210085115082,0.8874622356495468
18,200,0.75,50.0,cMAP,0.0,0.386,0.13924963924963926,0.5897672763432704,0.671565516103398,0.13148232490854472,0.06816490985387291,0.797583081570997
18,200,1.0,8.0,MAP,0.6161616161616161,0.4848,0.27142430853066096,0.7042018380992688,0.6117191966853822,0.05032367644367858,0.03737749894967809,0.7673716012084593
18,200,1.0,8.0,cMAP,0.0,0.5532,0.45730692951452795,0.7987480546520991,0.5856678283327069,0.13392320760886045,0.08373813437732383,0.49924471299093653
18,200,1.0,50.0,MAP,0.696969696969697,0.4552,0.25733242470982765,0.6943427653862719,0.627758484306942,0.017851472310110226,0.043069049234052206,0.7069486404833837
18,200,1.0,50.0,cMAP,0.0,0.3704,0.14060290067243988,0.6477052571822097,0.6575175153348085,0.009532134510612387,0.07374979712612242,0.5861027190332326
18,400,,,MLE,0.030303030303030304,0.584,0.48887734770917024,0.8205871303160657,0.520735553386688,0.02618844445926006,0.024037719187724273,0.45996978851963743
18,400,0.0,8.0,MAP,0.0,0.586,0.48741454986223165,0.8234482155293362,0.5177543864329742,0.015372058110690059,0.022130968005422757,0.4675226586102719
18,400,0.0,8.0,cMAP,0.0,0.586,0.48741454986223165,0.8234434090587718,0.51775507240719,0.015374290479251481,0.022132498585913794,0.4675226586102719
18,400,0.0,50.0,MAP,0.0,0.5796,0.4810719591395037,0.8205940450437877,0.5245524404104642,0.030211407626180336,0.029183970656824227,0.46827794561933533
18,400,0.0,50.0,cMAP,0.0,0.5796,0.4810719591395037,0.8205965422118483,0.5245536918992802,0.030210285801462587,0.029185028369588865,0.46827794561933533
18,400,0.25,8.0,MAP,0.0,0.5708,0.35309688841688197,0.8184164339469208,0.5322101934133587,0.03186857443453668,0.03291425519213814,0.4637462235649547
18,400,0.25,8.0,cMAP,0.0,0.5708,0.3530768243948976,0.818442377398005,0.532133644878271,0.03185040388576315,0.03304921245362015,0.4637462235649547
18,400,0.25,50.0,MAP,0.0,0.5556,0.3057160482681833,0.8048934300881831,0.5783876666069088,0.07281050301054702,0.06278436894511781,0.5030211480362538
18,400,0.25,50.0,cMAP,0.0,0.5556,0.3057160482681833,0.804945293116891,0.5783579253372497,0.07234155203377787,0.0627788027298813,0.5045317220543807
18,400,0.5,8.0,MAP,0.31313131313131315,0.5656,0.36443186873817196,0.8136902039392624,0.5481430827211088,0.028250470396373798,0.045160496989494814,0.5022658610271903
18,400,0.5,8.0,cMAP,0.0,0.574,0.3801379737681526,0.8165415282843245,0.544829437171799,0.02077013955902411,0.04479947010116794,0.48489425981873113
18,400,0.5,50.0,MAP,0.32323232323232326,0.526,0.2835866162540147,0.7854609717835637,0.6261814135793348,0.041580019443409,0.07938108440247206,0.6329305135951662
18,400,0.5,50.0,cMAP,0.0,0.5352,0.29569980597850354,0.7975377366717581,0.6313292897941516,0.04944022529896601,0.09379919847064228,0.5513595166163142
18,400,0.75,8.0,MAP,0.5454545454545454,0.5248,0.304830538002999,0.7936600084311449,0.5710930056780807,0.042488078469069594,0.05163819275829463,0.6034743202416919
18,400,0.75,8.0,cMAP,0.0,0.5752,0.4388556713723559,0.8145550966313455,0.5544295939716248,0.06496947834394266,0.05534979429844908,0.4818731117824773
18,400,0.75,50.0,MAP,0.6363636363636364,0.3704,0.18953232731332803,0.6241550865150909,0.6737763197515991,0.14148729520967934,0.0841518145486294,0.7983383685800605
18,400,0.75,50.0,cMAP,0.0,0.386,0.13961226851851852,0.6042929780250206,0.6607996748672865,0.10401895811996535,0.06120640212406052,0.6064954682779456
18,400,1.0,8.0,MAP,0.5555555555555556,0.5404,0.3259615596637862,0.7770236420305638,0.572397163451944,0.0563241090744947,0.05089261444169455,0.627643504531722
18,400,1.0,8.0,cMAP,0.0,0.5836,0.47530829589074575,0.8155519941653386,0.5514866080332902,0.10703502871501154,0.07022566313206441,0.4788519637462236
18,400,1.0,50.0,MAP,0.6666666666666666,0.4068,0.22132082025238292,0.610561502109353,0.6456009129351602,0.05520178421329628,0.03360598726340343,0.8700906344410876
18,400,1.0,50.0,cMAP,0.0,0.4224,0.2744277118017072,0.7169783277053122,0.6396767697701168,0.05552691751867882,0.07616246108533267,0.513595166163142
19,10,,,MLE,0.1919191919191919,0.5132,0.4712900823380225,0.6658538182975963,0.6899336772916861,0.1484802906283782,0.123594274702962,0.9010574018126888
19,10,0.0,8.0,MAP,0.0,0.5044,0.3975069213979648,0.7851239111231969,0.6238164215422658,0.06705331119647089,0.09330715277622759,0.5
19,10,0.0,8.0,cMAP,0.0,0.5044,0.3975069213979648,0.785128786996708,0.6238129737839608,0.0670456881543091,0.09330541384367057,0.5
19,10,0.0,50.0,MAP,0.0,0.5116,0.4092410924543927,0.7817735421943934,0.6353861386789015,0.06759465412504366,0.10060843906959747,0.48867069486404835
19,10,0.0,50.0,cMAP,0.0,0.5116,0.4092410924543927,0.7817691096262037,0.6353919876341729,0.06760198433102593,0.10061109518380021,0.48867069486404835
19,10,0.25,8.0,MAP,0.0,0.386,0.1394911824226655,0.7952775351100988,0.7255165211954742,0.2970668934317614,0.15553170228806515,0.4871601208459215
19,10,0.25,8.0,cMAP,0.0,0.386,0.1394911824226655,0.7952797155529572,0.7254901818736402,0.29704355485950157,0.1555203838855737,0.4871601208459215
19,10,0.25,50.0,MAP,0.0,0.386,0.13924963924963926,0.7908151440709874,0.7628048959046966,0.3290124144143335,0.17029224323833467,0.5188821752265861
19,10,0.25,50.0,cMAP,0.0,0.386,0.13924963924963926,0.7908180043123337,0.7628145934206424,0.32902106501294415,0.17029542269264078,0.5188821752265861
19,10,0.5,8.0,MAP,0.23232323232323232,0.386,0.13924963924963926,0.6782707492279634,0.9433793840822149,0.44847377559510915,0.22423688779755457,0.9123867069486404
19,10,0.5,8.0,cMAP,0.0,0.386,0.13924963924963926,0.7351438808845386,0.9851699507007825,0.47595057241616495,0.23797528620808248,0.7651057401812689
19,10,0.5,50.0,MAP,0.15151515151515152,0.386,0.13924963924963926,0.6814436639366704,1.0222336579965412,0.49775058940664096,0.24887529470332048,0.9108761329305136
19,10,0.5,50.0,cMAP,0.0,0.386,0.13924963924963926,0.7347471962240006,1.0316224633302402,0.5033671871515949,0.2516835935757975,0.763595166163142
19,10,0.75,8.0,MAP,0.8484848484848485,0.386,0.13924963924963926,0.7409192241600129,0.7763231861265296,0.3177152922176266,0.16316224278809313,0.574773413897281
19,10,0.75,8.0,cMAP,0.0,0.386,0.13924963924963926,0.6262011796036223,0.7718500615375464,0.2711368331891043,0.14480434633091746,0.5989425981873112
19,10,0.75,50.0,MAP,0.8888888888888888,0.3884,0.14349485578492213,0.7770318602498928,0.7935980655823042,0.34419688752360816,0.1827567459611075,0.5113293051359517
19,10,0.75,50.0,cMAP,0.0,0.386,0.13924963924963926,0.571288930014987,0.7816581410762581,0.2816532929987092,0.14924748255010822,0.9093655589123867
19,10,1.0,8.0,MAP,0.8383838383838383,0.5324,0.3922051839122302,0.7663622895350444,0.6086130201164451,0.0792532716164762,0.08414008982409966,0.5596676737160121
19,10,1.0,8.0,cMAP,0.0,0.3412,0.20487809534719437,0.6649749828046742,0.6983319044888505,0.03636715435605581,0.1053729500689658,0.6042296072507553
19,10,1.0,50.0,MAP,0.8686868686868687,0.5472,0.46177531126285176,0.7800906103851555,0.6022182638120588,0.07442106195619667,0.08086024548752818,0.5302114803625377
19,10,1.0,50.0,cMAP,0.0,0.386,0.13924963924963926,0.5984301149737417,0.6997472514491566,0.06526713764075709,0.10446207905174235,0.6155589123867069
19,50,,,MLE,0.09090909090909091,0.5292,0.4587604821350196,0.7620515635836904,0.5761474605411282,0.05957917057892018,0.06251025318408769,0.5294561933534743
19,50,0.0,8.0,MAP,0.0,0.5184,0.40628730735704865,0.7826729030782573,0.5985903095387889,0.05260526208229349,0.08035644538720219,0.49924471299093653
19,50,0.0,8.0,cMAP,0.0,0.5184,0.40628730735704865,0.7826777798248398,0.5985898745132021,0.052604415045263954,0.08035522398113483,0.49924471299093653
19,50,0.0,50.0,MAP,0.0,0.5116,0.41386987585719337,0.7819988059620051,0.6272796359361265,0.06691305092335227,0.09642906262684732,0.48413897280966767
19,50,0.0,50.0,cMAP,0.0,0.5116,0.41386987585719337,0.7819953257215152,0.6272787993469645,0.06691394651594888,0.09642665570032363,0.48413897280966767
19,50,0.25,8.0,MAP,0.010101010101010102,0.4524,0.24197871311078858,0.7616062263646851,0.6410496296095406,0.15318714316386642,0.11178685518850853,0.47583081570996977
19,50,0.25,8.0,cMAP,0.0,0.454,0.24322676896845696,0.7914886384229458,0.6397295008505023,0.15427430133853132,0.11307965007492599,0.47658610271903323
19,50,0.25,50.0,MAP,0.010101010101010102,0.3868,0.14402489632181384,0.7456700485019084,0.7300772806264068,0.30014803906891663,0.15728352686204045,0.5166163141993958
19,50,0.25,50.0,cMAP,0.0,0.3868,0.14402489632181384,0.7772697038764,0.7311185767949848,0.30180665001131535,0.15818412626886813,0.5166163141993958
19,50,0.5,8.0,MAP,0.25252525252525254,0.386,0.13924963924963926,0.698320190215739,0.769649750405182,0.3112264213150434,0.15566382957598324,0.7333836858006042
19,50,0.5,8.0,cMAP,0.0,0.386,0.13924963924963926,0.7738685405243839,0.8069514880381935,0.35268843666245947,0.17805527882345706,0.5589123867069486
19,50,0.5,50.0,MAP,0.1919191919191919,0.386,0.13924963924963926,0.6613709795148159,0.9504935991490633,0.4499012596042581,0.22495062980212904,0.7439577039274925
19,50,0.5,50.0,cMAP,0.0,0.386,0.13924963924963926,0.7633946976514012,0.9820477806716815,0.4719049580218707,0.23595247901093533,0.5891238670694864
19,50,0.75,8.0,MAP,0.6868686868686869,0.386,0.13924963924963926,0.4759743023961913,0.7394773041543224,0.23004915690212058,0.11664959806220565,0.9327794561933535
19,50,0.75,8.0,cMAP,0.0,0.386,0.13924963924963926,0.6781016350572726,0.7187568230331318,0.20286195667414558,0.12685483980768303,0.5490936555891238
19,50,0.75,50.0,MAP,0.7474747474747475,0.386,0.13945086705202311,0.5806188246913608,0.7768947553199896,0.316106362148266,0.16423115488834603,0.5596676737160121
19,50,0.75,50.0,cMAP,0.0,0.386,0.13924963924963926,0.6009202421501793,0.7731651640682223,0.26868236347140684,0.14516341292217083,0.7515105740181269
19,50,1.0,8.0,MAP,0.6767676767676768,0.3868,0.15660998493914602,0.6150737807445672,0.664301562067816,0.04723280236076959,0.0722085102466335,0.8338368580060423
19,50,1.0,8.0,cMAP,0.0,0.3412,0.20487809534719437,0.7065519865035084,0.6807388261908632,0.03091023076248924,0.10217093644646841,0.5868580060422961
19,50,1.0,50.0,MAP,0.7272727272727273,0.5344,0.3955579020311719,0.7689420701520137,0.6053103103802157,0.07965239278694827,0.07939041265742688,0.5468277945619335
19,50,1.0,50.0,cMAP,0.0,0.3412,0.20487809534719437,0.6274756921605774,0.7043383175945661,0.03113728773736918,0.10551068707916256,0.6095166163141994
19,200,,,MLE,0.020202020202020204,0.5768,0.49342643794001795,0.8126237578737395,0.5251547324770252,0.0263524429965166,0.02726806251746351,0.46827794561933533
19,200,0.0,8.0,MAP,0.0,0.5556,0.4443842727074818,0.8084198335946488,0.5441763902071831,0.03242972055608965,0.04437578175836601,0.48036253776435045
19,200,0.0,8.0,cMAP,0.0,0.5556,0.4443842727074818,0.8084324559149033,0.5441783336545117,0.03242737469777701,0.04437839823609473,0.48036253776435045
19,200,0.0,50.0,MAP,0.0,0.5188,0.4065521396475257,0.7911597906541846,0.5960496089331616,0.058727436423783516,0.08045277591260933,0.48413897280966767
19,200,0.0,50.0,cMAP,0.0,0.5188,0.4065521396475257,0.7911614297286713,0.59604808563486,0.05872456047559691,0.08045231626620733,0.48413897280966767
19,200,0.25,8.0,MAP,0.010101010101010102,0.56,0.3573059964054678,0.8114394045556493,0.5499052711804938,0.030090185913582923,0.04768516668985104,0.4954682779456193
19,200,0.25,8.0,cMAP,0.0,0.5612,0.3578600325406207,0.8116573994298133,0.5501680471746536,0.028017322516369708,0.04839922289912569,0.4916918429003021
19,200,0.25,50.0,MAP,0.0,0.47,0.24959258818934094,0.8010937188001953,0.6365319134434467,0.14920268565345451,0.11295914878696381,0.4962235649546828
19,200,0.25,50.0,cMAP,0.0,0.47,0.24959258818934094,0.8010904246954524,0.6365352222476172,0.14920995766166395,0.1129622113974057,0.4962235649546828
19,200,0.5,8.0,MAP,0.2727272727272727,0.4984,0.269777024079817,0.7978553110315306,0.5851037938354495,0.07420090464089207,0.07860794836787233,0.5913897280966768
19,200,0.5,8.0,cMAP,0.0,0.486,0.28061400935308056,0.8093939338108848,0.594332709018858,0.09160890604789956,0.09336460714767007,0.5015105740181269
19,200,0.5,50.0,MAP,0.2727272727272727,0.386,0.13924963924963926,0.7662183278656729,0.7547907959471051,0.30121532851280425,0.15162714056825782,0.6797583081570997
19,200,0.5,50.0,cMAP,0.0,0.386,0.13924963924963926,0.7922292997625094,0.829094892605922,0.3706512177385742,0.1853256088692871,0.5400302114803626
19,200,0.75,8.0,MAP,0.6161616161616161,0.4696,0.252975039562061,0.7389349886421474,0.6153108873303073,0.06369395520219656,0.07292448404501829,0.7054380664652568
19,200,0.75,8.0,cMAP,0.0,0.482,0.2885702617662592,0.7929664312898109,0.5941525481304741,0.07976571121212987,0.07334569603689557,0.5241691842900302
19,200,0.75,50.0,MAP,0.696969696969697,0.386,0.13924963924963926,0.49159918761177823,0.7303941918240926,0.22725402331261976,0.11879208078651332,0.9169184290030211
19,200,0.75,50.0,cMAP,0.0,0.386,0.13924963924963926,0.6490466205450411,0.7296990105826322,0.2218335265126014,0.12182054136651284,0.5453172205438066
19,200,1.0,8.0,MAP,0.5959595959595959,0.4916,0.27097778841169196,0.6992333679341464,0.6211965326561236,0.04923316902533406,0.054553350669089416,0.7719033232628398
19,200,1.0,8.0,cMAP,0.0,0.5492,0.458214983134082,0.7881091559658956,0.5941154748176422,0.12575627130513156,0.08831699296366813,0.5287009063444109
19,200,1.0,50.0,MAP,0.7070707070707071,0.4172,0.2658431888761525,0.6542574144471287,0.6516917417038882,0.03421656994811482,0.06796910569370829,0.8126888217522659
19,200,1.0,50.0,cMAP,0.0,0.386,0.13924963924963926,0.7101402430486601,0.6769584930197385,0.08209666332199766,0.1087547327227978,0.5823262839879154
19,400,,,MLE,0.0,0.5864,0.49041018453006296,0.8204294582840976,0.5159322573365456,0.014460372750761459,0.02406783040951051,0.4569486404833837
19,400,0.0,8.0,MAP,0.0,0.58,0.4670606270124491,0.8220777035448256,0.520754835243525,0.019337638311917146,0.02689174183112037,0.46827794561933533
19,400,0.0,8.0,cMAP,0.0,0.58,0.4670606270124491,0.8220763258900079,0.5207542792569946,0.019337020300370343,0.026891131758908997,0.46827794561933533
19,400,0.0,50.0,MAP,0.0,0.5432,0.4344906150569443,0.8017776827639045,0.5666913934856229,0.038439820586450686,0.0623569080719006,0.48564954682779454
19,400,0.0,50.0,cMAP,0.0,0.5432,0.4344906150569443,0.801777226995008,0.5666904570056117,0.038440647330659224,0.06235670627715344,0.48564954682779454
19,400,0.25,8.0,MAP,0.010101010101010102,0.5748,0.40347834880568295,0.8197758315020438,0.527692172704785,0.01419752123459757,0.031959156326308705,0.4788519637462236
19,400,0.25,8.0,cMAP,0.0,0.5748,0.40348114203531416,0.8198055602946704,0.5276709172774624,0.013806908583843116,0.032115249072018244,0.4788519637462236
19,400,0.25,50.0,MAP,0.0,0.538,0.3123288556659217,0.8076750357056544,0.5903469937815077,0.0592750216694429,0.08174938286616364,0.49924471299093653
19,400,0.25,50.0,cMAP,0.0,0.538,0.3123288556659217,0.8076744478775426,0.5903462834505124,0.059279138284436136,0.08175000025639398,0.49924471299093653
19,400,0.5,8.0,MAP,0.2828282828282828,0.5456,0.36082240755089423,0.810141060229993,0.548743124363961,0.027954176617688543,0.051548637585135476,0.540785498489426
19,400,0.5,8.0,cMAP,0.0,0.562,0.3838417894638231,0.8173449326284119,0.546403337325768,0.02662923335681527,0.057249327203664754,0.4909365558912387
19,400,0.5,50.0,MAP,0.2828282828282828,0.4344,0.2006066120715802,0.7772270311134357,0.6667105374494718,0.1629060471510038,0.10826015473368136,0.675226586102719
19,400,0.5,50.0,cMAP,0.0,0.386,0.13924963924963926,0.8002980904824615,0.7200452620170962,0.28388084178654893,0.14578312783622324,0.5354984894259819
19,400,0.75,8.0,MAP,0.5555555555555556,0.5256,0.3203234438463603,0.7845839641796428,0.5682096779846282,0.03367594908888075,0.04725073829069411,0.6231117824773413
19,400,0.75,8.0,cMAP,0.0,0.5608,0.43913022977522476,0.8138744545226534,0.550063579969553,0.06569610671417425,0.0559467618983054,0.4901812688821752
19,400,0.75,50.0,MAP,0.6464646464646465,0.386,0.13924963924963926,0.6038325088217549,0.6907364124810177,0.1611833344239059,0.1055744218553858,0.7953172205438066
19,400,0.75,50.0,cMAP,0.0,0.386,0.13924963924963926,0.7495058339835112,0.6699535488684134,0.15147052461779073,0.0903051551636776,0.6110271903323263
19,400,1.0,8.0,MAP,0.5454545454545454,0.5412,0.36647365242134894,0.764026047784294,0.5737797731900801,0.0632700995653316,0.05346834582442629,0.6608761329305136
19,400,1.0,8.0,cMAP,0.0,0.574,0.46920227155475147,0.8118557035071594,0.5535645619904889,0.10608322438606854,0.06769660435098777,0.47507552870090636
19,400,1.0,50.0,MAP,0.6565656565656566,0.4032,0.223684378175378,0.5910633558232765,0.661599963921611,0.0432284527250036,0.060775847098033485,0.8617824773413897
19,400,1.0,50.0,cMAP,0.0,0.4292,0.24129452215759895,0.7652483125532685,0.6489063726823313,0.10104156329993035,0.1057842861630914,0.5309667673716012
