rep,N,method,ess,majority,acc,macroF1,macroAUC,brier,ece,cwece,far@pd0.9,dAUC,dECE,mcnemar_b,mcnemar_c,mcnemar_p
0,10,B0-heuristic,2.0,0.4356,0.4416,0.2201582286766567,0.7799997979932861,0.660155383362117,0.08874982350892857,0.13060632466308386,0.5304606240713224,,,,,
0,10,B1-MLE,2.0,0.4356,0.3728,0.16723046280510742,0.5406862797376069,0.7535939578027169,0.10377292713960727,0.15316730653361302,0.9316493313521546,,,,,
0,10,B2-expert,2.0,0.4356,0.536,0.47550848198188866,0.7864833059819869,0.5817831472905929,0.11729191341727313,0.06714644200331667,0.5193164933135216,,,,,
0,10,MAP,2.0,0.4356,0.5644,0.4642993281343292,0.7793478361858869,0.5663773333486641,0.04892755182347231,0.05189444203551536,0.5297176820208024,,,,,
0,10,cMAP-full,2.0,0.4356,0.562,0.4597233166532751,0.7919711152186525,0.5601192369881125,0.03680014490264775,0.04391283095773757,0.5260029717682021,,,,,
0,10,Proposed,2.0,0.4356,0.5552,0.4463203302040304,0.7946786680624628,0.5561722331517334,0.030733343506448574,0.03782620634561046,0.5066864784546805,,,,,
0,10,_delta_vs_B1-MLE,,,,,,,,,,0.25399238832485593,-0.0730395836331587,297.0,753.0,3.0634847864780045e-46
0,10,_delta_vs_B2-expert,,,,,,,,,,0.008195362080475888,-0.08655856991082456,168.0,216.0,0.016352801511809636
0,20,B0-heuristic,2.0,0.4356,0.4416,0.2201582286766567,0.7799997979932861,0.660155383362117,0.08874982350892857,0.13060632466308386,0.5304606240713224,,,,,
0,20,B1-MLE,2.0,0.4356,0.47,0.3184835580684522,0.6683922261772186,0.651068160150926,0.06331038190472243,0.08854553131055387,0.5304606240713224,,,,,
0,20,B2-expert,2.0,0.4356,0.536,0.47550848198188866,0.7864833059819869,0.5817831472905929,0.11729191341727313,0.06714644200331667,0.5193164933135216,,,,,
0,20,MAP,2.0,0.4356,0.5776,0.47237992186841293,0.7896541243777863,0.5539485095705717,0.04155591513281831,0.04266985508339428,0.49554234769687966,,,,,
0,20,cMAP-full,2.0,0.4356,0.576,0.47146045580609114,0.7971039501744139,0.5515345598133999,0.037513455242694706,0.038696607893434515,0.49257057949479943,,,,,
0,20,Proposed,2.0,0.4356,0.566,0.4675360560075586,0.8011410797913502,0.5528762882835867,0.04493045863985356,0.04140836922067872,0.5014858841010401,,,,,
0,20,_delta_vs_B1-MLE,,,,,,,,,,0.13274885361413158,-0.018379923264868876,173.0,413.0,1.2791827781648213e-23
0,20,_delta_vs_B2-expert,,,,,,,,,,0.014657773809363284,-0.07236145477741956,162.0,237.0,0.00020352297824056086
0,50,B0-heuristic,2.0,0.4356,0.4416,0.2201582286766567,0.7799997979932861,0.660155383362117,0.08874982350892857,0.13060632466308386,0.5304606240713224,,,,,
0,50,B1-MLE,2.0,0.4356,0.556,0.41315008508937173,0.767085294210976,0.5732336015043812,0.06550449762797031,0.05702202364455305,0.5445765230312035,,,,,
0,50,B2-expert,2.0,0.4356,0.536,0.47550848198188866,0.7864833059819869,0.5817831472905929,0.11729191341727313,0.06714644200331667,0.5193164933135216,,,,,
0,50,MAP,2.0,0.4356,0.5844,0.47367575165860454,0.7991609712541521,0.5424758692088466,0.035792406379314266,0.034867244147854776,0.4710252600297177,,,,,
0,50,cMAP-full,2.0,0.4356,0.5844,0.47367575165860454,0.8006514881301812,0.5418488447850256,0.035401502019728276,0.03423349091219471,0.4710252600297177,,,,,
0,50,Proposed,2.0,0.4356,0.5856,0.4720508028285759,0.807165948214667,0.5351844488946934,0.042287435831254785,0.030279767837298008,0.46285289747399705,,,,,
0,50,_delta_vs_B1-MLE,,,,,,,,,,0.040080654003690985,-0.023217061796715524,165.0,239.0,0.0002714467591275523
0,50,_delta_vs_B2-expert,,,,,,,,,,0.020682642232680126,-0.07500447758601834,217.0,341.0,1.7165322889014657e-07
0,100,B0-heuristic,2.0,0.4356,0.4416,0.2201582286766567,0.7799997979932861,0.660155383362117,0.08874982350892857,0.13060632466308386,0.5304606240713224,,,,,
0,100,B1-MLE,2.0,0.4356,0.544,0.43151319853859404,0.7792565687109829,0.5648979818204881,0.06095607804293829,0.04923277249435853,0.4866270430906389,,,,,
0,100,B2-expert,2.0,0.4356,0.536,0.47550848198188866,0.7864833059819869,0.5817831472905929,0.11729191341727313,0.06714644200331667,0.5193164933135216,,,,,
0,100,MAP,2.0,0.4356,0.568,0.45772126207601815,0.7947992689391512,0.5451901618683319,0.0431360612228936,0.03536203342737015,0.4702823179791976,,,,,
0,100,cMAP-full,2.0,0.4356,0.57,0.46164257470155967,0.7997001753774158,0.5422914075142485,0.042643477862555915,0.03353520047344172,0.4673105497771174,,,,,
0,100,Proposed,2.0,0.4356,0.5876,0.48838734051329113,0.8083851619605749,0.5340385107476296,0.04267425011819081,0.028937959228142913,0.4673105497771174,,,,,
0,100,_delta_vs_B1-MLE,,,,,,,,,,0.02912859324959194,-0.01828182792474748,181.0,290.0,5.801534901715611e-07
0,100,_delta_vs_B2-expert,,,,,,,,,,0.02190185597858796,-0.07461766329908232,222.0,351.0,7.91164335194771e-08
0,200,B0-heuristic,2.0,0.4356,0.4416,0.2201582286766567,0.7799997979932861,0.660155383362117,0.08874982350892857,0.13060632466308386,0.5304606240713224,,,,,
0,200,B1-MLE,2.0,0.4356,0.5788,0.4385948155598071,0.8029694966686629,0.5392599499755008,0.04771219751826366,0.027459288084333098,0.5104011887072808,,,,,
0,200,B2-expert,2.0,0.4356,0.536,0.47550848198188866,0.7864833059819869,0.5817831472905929,0.11729191341727313,0.06714644200331667,0.5193164933135216,,,,,
0,200,MAP,2.0,0.4356,0.582,0.4477828428020223,0.8062940917952155,0.5351002957747562,0.04519516732928236,0.02672123070191532,0.4799405646359584,,,,,
0,200,cMAP-full,2.0,0.4356,0.5844,0.45007900272697154,0.8066112804595615,0.5345302603996237,0.043501750448682236,0.02704867856697222,0.4799405646359584,,,,,
0,200,Proposed,2.0,0.4356,0.5868,0.4670303066520823,0.8108697132191537,0.5295923106539917,0.02369458137506948,0.02266427135182663,0.45690936106983654,,,,,
0,200,_delta_vs_B1-MLE,,,,,,,,,,0.00790021655049078,-0.024017616143194177,75.0,95.0,0.14483096954373875
0,200,_delta_vs_B2-expert,,,,,,,,,,0.024386407237166785,-0.09359733204220365,224.0,351.0,1.3261992942160103e-07
0,400,B0-heuristic,2.0,0.4356,0.4416,0.2201582286766567,0.7799997979932861,0.660155383362117,0.08874982350892857,0.13060632466308386,0.5304606240713224,,,,,
0,400,B1-MLE,2.0,0.4356,0.574,0.42054052017032667,0.8055109041286179,0.5355130937881807,0.042374082936190494,0.02616322215784586,0.47473997028231796,,,,,
0,400,B2-expert,2.0,0.4356,0.536,0.47550848198188866,0.7864833059819869,0.5817831472905929,0.11729191341727313,0.06714644200331667,0.5193164933135216,,,,,
0,400,MAP,2.0,0.4356,0.5808,0.4355965948653056,0.8063197807230424,0.5342178375994705,0.03607163173049514,0.0253463109168719,0.46433878157503716,,,,,
0,400,cMAP-full,2.0,0.4356,0.5808,0.4355965948653056,0.8063050724695123,0.5342187381932542,0.03607345470432468,0.025347781887875717,0.46433878157503716,,,,,
0,400,Proposed,2.0,0.4356,0.5804,0.43914997910180253,0.8106820658824494,0.5298686182199577,0.029801689460745583,0.02315962081300558,0.45468053491827637,,,,,
0,400,_delta_vs_B1-MLE,,,,,,,,,,0.005171161753831477,-0.01257239347544491,46.0,62.0,0.14857634761056235
0,400,_delta_vs_B2-expert,,,,,,,,,,0.024198759900462496,-0.08749022395652754,254.0,365.0,9.317213841071509e-06
1,10,B0-heuristic,2.0,0.4396,0.4408,0.22889803030400568,0.788280341379563,0.660670892325736,0.08850604246174332,0.13383663465553947,0.4865258557902403,,,,,
1,10,B1-MLE,2.0,0.4396,0.452,0.3420466586399886,0.6952967569847435,0.6895834073269567,0.05763744021177509,0.12808324267962015,0.6467589220684632,,,,,
1,10,B2-expert,2.0,0.4396,0.5448,0.45217167323259244,0.8008110328220153,0.5529390353954446,0.03734071691984527,0.0389115010845451,0.5083758193736344,,,,,
1,10,MAP,2.0,0.4396,0.5444,0.5068527162528214,0.8031991310218396,0.549666505586611,0.04818985828685915,0.03561680116577239,0.5316824471959214,,,,,
1,10,cMAP-full,2.0,0.4396,0.5444,0.5068527162528214,0.8031943379663539,0.5496672398617366,0.04819057516134641,0.03561725074655632,0.5316824471959214,,,,,
1,10,Proposed,2.0,0.4396,0.5416,0.4702134079085176,0.8026465748457707,0.5501448553367168,0.047667912991809905,0.039481009996914916,0.5302257829570284,,,,,
1,10,_delta_vs_B1-MLE,,,,,,,,,,0.10734981786102726,-0.009969527219965184,300.0,524.0,5.43207140655065e-15
1,10,_delta_vs_B2-expert,,,,,,,,,,0.0018355420237554654,0.010327196071964632,242.0,234.0,0.7483665706184645
1,20,B0-heuristic,2.0,0.4396,0.4408,0.22889803030400568,0.788280341379563,0.660670892325736,0.08850604246174332,0.13383663465553947,0.4865258557902403,,,,,
1,20,B1-MLE,2.0,0.4396,0.426,0.28734064565942063,0.7325340554369216,0.7104030357763464,0.17021818523677315,0.14522072755506488,0.6445739257101238,,,,,
1,20,B2-expert,2.0,0.4396,0.5448,0.45217167323259244,0.8008110328220153,0.5529390353954446,0.03734071691984527,0.0389115010845451,0.5083758193736344,,,,,
1,20,MAP,2.0,0.4396,0.5452,0.4899460085027892,0.8047234090007312,0.5496432285875724,0.06369228550939394,0.036045184395840146,0.5193008011653314,,,,,
1,20,cMAP-full,2.0,0.4396,0.5452,0.4899460085027892,0.8047247079559167,0.5496427579544358,0.0636924823854542,0.036046009423024106,0.5193008011653314,,,,,
1,20,Proposed,2.0,0.4396,0.5428,0.47933082198026916,0.8053202219945397,0.5459575717266496,0.055320005158933434,0.031466585105312424,0.5010924981791697,,,,,
1,20,_delta_vs_B1-MLE,,,,,,,,,,0.07278616655761805,-0.11489818007783972,189.0,481.0,2.9328903100187225e-30
1,20,_delta_vs_B2-expert,,,,,,,,,,0.004509189172524408,0.017979288239088162,152.0,147.0,0.8171092142290025
1,50,B0-heuristic,2.0,0.4396,0.4408,0.22889803030400568,0.788280341379563,0.660670892325736,0.08850604246174332,0.13383663465553947,0.4865258557902403,,,,,
1,50,B1-MLE,2.0,0.4396,0.4772,0.3829953811299314,0.7370033147295367,0.6811248689363916,0.18645776887966603,0.12483763416761207,0.5579024034959942,,,,,
1,50,B2-expert,2.0,0.4396,0.5448,0.45217167323259244,0.8008110328220153,0.5529390353954446,0.03734071691984527,0.0389115010845451,0.5083758193736344,,,,,
1,50,MAP,2.0,0.4396,0.5264,0.426976366077372,0.7964188231093058,0.5764975291073575,0.0919777210375724,0.06630097172775229,0.504734158776402,,,,,
1,50,cMAP-full,2.0,0.4396,0.5264,0.426976366077372,0.7964393461790538,0.5764990099397979,0.09197706956968435,0.06627546913429533,0.504734158776402,,,,,
1,50,Proposed,2.0,0.4396,0.5456,0.4406078856898529,0.8075324524808649,0.5544061104752037,0.04076631242456474,0.05136118664417773,0.4690458849235251,,,,,
1,50,_delta_vs_B1-MLE,,,,,,,,,,0.07052913775132819,-0.1456914564551013,83.0,254.0,2.664997103201043e-21
1,50,_delta_vs_B2-expert,,,,,,,,,,0.006721419658849648,0.003425595504719471,146.0,148.0,0.9535059799070675
1,100,B0-heuristic,2.0,0.4396,0.4408,0.22889803030400568,0.788280341379563,0.660670892325736,0.08850604246174332,0.13383663465553947,0.4865258557902403,,,,,
1,100,B1-MLE,2.0,0.4396,0.5244,0.42821758012491573,0.7798871053504486,0.5900472594650302,0.110690353877777,0.06544932084088546,0.5404224326292789,,,,,
1,100,B2-expert,2.0,0.4396,0.5448,0.45217167323259244,0.8008110328220153,0.5529390353954446,0.03734071691984527,0.0389115010845451,0.5083758193736344,,,,,
1,100,MAP,2.0,0.4396,0.558,0.4603460491680399,0.8004917143484553,0.5535373026172058,0.07951279979725782,0.04450916566987923,0.515659140568099,,,,,
1,100,cMAP-full,2.0,0.4396,0.5572,0.4590303937351317,0.8007312794764094,0.5529586228270086,0.0751722752738942,0.0435174628928048,0.4996358339402768,,,,,
1,100,Proposed,2.0,0.4396,0.5612,0.4559603407780643,0.8103716586450496,0.5384982707572545,0.043768941864365106,0.03218550860581272,0.4668608885651857,,,,,
1,100,_delta_vs_B1-MLE,,,,,,,,,,0.03048455329460098,-0.0669214120134119,115.0,207.0,3.3141162598704876e-07
1,100,_delta_vs_B2-expert,,,,,,,,,,0.009560625823034297,0.006428224944519834,140.0,181.0,0.025423711243379207
1,200,B0-heuristic,2.0,0.4396,0.4408,0.22889803030400568,0.788280341379563,0.660670892325736,0.08850604246174332,0.13383663465553947,0.4865258557902403,,,,,
1,200,B1-MLE,2.0,0.4396,0.5648,0.45572116776873994,0.8170657740587881,0.532007954041099,0.03512201265588104,0.03329011010509023,0.44136926438455937,,,,,
1,200,B2-expert,2.0,0.4396,0.5448,0.45217167323259244,0.8008110328220153,0.5529390353954446,0.03734071691984527,0.0389115010845451,0.5083758193736344,,,,,
1,200,MAP,2.0,0.4396,0.574,0.46660554126361603,0.8188541358487029,0.5290738929658099,0.03877441117727153,0.03301267642004935,0.437727603787327,,,,,
1,200,cMAP-full,2.0,0.4396,0.574,0.46660554126361603,0.8188533539398891,0.5290736288700878,0.03877196649755251,0.03301201269693197,0.437727603787327,,,,,
1,200,Proposed,2.0,0.4396,0.5692,0.4620322679787525,0.8206470079850133,0.5265563277133738,0.02820215707678268,0.03022327667357564,0.42534595775673706,,,,,
1,200,_delta_vs_B1-MLE,,,,,,,,,,0.0035812339262252246,-0.006919855579098359,44.0,55.0,0.3148798910376228
1,200,_delta_vs_B2-expert,,,,,,,,,,0.019835975162998065,-0.009138559843062593,129.0,190.0,0.0007557905674640006
1,400,B0-heuristic,2.0,0.4396,0.4408,0.22889803030400568,0.788280341379563,0.660670892325736,0.08850604246174332,0.13383663465553947,0.4865258557902403,,,,,
1,400,B1-MLE,2.0,0.4396,0.5764,0.4653815754087138,0.8208536235944854,0.5249907277409432,0.033367985123115534,0.02829873198781683,0.42534595775673706,,,,,
1,400,B2-expert,2.0,0.4396,0.5448,0.45217167323259244,0.8008110328220153,0.5529390353954446,0.03734071691984527,0.0389115010845451,0.5083758193736344,,,,,
1,400,MAP,2.0,0.4396,0.576,0.469811253229463,0.8209307553622224,0.5243840085204884,0.03194649568831991,0.027608118808209563,0.4384559359067735,,,,,
1,400,cMAP-full,2.0,0.4396,0.576,0.469811253229463,0.8216995660379167,0.524379271248505,0.03135939233757566,0.027549271069624744,0.43699927166788055,,,,,
1,400,Proposed,2.0,0.4396,0.5768,0.46702764078701986,0.8232712036305844,0.5227412423047524,0.02832151826856038,0.026855888303202635,0.42680262199563,,,,,
1,400,_delta_vs_B1-MLE,,,,,,,,,,0.002417580036098932,-0.005046466854555155,56.0,57.0,1.0
1,400,_delta_vs_B2-expert,,,,,,,,,,0.022460170808569102,-0.009019198651284893,139.0,219.0,2.7706877082834324e-05
2,10,B0-heuristic,2.0,0.4372,0.4476,0.228185104120204,0.780683098641971,0.6592483105994412,0.09468264520187587,0.1282683219252626,0.5331841909023117,,,,,
2,10,B1-MLE,2.0,0.4372,0.3264,0.2932490028207887,0.6988542358938905,0.7693541801561269,0.12136008169525393,0.16810351142429703,0.5920954511558538,,,,,
2,10,B2-expert,2.0,0.4372,0.4312,0.35748250678622495,0.7427931285345382,0.6565922534261349,0.11458631533129,0.10382064732663362,0.5182699478001491,,,,,
2,10,MAP,2.0,0.4372,0.436,0.4087974551402685,0.7582405793016043,0.6219854678429905,0.06667582491746087,0.07659567672488499,0.5324384787472036,,,,,
2,10,cMAP-full,2.0,0.4372,0.4604,0.4221342031968305,0.7682577272374596,0.6143100355958,0.05829620281752619,0.0766474176030167,0.5048471290082028,,,,,
2,10,Proposed,2.0,0.4372,0.5004,0.46210539031481634,0.7884343513777398,0.5922937087978156,0.050305094446470015,0.07047284786308616,0.465324384787472,,,,,
2,10,_delta_vs_B1-MLE,,,,,,,,,,0.08958011548384925,-0.07105498724878392,450.0,885.0,4.197147862489564e-33
2,10,_delta_vs_B2-expert,,,,,,,,,,0.0456412228432016,-0.06428122088482,129.0,302.0,4.46193567223924e-17
2,20,B0-heuristic,2.0,0.4372,0.4476,0.228185104120204,0.780683098641971,0.6592483105994412,0.09468264520187587,0.1282683219252626,0.5331841909023117,,,,,
2,20,B1-MLE,2.0,0.4372,0.4284,0.3643177348633341,0.7125079528664214,0.7385174915110961,0.1285745173205634,0.1356512273158523,0.6428038777032066,,,,,
2,20,B2-expert,2.0,0.4372,0.4312,0.35748250678622495,0.7427931285345382,0.6565922534261349,0.11458631533129,0.10382064732663362,0.5182699478001491,,,,,
2,20,MAP,2.0,0.4372,0.48,0.44746150501997656,0.7726403963250568,0.6094577306219059,0.04199630232965114,0.07207030159356215,0.4780014914243102,,,,,
2,20,cMAP-full,2.0,0.4372,0.4816,0.4486136711318711,0.7730657014619942,0.6089364011416177,0.04347848728767213,0.07205302681291323,0.4780014914243102,,,,,
2,20,Proposed,2.0,0.4372,0.5128,0.47503648557752337,0.7875884901599541,0.5923087567860197,0.04818102608881335,0.06797507331523092,0.47949291573452646,,,,,
2,20,_delta_vs_B1-MLE,,,,,,,,,,0.0750805372935327,-0.08039349123175006,451.0,662.0,2.7351363547838474e-10
2,20,_delta_vs_B2-expert,,,,,,,,,,0.044795361625415975,-0.06640528924247666,186.0,390.0,1.2439242838761757e-17
2,50,B0-heuristic,2.0,0.4372,0.4476,0.228185104120204,0.780683098641971,0.6592483105994412,0.09468264520187587,0.1282683219252626,0.5331841909023117,,,,,
2,50,B1-MLE,2.0,0.4372,0.4804,0.4496266969395369,0.7527322759963709,0.6419598420501142,0.08080489112549519,0.08743147522793801,0.5384041759880686,,,,,
2,50,B2-expert,2.0,0.4372,0.4312,0.35748250678622495,0.7427931285345382,0.6565922534261349,0.11458631533129,0.10382064732663362,0.5182699478001491,,,,,
2,50,MAP,2.0,0.4372,0.5356,0.4852433140523834,0.7907513230277716,0.5846123635777566,0.06497855794218857,0.05562904246230392,0.49217002237136465,,,,,
2,50,cMAP-full,2.0,0.4372,0.5356,0.4852433140523834,0.7907689900479871,0.5845990979331833,0.06472780042333368,0.05565500434340465,0.49217002237136465,,,,,
2,50,Proposed,2.0,0.4372,0.5312,0.49114412838433497,0.7959075080183837,0.5761289519552497,0.050358501630905765,0.05622077997780822,0.488441461595824,,,,,
2,50,_delta_vs_B1-MLE,,,,,,,,,,0.04317523202201279,-0.030446389494589422,242.0,369.0,3.136471597401578e-07
2,50,_delta_vs_B2-expert,,,,,,,,,,0.053114379483845564,-0.06422781370038425,286.0,536.0,2.0835598433676206e-18
2,100,B0-heuristic,2.0,0.4372,0.4476,0.228185104120204,0.780683098641971,0.6592483105994412,0.09468264520187587,0.1282683219252626,0.5331841909023117,,,,,
2,100,B1-MLE,2.0,0.4372,0.5184,0.44944238427539424,0.7831087713654776,0.5866728128276919,0.06666120169684228,0.06695808724300326,0.5197613721103654,,,,,
2,100,B2-expert,2.0,0.4372,0.4312,0.35748250678622495,0.7427931285345382,0.6565922534261349,0.11458631533129,0.10382064732663362,0.5182699478001491,,,,,
2,100,MAP,2.0,0.4372,0.5304,0.4643401510182201,0.800421379709433,0.5621690878335456,0.030562681038834163,0.05087998117879816,0.4988814317673378,,,,,
2,100,cMAP-full,2.0,0.4372,0.53,0.4635490117777138,0.8004646463517706,0.5621534333972764,0.027840857079905485,0.050940537841068285,0.4988814317673378,,,,,
2,100,Proposed,2.0,0.4372,0.5292,0.4703830028521825,0.8022106390257591,0.559256868111812,0.02482494591317339,0.04956620180596899,0.49142431021625654,,,,,
2,100,_delta_vs_B1-MLE,,,,,,,,,,0.019101867660281435,-0.041836255783668896,142.0,169.0,0.14026952848054997
2,100,_delta_vs_B2-expert,,,,,,,,,,0.059417510491220904,-0.08976136941811662,372.0,617.0,6.273409006427334e-15
2,200,B0-heuristic,2.0,0.4372,0.4476,0.228185104120204,0.780683098641971,0.6592483105994412,0.09468264520187587,0.1282683219252626,0.5331841909023117,,,,,
2,200,B1-MLE,2.0,0.4372,0.5256,0.466317109632793,0.8006177729681072,0.562484879996313,0.0615839205272643,0.050820087650976814,0.5011185682326622,,,,,
2,200,B2-expert,2.0,0.4372,0.4312,0.35748250678622495,0.7427931285345382,0.6565922534261349,0.11458631533129,0.10382064732663362,0.5182699478001491,,,,,
2,200,MAP,2.0,0.4372,0.5232,0.4533058428597351,0.8039531833566673,0.5556916351412176,0.04966078567663943,0.04838104921367295,0.5018642803877703,,,,,
2,200,cMAP-full,2.0,0.4372,0.5232,0.4533058428597351,0.8039541684808547,0.5556895151193484,0.049663783119340006,0.04837972469591234,0.5018642803877703,,,,,
2,200,Proposed,2.0,0.4372,0.5256,0.46374581253347225,0.8027885794627778,0.556486135031552,0.04497530763025224,0.04665572496495549,0.4981357196122297,,,,,
2,200,_delta_vs_B1-MLE,,,,,,,,,,0.0021708064946706074,-0.016608612897012064,82.0,82.0,1.0
2,200,_delta_vs_B2-expert,,,,,,,,,,0.05999545092823966,-0.06961100770103776,364.0,600.0,2.8165783136274734e-14
2,400,B0-heuristic,2.0,0.4372,0.4476,0.228185104120204,0.780683098641971,0.6592483105994412,0.09468264520187587,0.1282683219252626,0.5331841909023117,,,,,
2,400,B1-MLE,2.0,0.4372,0.5284,0.4600441289524208,0.8003186906644156,0.5565506390453242,0.062164022671470705,0.04306519906139069,0.5041014168530947,,,,,
2,400,B2-expert,2.0,0.4372,0.4312,0.35748250678622495,0.7427931285345382,0.6565922534261349,0.11458631533129,0.10382064732663362,0.5182699478001491,,,,,
2,400,MAP,2.0,0.4372,0.53,0.45374758305095453,0.8025696720154246,0.5534676420953075,0.052595803470610526,0.040937446585398635,0.5033557046979866,,,,,
2,400,cMAP-full,2.0,0.4372,0.53,0.4536237461708247,0.8025650065493495,0.5533172101408352,0.05191677379219961,0.04083910397325985,0.5033557046979866,,,,,
2,400,Proposed,2.0,0.4372,0.5364,0.4646320417122576,0.8068021537257941,0.5461445110836668,0.03802787539944103,0.0389353465667567,0.4981357196122297,,,,,
2,400,_delta_vs_B1-MLE,,,,,,,,,,0.0064834630613784805,-0.024136147272029673,110.0,130.0,0.21995127170296608
2,400,_delta_vs_B2-expert,,,,,,,,,,0.06400902519125595,-0.07655843993184897,328.0,591.0,3.2579987497275492e-18
3,10,B0-heuristic,2.0,0.4532,0.44,0.2230737544434217,0.7805963708686319,0.6591823803408257,0.08970440907997217,0.13711432844877072,0.5309798270893372,,,,,
3,10,B1-MLE,2.0,0.4532,0.5072,0.2768934413037595,0.5814133853434347,0.7103820934908717,0.16879223827304835,0.11687110617086081,0.781700288184438,,,,,
3,10,B2-expert,2.0,0.4532,0.3816,0.29106490764458715,0.7527416258350592,0.7200157032504511,0.19779135583454596,0.16028386924631635,0.46829971181556196,,,,,
3,10,MAP,2.0,0.4532,0.5044,0.37048072909513563,0.7744950889781,0.610985133216595,0.0810991048643063,0.08798826592323097,0.4661383285302594,,,,,
3,10,cMAP-full,2.0,0.4532,0.5012,0.36839592319389425,0.7745419712376587,0.6111253147323711,0.08364073287187085,0.08816197419370093,0.4661383285302594,,,,,
3,10,Proposed,2.0,0.4532,0.524,0.391775944809684,0.7870063729434618,0.6010088160299678,0.06598032716993249,0.08802096815705657,0.4603746397694525,,,,,
3,10,_delta_vs_B1-MLE,,,,,,,,,,0.2055929876000271,-0.10281191110311586,491.0,533.0,0.200082409809531
3,10,_delta_vs_B2-expert,,,,,,,,,,0.03426474710840255,-0.13181102866461347,161.0,517.0,2.0889444039607843e-44
3,20,B0-heuristic,2.0,0.4532,0.44,0.2230737544434217,0.7805963708686319,0.6591823803408257,0.08970440907997217,0.13711432844877072,0.5309798270893372,,,,,
3,20,B1-MLE,2.0,0.4532,0.4684,0.34639517898552696,0.6302924796551731,0.6682778890175067,0.10327406779510483,0.10122625956490378,0.6729106628242075,,,,,
3,20,B2-expert,2.0,0.4532,0.3816,0.29106490764458715,0.7527416258350592,0.7200157032504511,0.19779135583454596,0.16028386924631635,0.46829971181556196,,,,,
3,20,MAP,2.0,0.4532,0.5432,0.4057495756576986,0.7850652649094885,0.5854294516926026,0.06879385937231575,0.07277923221704304,0.46902017291066284,,,,,
3,20,cMAP-full,2.0,0.4532,0.5424,0.4049626980123202,0.7850668437171032,0.585357578081282,0.06888534660841464,0.07299472500299745,0.46902017291066284,,,,,
3,20,Proposed,2.0,0.4532,0.5568,0.4138437790630194,0.7973701306186732,0.5757105369180918,0.043434904076999604,0.0730713275759095,0.4618155619596542,,,,,
3,20,_delta_vs_B1-MLE,,,,,,,,,,0.16707765096350014,-0.05983916371810522,239.0,460.0,4.803602536643255e-17
3,20,_delta_vs_B2-expert,,,,,,,,,,0.04462850478361402,-0.15435645175754636,219.0,657.0,1.594895023142263e-51
3,50,B0-heuristic,2.0,0.4532,0.44,0.2230737544434217,0.7805963708686319,0.6591823803408257,0.08970440907997217,0.13711432844877072,0.5309798270893372,,,,,
3,50,B1-MLE,2.0,0.4532,0.5608,0.43927965830421545,0.7377479481800839,0.5736966440932729,0.0781275306225158,0.05755841904782601,0.4762247838616715,,,,,
3,50,B2-expert,2.0,0.4532,0.3816,0.29106490764458715,0.7527416258350592,0.7200157032504511,0.19779135583454596,0.16028386924631635,0.46829971181556196,,,,,
3,50,MAP,2.0,0.4532,0.5832,0.45336112195175654,0.812480111158899,0.5306114139237589,0.02451141685228084,0.04208037832226994,0.46397694524495675,,,,,
3,50,cMAP-full,2.0,0.4532,0.5824,0.45381578066565764,0.8122806124369085,0.531313156674852,0.02487339468239995,0.042695110630713504,0.4610951008645533,,,,,
3,50,Proposed,2.0,0.4532,0.5656,0.4487382092254,0.8094323520524263,0.5383317209903971,0.048098355367613116,0.047616433265400104,0.4603746397694525,,,,,
3,50,_delta_vs_B1-MLE,,,,,,,,,,0.07168440387234232,-0.030029175254902687,267.0,279.0,0.6378546821615377
3,50,_delta_vs_B2-expert,,,,,,,,,,0.05669072621736704,-0.14969300046693285,257.0,717.0,7.05049405683852e-51
3,100,B0-heuristic,2.0,0.4532,0.44,0.2230737544434217,0.7805963708686319,0.6591823803408257,0.08970440907997217,0.13711432844877072,0.5309798270893372,,,,,
3,100,B1-MLE,2.0,0.4532,0.5844,0.5021328810404141,0.801734157118708,0.5406494559672629,0.05806782318858971,0.03908747694365581,0.47982708933717577,,,,,
3,100,B2-expert,2.0,0.4532,0.3816,0.29106490764458715,0.7527416258350592,0.7200157032504511,0.19779135583454596,0.16028386924631635,0.46829971181556196,,,,,
3,100,MAP,2.0,0.4532,0.6072,0.5082424095087359,0.8186435149161493,0.5180181091972137,0.029896072760239104,0.027466082471989752,0.47406340057636887,,,,,
3,100,cMAP-full,2.0,0.4532,0.6072,0.509441012705749,0.8186303409943231,0.5187576689028806,0.030774008013971583,0.028260000103271878,0.47406340057636887,,,,,
3,100,Proposed,2.0,0.4532,0.6004,0.4926748876670907,0.816178617381214,0.5253212823714098,0.03421553224259469,0.03312189044906862,0.4711815561959654,,,,,
3,100,_delta_vs_B1-MLE,,,,,,,,,,0.01444446026250601,-0.023852290945995024,143.0,183.0,0.030614845447971436
3,100,_delta_vs_B2-expert,,,,,,,,,,0.06343699154615479,-0.16357582359195127,325.0,872.0,3.711816011747323e-58
3,200,B0-heuristic,2.0,0.4532,0.44,0.2230737544434217,0.7805963708686319,0.6591823803408257,0.08970440907997217,0.13711432844877072,0.5309798270893372,,,,,
3,200,B1-MLE,2.0,0.4532,0.5796,0.4912718456992218,0.8083748605691682,0.5346194476644176,0.034270988190290876,0.03519260267231342,0.48054755043227665,,,,,
3,200,B2-expert,2.0,0.4532,0.3816,0.29106490764458715,0.7527416258350592,0.7200157032504511,0.19779135583454596,0.16028386924631635,0.46829971181556196,,,,,
3,200,MAP,2.0,0.4532,0.6052,0.5178867822075135,0.8179654666093865,0.5174560540470038,0.03877984731931222,0.028639941656824208,0.4755043227665706,,,,,
3,200,cMAP-full,2.0,0.4532,0.606,0.5217224500842417,0.8180618597108922,0.5179483215424332,0.0379034467088334,0.029208408478680788,0.47406340057636887,,,,,
3,200,Proposed,2.0,0.4532,0.6064,0.5185301016877468,0.8203323175213025,0.51555640234694,0.039639312945365775,0.028161143391616763,0.4675792507204611,,,,,
3,200,_delta_vs_B1-MLE,,,,,,,,,,0.011957456952134349,0.005368324755074899,109.0,176.0,8.631422696396633e-05
3,200,_delta_vs_B2-expert,,,,,,,,,,0.06759069168624332,-0.1581520428891802,430.0,992.0,2.1700465578274975e-51
3,400,B0-heuristic,2.0,0.4532,0.44,0.2230737544434217,0.7805963708686319,0.6591823803408257,0.08970440907997217,0.13711432844877072,0.5309798270893372,,,,,
3,400,B1-MLE,2.0,0.4532,0.5976,0.4982300567388549,0.8174818989079511,0.5204613222928061,0.025562800842576876,0.03303849073159042,0.47478386167146974,,,,,
3,400,B2-expert,2.0,0.4532,0.3816,0.29106490764458715,0.7527416258350592,0.7200157032504511,0.19779135583454596,0.16028386924631635,0.46829971181556196,,,,,
3,400,MAP,2.0,0.4532,0.6036,0.4957571995666397,0.8205050371799547,0.5163545126082124,0.03246001772612476,0.031221360863720276,0.46397694524495675,,,,,
3,400,cMAP-full,2.0,0.4532,0.6036,0.4957571995666397,0.8206100479371572,0.5164737205662044,0.031752806317835516,0.030966306115955345,0.47046109510086453,,,,,
3,400,Proposed,2.0,0.4532,0.6012,0.4987067186879937,0.8227966086976541,0.5137128689274947,0.028219820862436087,0.030003064232802662,0.46829971181556196,,,,,
3,400,_delta_vs_B1-MLE,,,,,,,,,,0.005314709789703054,0.002657020019859211,78.0,87.0,0.5335448936308462
3,400,_delta_vs_B2-expert,,,,,,,,,,0.07005498286259493,-0.16957153497210986,481.0,1030.0,3.926907008577088e-46
4,10,B0-heuristic,2.0,0.4332,0.4516,0.23225947808992692,0.7849403127470012,0.6599920183682185,0.09899548583821402,0.13542351934148344,0.4933920704845815,,,,,
4,10,B1-MLE,2.0,0.4332,0.4452,0.36071235277714214,0.6533036605706909,0.732057275478055,0.12194563436585884,0.13066904717768366,0.7055800293685757,,,,,
4,10,B2-expert,2.0,0.4332,0.5524,0.45581628137931884,0.7983384500108666,0.5599536281879642,0.06612120468104041,0.052429008338580635,0.48237885462555063,,,,,
4,10,MAP,2.0,0.4332,0.5768,0.4890314627508349,0.8111612185056307,0.5406673078922809,0.0534451046133202,0.036329269833889954,0.460352422907489,,,,,
4,10,cMAP-full,2.0,0.4332,0.5768,0.4890314627508349,0.8111558551212288,0.5406679057268958,0.053449220098304835,0.03633064041545079,0.460352422907489,,,,,
4,10,Proposed,2.0,0.4332,0.578,0.48968383421737055,0.810641354461592,0.5412592732890211,0.05159489129237824,0.037646027528815865,0.4588839941262849,,,,,
4,10,_delta_vs_B1-MLE,,,,,,,,,,0.15733769389090113,-0.0703507430734806,339.0,671.0,7.660788780176432e-26
4,10,_delta_vs_B2-expert,,,,,,,,,,0.01230290445072546,-0.014526313388662171,184.0,248.0,0.0023980883549396246
4,20,B0-heuristic,2.0,0.4332,0.4516,0.23225947808992692,0.7849403127470012,0.6599920183682185,0.09899548583821402,0.13542351934148344,0.4933920704845815,,,,,
4,20,B1-MLE,2.0,0.4332,0.4984,0.3949203605825455,0.7030818848597893,0.6625233605986485,0.11693418097718962,0.10888174795421038,0.6923641703377387,,,,,
4,20,B2-expert,2.0,0.4332,0.5524,0.45581628137931884,0.7983384500108666,0.5599536281879642,0.06612120468104041,0.052429008338580635,0.48237885462555063,,,,,
4,20,MAP,2.0,0.4332,0.5768,0.4884122044771115,0.8134336597268406,0.537296207860039,0.05063103543116644,0.03581751867988874,0.46622613803230545,,,,,
4,20,cMAP-full,2.0,0.4332,0.5768,0.4884122044771115,0.8134328713815246,0.5372968535506722,0.050631278223896396,0.03581830382284852,0.46622613803230545,,,,,
4,20,Proposed,2.0,0.4332,0.5788,0.4837997437491262,0.8137881831023536,0.5355528920048209,0.04280534068905552,0.032063436175720376,0.46255506607929514,,,,,
4,20,_delta_vs_B1-MLE,,,,,,,,,,0.11070629824256428,-0.0741288402881341,254.0,455.0,3.9831104050215164e-14
4,20,_delta_vs_B2-expert,,,,,,,,,,0.015449733091487006,-0.02331586399198489,206.0,272.0,0.0029096952054849462
4,50,B0-heuristic,2.0,0.4332,0.4516,0.23225947808992692,0.7849403127470012,0.6599920183682185,0.09899548583821402,0.13542351934148344,0.4933920704845815,,,,,
4,50,B1-MLE,2.0,0.4332,0.5332,0.46835893675084583,0.7649653073722346,0.6018718505085227,0.1206325451684589,0.07403395971824644,0.5080763582966226,,,,,
4,50,B2-expert,2.0,0.4332,0.5524,0.45581628137931884,0.7983384500108666,0.5599536281879642,0.06612120468104041,0.052429008338580635,0.48237885462555063,,,,,
4,50,MAP,2.0,0.4332,0.5652,0.4925826527317993,0.8099089500237019,0.5504666353578836,0.09512020076041475,0.05238342983519248,0.461086637298091,,,,,
4,50,cMAP-full,2.0,0.4332,0.5652,0.4925826527317993,0.8099086062059913,0.5504650082817815,0.09511871485086054,0.052382434911150036,0.461086637298091,,,,,
4,50,Proposed,2.0,0.4332,0.57,0.4919153981210803,0.8109202218791463,0.5455620100774853,0.08609993734855029,0.049367446383285184,0.4684287812041116,,,,,
4,50,_delta_vs_B1-MLE,,,,,,,,,,0.04595491450691169,-0.034532607819908606,135.0,227.0,1.5282350353439756e-06
4,50,_delta_vs_B2-expert,,,,,,,,,,0.01258177186827969,0.01997873266750988,169.0,213.0,0.027670824917353273
4,100,B0-heuristic,2.0,0.4332,0.4516,0.23225947808992692,0.7849403127470012,0.6599920183682185,0.09899548583821402,0.13542351934148344,0.4933920704845815,,,,,
4,100,B1-MLE,2.0,0.4332,0.5488,0.4585991750438095,0.8039340115098661,0.5633969915768439,0.09810357682387656,0.06237204803417645,0.49706314243759175,,,,,
4,100,B2-expert,2.0,0.4332,0.5524,0.45581628137931884,0.7983384500108666,0.5599536281879642,0.06612120468104041,0.052429008338580635,0.48237885462555063,,,,,
4,100,MAP,2.0,0.4332,0.5744,0.46791918231647245,0.8175550768288236,0.5393478472250179,0.06700233334023448,0.04694495214831456,0.4720998531571219,,,,,
4,100,cMAP-full,2.0,0.4332,0.5744,0.46791918231647245,0.8175590217313737,0.5393482580317084,0.06700639812676203,0.046946043077699964,0.4720998531571219,,,,,
4,100,Proposed,2.0,0.4332,0.5764,0.46243447423885464,0.817380516821648,0.53959106268088,0.059790841954925025,0.04582995084726003,0.4618208516886931,,,,,
4,100,_delta_vs_B1-MLE,,,,,,,,,,0.013446505311781931,-0.03831273486895154,123.0,192.0,0.00012032173192761352
4,100,_delta_vs_B2-expert,,,,,,,,,,0.019042066810781466,-0.006330362726115382,115.0,175.0,0.0005094834616178889
4,200,B0-heuristic,2.0,0.4332,0.4516,0.23225947808992692,0.7849403127470012,0.6599920183682185,0.09899548583821402,0.13542351934148344,0.4933920704845815,,,,,
4,200,B1-MLE,2.0,0.4332,0.5756,0.4888846200478349,0.8143748304418643,0.5435068892603143,0.05546793568758184,0.04410720031731991,0.4684287812041116,,,,,
4,200,B2-expert,2.0,0.4332,0.5524,0.45581628137931884,0.7983384500108666,0.5599536281879642,0.06612120468104041,0.052429008338580635,0.48237885462555063,,,,,
4,200,MAP,2.0,0.4332,0.582,0.4854161805435481,0.817275981342525,0.5360498766813766,0.05093540603276486,0.037086597073442265,0.4713656387665198,,,,,
4,200,cMAP-full,2.0,0.4332,0.582,0.4854161805435481,0.8172744431639489,0.5360485211726553,0.050930722373859406,0.03708454579813237,0.4713656387665198,,,,,
4,200,Proposed,2.0,0.4332,0.5768,0.4824980840377941,0.8171578275572822,0.5354837838389682,0.04441909790649772,0.03806428294158871,0.4750367107195301,,,,,
4,200,_delta_vs_B1-MLE,,,,,,,,,,0.0027829971154178512,-0.01104883778108412,64.0,67.0,0.8613689310511563
4,200,_delta_vs_B2-expert,,,,,,,,,,0.018819377546415605,-0.021702106774542686,160.0,221.0,0.002072619474391447
4,400,B0-heuristic,2.0,0.4332,0.4516,0.23225947808992692,0.7849403127470012,0.6599920183682185,0.09899548583821402,0.13542351934148344,0.4933920704845815,,,,,
4,400,B1-MLE,2.0,0.4332,0.5728,0.4964927651560815,0.8170851710141804,0.5342970010930918,0.035854451080784486,0.03446468052997757,0.4720998531571219,,,,,
4,400,B2-expert,2.0,0.4332,0.5524,0.45581628137931884,0.7983384500108666,0.5599536281879642,0.06612120468104041,0.052429008338580635,0.48237885462555063,,,,,
4,400,MAP,2.0,0.4332,0.5708,0.48844607481930424,0.817106785002064,0.532404797788021,0.036751435212159934,0.03142694731802622,0.4698972099853157,,,,,
4,400,cMAP-full,2.0,0.4332,0.5708,0.48844607481930424,0.8171090519734943,0.5324052340916489,0.0367528856329806,0.03142727249443309,0.4698972099853157,,,,,
4,400,Proposed,2.0,0.4332,0.5732,0.4976702907521055,0.8175014373909109,0.5313557677284634,0.029058385048987848,0.030449393857881847,0.47577092511013214,,,,,
4,400,_delta_vs_B1-MLE,,,,,,,,,,0.0004162663767304231,-0.006796066031796638,44.0,45.0,1.0
4,400,_delta_vs_B2-expert,,,,,,,,,,0.019162987380044294,-0.03706281963205256,135.0,187.0,0.004408193319296478
5,10,B0-heuristic,2.0,0.448,0.4568,0.2332410847423358,0.785916247959855,0.6569365755388791,0.10442403515644368,0.13852177967681062,0.5197368421052632,,,,,
5,10,B1-MLE,2.0,0.448,0.404,0.3300346091669133,0.6243100271535837,0.7167977270316914,0.07363165055592392,0.1364559785784576,0.8011695906432749,,,,,
5,10,B2-expert,2.0,0.448,0.4584,0.3343017730807056,0.7568212576860462,0.7094818654469056,0.1738563529627152,0.1475759543941578,0.5307017543859649,,,,,
5,10,MAP,2.0,0.448,0.4684,0.35468603979976804,0.7683932110953519,0.6490084367425379,0.1734219619385863,0.11863884080481113,0.6133040935672515,,,,,
5,10,cMAP-full,2.0,0.448,0.4668,0.35491897585899956,0.7726203355514074,0.6467114390829993,0.17425921441486475,0.11843765695157207,0.5285087719298246,,,,,
5,10,Proposed,2.0,0.448,0.4852,0.3688131571583704,0.7761809002750167,0.6232612248450692,0.09664910670962884,0.09789697385378027,0.5665204678362573,,,,,
5,10,_delta_vs_B1-MLE,,,,,,,,,,0.151870873121433,0.023017456153704915,279.0,482.0,1.7609009296915108e-13
5,10,_delta_vs_B2-expert,,,,,,,,,,0.019359642588970494,-0.07720724625308636,51.0,118.0,2.7088108160416727e-07
5,20,B0-heuristic,2.0,0.448,0.4568,0.2332410847423358,0.785916247959855,0.6569365755388791,0.10442403515644368,0.13852177967681062,0.5197368421052632,,,,,
5,20,B1-MLE,2.0,0.448,0.47,0.36653761171734783,0.6767186716159248,0.6690467999224816,0.10730572607914109,0.11862953340380487,0.8238304093567251,,,,,
5,20,B2-expert,2.0,0.448,0.4584,0.3343017730807056,0.7568212576860462,0.7094818654469056,0.1738563529627152,0.1475759543941578,0.5307017543859649,,,,,
5,20,MAP,2.0,0.448,0.5088,0.41203559970376713,0.778561324257076,0.6214845210561866,0.14340179961216937,0.10019825504887334,0.5577485380116959,,,,,
5,20,cMAP-full,2.0,0.448,0.5072,0.4112601244057738,0.7816772793400981,0.6183454014008299,0.14303974273415443,0.09856614622497545,0.5160818713450293,,,,,
5,20,Proposed,2.0,0.448,0.522,0.41805314294228624,0.7843713060432659,0.5952612080769555,0.08369895313709835,0.08491818153996314,0.5511695906432749,,,,,
5,20,_delta_vs_B1-MLE,,,,,,,,,,0.10765263442734108,-0.023606772942042734,278.0,408.0,7.83877217152014e-07
5,20,_delta_vs_B2-expert,,,,,,,,,,0.027550048357219636,-0.09015739982561685,102.0,261.0,3.4085756597065484e-17
5,50,B0-heuristic,2.0,0.448,0.4568,0.2332410847423358,0.785916247959855,0.6569365755388791,0.10442403515644368,0.13852177967681062,0.5197368421052632,,,,,
5,50,B1-MLE,2.0,0.448,0.5564,0.4957592991560641,0.7668113460724622,0.5925694739698049,0.11360420917098223,0.08049014620454617,0.5328947368421053,,,,,
5,50,B2-expert,2.0,0.448,0.4584,0.3343017730807056,0.7568212576860462,0.7094818654469056,0.1738563529627152,0.1475759543941578,0.5307017543859649,,,,,
5,50,MAP,2.0,0.448,0.5428,0.4442137076205442,0.7880330647745919,0.5833591720182645,0.099821689527325,0.07610029229877417,0.5102339181286549,,,,,
5,50,cMAP-full,2.0,0.448,0.5424,0.4435044181593212,0.7903156643149988,0.5802244894526947,0.09660599491625005,0.07388210870578694,0.5058479532163743,,,,,
5,50,Proposed,2.0,0.448,0.5396,0.4379349096398432,0.7863787019291428,0.5850566013162759,0.09712128853840832,0.07431661483542383,0.5307017543859649,,,,,
5,50,_delta_vs_B1-MLE,,,,,,,,,,0.01956735585668068,-0.016482920632573908,219.0,177.0,0.03923260306240188
5,50,_delta_vs_B2-expert,,,,,,,,,,0.029557444243096587,-0.07673506442430689,166.0,369.0,9.462411478106468e-19
5,100,B0-heuristic,2.0,0.448,0.4568,0.2332410847423358,0.785916247959855,0.6569365755388791,0.10442403515644368,0.13852177967681062,0.5197368421052632,,,,,
5,100,B1-MLE,2.0,0.448,0.5712,0.473985097356666,0.7851737107819184,0.5608637647664941,0.08704314102595125,0.05809053792438744,0.49780701754385964,,,,,
5,100,B2-expert,2.0,0.448,0.4584,0.3343017730807056,0.7568212576860462,0.7094818654469056,0.1738563529627152,0.1475759543941578,0.5307017543859649,,,,,
5,100,MAP,2.0,0.448,0.5744,0.47206894764935214,0.8000597839219121,0.5532282519272056,0.06465063489551653,0.05770740106545275,0.49780701754385964,,,,,
5,100,cMAP-full,2.0,0.448,0.5744,0.4720834594045704,0.8007939434747499,0.5521348539178685,0.06035836780272101,0.055610022396502395,0.5,,,,,
5,100,Proposed,2.0,0.448,0.5616,0.46038014154679463,0.8032097926049611,0.555061205340141,0.068226071982107,0.05670145552471887,0.49415204678362573,,,,,
5,100,_delta_vs_B1-MLE,,,,,,,,,,0.018036081823042616,-0.01881706904384424,205.0,181.0,0.24169441480363377
5,100,_delta_vs_B2-expert,,,,,,,,,,0.046388534918914814,-0.1056302809806082,173.0,431.0,2.2862897249976622e-26
5,200,B0-heuristic,2.0,0.448,0.4568,0.2332410847423358,0.785916247959855,0.6569365755388791,0.10442403515644368,0.13852177967681062,0.5197368421052632,,,,,
5,200,B1-MLE,2.0,0.448,0.58,0.4883648622103708,0.812900448288085,0.5316774517126978,0.04957581200828716,0.03493108386898891,0.46271929824561403,,,,,
5,200,B2-expert,2.0,0.448,0.4584,0.3343017730807056,0.7568212576860462,0.7094818654469056,0.1738563529627152,0.1475759543941578,0.5307017543859649,,,,,
5,200,MAP,2.0,0.448,0.5804,0.49326440572834473,0.8134610716177084,0.5331903178590237,0.04605168834993019,0.04311244641677536,0.4766081871345029,,,,,
5,200,cMAP-full,2.0,0.448,0.5804,0.49326440572834473,0.8134819320106604,0.5332105159787947,0.045344465362783755,0.0432883099105944,0.4766081871345029,,,,,
5,200,Proposed,2.0,0.448,0.5808,0.480886596485431,0.812923780604584,0.5342819838903404,0.039116312485338554,0.04340751048117549,0.47149122807017546,,,,,
5,200,_delta_vs_B1-MLE,,,,,,,,,,2.333231649898071e-05,-0.010459499522948605,102.0,104.0,0.9444761724149127
5,200,_delta_vs_B2-expert,,,,,,,,,,0.05610252291853779,-0.13474004047737664,204.0,510.0,4.166274247079904e-31
5,400,B0-heuristic,2.0,0.448,0.4568,0.2332410847423358,0.785916247959855,0.6569365755388791,0.10442403515644368,0.13852177967681062,0.5197368421052632,,,,,
5,400,B1-MLE,2.0,0.448,0.5904,0.4854052804253212,0.8196514306349396,0.5184952190191061,0.022068521942898635,0.019073928692588636,0.45248538011695905,,,,,
5,400,B2-expert,2.0,0.448,0.4584,0.3343017730807056,0.7568212576860462,0.7094818654469056,0.1738563529627152,0.1475759543941578,0.5307017543859649,,,,,
5,400,MAP,2.0,0.448,0.5956,0.4914372800195085,0.8199993830448928,0.5179163996726335,0.029393866476416227,0.025955767830969284,0.4619883040935672,,,,,
5,400,cMAP-full,2.0,0.448,0.596,0.49169635165411774,0.8201420647363629,0.5177793113625986,0.02802475276314693,0.026138748103376883,0.4612573099415205,,,,,
5,400,Proposed,2.0,0.448,0.5876,0.4542527512901009,0.8218353360927404,0.5174620089217609,0.02514097359542569,0.026043567030361148,0.4590643274853801,,,,,
5,400,_delta_vs_B1-MLE,,,,,,,,,,0.0021839054578007833,0.0030724516525270536,80.0,73.0,0.6277709072003689
5,400,_delta_vs_B2-expert,,,,,,,,,,0.06501407840669415,-0.1487153793672895,287.0,610.0,1.5775666244072608e-27
6,10,B0-heuristic,2.0,0.4456,0.4556,0.23096780412569887,0.7930598880052696,0.654973942508302,0.10295711746624081,0.13734592026035133,0.4810126582278481,,,,,
6,10,B1-MLE,2.0,0.4456,0.4328,0.2612070921459415,0.7381782104369166,0.6678383442496258,0.09021340692324732,0.12041468478070819,0.5860014892032762,,,,,
6,10,B2-expert,2.0,0.4456,0.4536,0.3586811899978223,0.763870137590536,0.7157190018183454,0.16501202937007345,0.15184456119571046,0.5234549516008935,,,,,
6,10,MAP,2.0,0.4456,0.4384,0.3564115052659653,0.7637121940912115,0.6859070410874342,0.16017183684641928,0.12271254233371925,0.505584512285927,,,,,
6,10,cMAP-full,2.0,0.4456,0.4384,0.3564115052659653,0.7636712633855289,0.6860473826348339,0.16051433107314564,0.12235217090664227,0.505584512285927,,,,,
6,10,Proposed,2.0,0.4456,0.4596,0.37969834045108963,0.7681846142819334,0.676375168519817,0.15041269415229702,0.12365112788994956,0.5070737155621743,,,,,
6,10,_delta_vs_B1-MLE,,,,,,,,,,0.03000640384501685,0.0601992872290497,416.0,483.0,0.027664658594839367
6,10,_delta_vs_B2-expert,,,,,,,,,,0.004314476691397395,-0.014599335217776427,202.0,217.0,0.49405606752182907
6,20,B0-heuristic,2.0,0.4456,0.4556,0.23096780412569887,0.7930598880052696,0.654973942508302,0.10295711746624081,0.13734592026035133,0.4810126582278481,,,,,
6,20,B1-MLE,2.0,0.4456,0.4856,0.44564085910891654,0.7258569042788507,0.6185202815954193,0.07865423506349861,0.08602252025320786,0.6865227103499628,,,,,
6,20,B2-expert,2.0,0.4456,0.4536,0.3586811899978223,0.763870137590536,0.7157190018183454,0.16501202937007345,0.15184456119571046,0.5234549516008935,,,,,
6,20,MAP,2.0,0.4456,0.502,0.42760132702313336,0.7864384181303913,0.5933736207411823,0.06098184294554608,0.07893922393023596,0.4996276991809382,,,,,
6,20,cMAP-full,2.0,0.4456,0.5032,0.42875876293540394,0.786564166156304,0.5962753479649656,0.06264004699967049,0.08117326361484928,0.5070737155621743,,,,,
6,20,Proposed,2.0,0.4456,0.5232,0.42001499697798217,0.7892447087626242,0.5971065250098065,0.05478710700156206,0.08162850034258083,0.49292628443782577,,,,,
6,20,_delta_vs_B1-MLE,,,,,,,,,,0.06338780448377346,-0.023867128061936554,575.0,669.0,0.008343924866372011
6,20,_delta_vs_B2-expert,,,,,,,,,,0.02537457117208819,-0.11022492236851139,157.0,331.0,2.454141967428988e-15
6,50,B0-heuristic,2.0,0.4456,0.4556,0.23096780412569887,0.7930598880052696,0.654973942508302,0.10295711746624081,0.13734592026035133,0.4810126582278481,,,,,
6,50,B1-MLE,2.0,0.4456,0.5148,0.44575636705495075,0.7580088997482677,0.5781937375270815,0.07207624922201225,0.05691352450504106,0.5577066269545793,,,,,
6,50,B2-expert,2.0,0.4456,0.4536,0.3586811899978223,0.763870137590536,0.7157190018183454,0.16501202937007345,0.15184456119571046,0.5234549516008935,,,,,
6,50,MAP,2.0,0.4456,0.5464,0.4989608294850349,0.7998501286821477,0.5586550460418602,0.04984969761330664,0.061045960794274844,0.48175725986597173,,,,,
6,50,cMAP-full,2.0,0.4456,0.548,0.4998804153005843,0.8007302346479808,0.5577332913626547,0.04852185942357157,0.06015496941540108,0.4743112434847357,,,,,
6,50,Proposed,2.0,0.4456,0.5628,0.4966878719792649,0.8080663622327912,0.5485172864905489,0.01829594143017742,0.05052859419332299,0.46835443037974683,,,,,
6,50,_delta_vs_B1-MLE,,,,,,,,,,0.050057462484523474,-0.05378030779183483,453.0,573.0,0.00020000863331010613
6,50,_delta_vs_B2-expert,,,,,,,,,,0.044196224642255144,-0.14671608793989602,229.0,502.0,2.401442621260205e-24
6,100,B0-heuristic,2.0,0.4456,0.4556,0.23096780412569887,0.7930598880052696,0.654973942508302,0.10295711746624081,0.13734592026035133,0.4810126582278481,,,,,
6,100,B1-MLE,2.0,0.4456,0.5452,0.4271047408627735,0.785518075406042,0.5538662499977658,0.045140698017018754,0.0416628551759248,0.49069247952345496,,,,,
6,100,B2-expert,2.0,0.4456,0.4536,0.3586811899978223,0.763870137590536,0.7157190018183454,0.16501202937007345,0.15184456119571046,0.5234549516008935,,,,,
6,100,MAP,2.0,0.4456,0.57,0.4899292385603089,0.8121868920829942,0.536612849085666,0.028585857971024923,0.047942724258824426,0.466120625465376,,,,,
6,100,cMAP-full,2.0,0.4456,0.5664,0.48803926353142246,0.8118315117109872,0.5377036034621419,0.03062544848774835,0.04922846506566059,0.466120625465376,,,,,
6,100,Proposed,2.0,0.4456,0.5704,0.4621464727137114,0.8147903245691515,0.5361589593780439,0.020939385065495347,0.046629010681151994,0.45346239761727475,,,,,
6,100,_delta_vs_B1-MLE,,,,,,,,,,0.029272249163109443,-0.024201312951523408,240.0,303.0,0.007740870134179727
6,100,_delta_vs_B2-expert,,,,,,,,,,0.050920186978615445,-0.1440726443045781,219.0,511.0,9.189440315032206e-28
6,200,B0-heuristic,2.0,0.4456,0.4556,0.23096780412569887,0.7930598880052696,0.654973942508302,0.10295711746624081,0.13734592026035133,0.4810126582278481,,,,,
6,200,B1-MLE,2.0,0.4456,0.5976,0.49959980189506925,0.8164567340308122,0.5167453091999232,0.03298870418126356,0.02592861911335239,0.44527177959791514,,,,,
6,200,B2-expert,2.0,0.4456,0.4536,0.3586811899978223,0.763870137590536,0.7157190018183454,0.16501202937007345,0.15184456119571046,0.5234549516008935,,,,,
6,200,MAP,2.0,0.4456,0.5928,0.49873498275714784,0.8230677763104324,0.5136205325459059,0.022796939602731305,0.02756710357703762,0.43261355174981386,,,,,
6,200,cMAP-full,2.0,0.4456,0.5924,0.5000459199575109,0.8229227070748578,0.5138253906253011,0.027583526675094797,0.02802315367893926,0.43261355174981386,,,,,
6,200,Proposed,2.0,0.4456,0.6036,0.5160539071575804,0.8258189713469547,0.5134233329423109,0.030733924767213896,0.028001757810412337,0.43857036485480266,,,,,
6,200,_delta_vs_B1-MLE,,,,,,,,,,0.009362237316142497,-0.0022547794140496645,104.0,119.0,0.3485195253595638
6,200,_delta_vs_B2-expert,,,,,,,,,,0.061948833756418686,-0.13427810460285955,343.0,718.0,3.863183470801747e-31
6,400,B0-heuristic,2.0,0.4456,0.4556,0.23096780412569887,0.7930598880052696,0.654973942508302,0.10295711746624081,0.13734592026035133,0.4810126582278481,,,,,
6,400,B1-MLE,2.0,0.4456,0.5948,0.49597070868344484,0.825815394941899,0.5116894926897677,0.027583166770900114,0.029126820327644916,0.4236783320923306,,,,,
6,400,B2-expert,2.0,0.4456,0.4536,0.3586811899978223,0.763870137590536,0.7157190018183454,0.16501202937007345,0.15184456119571046,0.5234549516008935,,,,,
6,400,MAP,2.0,0.4456,0.5964,0.4863570352858535,0.8267759134321324,0.5107632540109556,0.02670087793627035,0.02835434925636331,0.42144452717795977,,,,,
6,400,cMAP-full,2.0,0.4456,0.5964,0.4863570352858535,0.8268371762756329,0.5107296410732539,0.02623106832405306,0.028526299571873134,0.422933730454207,,,,,
6,400,Proposed,2.0,0.4456,0.604,0.4969799597696733,0.8308293472109498,0.5066819814373859,0.024317385034537304,0.027112262630148574,0.42591213700670144,,,,,
6,400,_delta_vs_B1-MLE,,,,,,,,,,0.00501395226905077,-0.00326578173636281,76.0,99.0,0.09602353131253621
6,400,_delta_vs_B2-expert,,,,,,,,,,0.0669592096204138,-0.14069464433553613,298.0,674.0,3.7420362534810498e-34
7,10,B0-heuristic,2.0,0.4452,0.4352,0.222204845532624,0.7847021965632566,0.6592959332045321,0.08232370130444966,0.13219150149823047,0.5522827687776142,,,,,
7,10,B1-MLE,2.0,0.4452,0.4944,0.36912126124654443,0.6036196019808766,0.7225723892817637,0.15176734855785562,0.12951918057270784,0.646539027982327,,,,,
7,10,B2-expert,2.0,0.4452,0.5684,0.487309273562079,0.7978709441386462,0.5531640832672013,0.06316108070116042,0.03823778154690768,0.5486008836524301,,,,,
7,10,MAP,2.0,0.4452,0.5676,0.4983165418535234,0.8096854524486568,0.5409483681428726,0.05215201110944038,0.037214994407808295,0.5036818851251841,,,,,
7,10,cMAP-full,2.0,0.4452,0.5676,0.4983165418535234,0.8096914127129832,0.5409487608099969,0.052152509753931875,0.037215728802838195,0.5036818851251841,,,,,
7,10,Proposed,2.0,0.4452,0.5816,0.5069977552102272,0.8122146623438411,0.5348536100142753,0.0254871511636878,0.032149302713084804,0.5036818851251841,,,,,
7,10,_delta_vs_B1-MLE,,,,,,,,,,0.2085950603629645,-0.12628019739416782,346.0,564.0,4.91552704428048e-13
7,10,_delta_vs_B2-expert,,,,,,,,,,0.014343718205194866,-0.03767392953747262,236.0,269.0,0.15438204294477728
7,20,B0-heuristic,2.0,0.4452,0.4352,0.222204845532624,0.7847021965632566,0.6592959332045321,0.08232370130444966,0.13219150149823047,0.5522827687776142,,,,,
7,20,B1-MLE,2.0,0.4452,0.5308,0.34084880411494123,0.7018702424218995,0.7109666767214948,0.22423795361706655,0.13711668753669887,0.6332842415316642,,,,,
7,20,B2-expert,2.0,0.4452,0.5684,0.487309273562079,0.7978709441386462,0.5531640832672013,0.06316108070116042,0.03823778154690768,0.5486008836524301,,,,,
7,20,MAP,2.0,0.4452,0.5608,0.47955108186981854,0.8054105874077382,0.5580136513326018,0.10875043413969339,0.05967912066142505,0.5095729013254786,,,,,
7,20,cMAP-full,2.0,0.4452,0.5608,0.47955108186981854,0.8054118030778279,0.558013267857027,0.10875162116102081,0.059679340729919865,0.5095729013254786,,,,,
7,20,Proposed,2.0,0.4452,0.5724,0.4932079222768636,0.8102090162862186,0.5387913875698869,0.051463621173610405,0.03286865151465424,0.5022091310751104,,,,,
7,20,_delta_vs_B1-MLE,,,,,,,,,,0.108338773864319,-0.17277433244345614,167.0,271.0,7.66453186453794e-07
7,20,_delta_vs_B2-expert,,,,,,,,,,0.012338072147572321,-0.011697459527550011,212.0,222.0,0.6657806053280663
7,50,B0-heuristic,2.0,0.4452,0.4352,0.222204845532624,0.7847021965632566,0.6592959332045321,0.08232370130444966,0.13219150149823047,0.5522827687776142,,,,,
7,50,B1-MLE,2.0,0.4452,0.5552,0.4604573203784089,0.7561256311966487,0.5963135026429456,0.11041276974200334,0.07363572279696284,0.5250368188512519,,,,,
7,50,B2-expert,2.0,0.4452,0.5684,0.487309273562079,0.7978709441386462,0.5531640832672013,0.06316108070116042,0.03823778154690768,0.5486008836524301,,,,,
7,50,MAP,2.0,0.4452,0.5728,0.509334556015453,0.810281501966937,0.539051427512654,0.044077427493244996,0.04006222200180856,0.49410898379970547,,,,,
7,50,cMAP-full,2.0,0.4452,0.5724,0.5081952703765615,0.810430009788398,0.538659101205755,0.046168440745728394,0.03996170709986648,0.49410898379970547,,,,,
7,50,Proposed,2.0,0.4452,0.566,0.5224286899417309,0.8137266814516086,0.5332468638421236,0.02555756403081058,0.03433141536781735,0.4845360824742268,,,,,
7,50,_delta_vs_B1-MLE,,,,,,,,,,0.057601050254959985,-0.08485520571119276,217.0,244.0,0.22587917820957018
7,50,_delta_vs_B2-expert,,,,,,,,,,0.015855737312962415,-0.037603516670349835,340.0,334.0,0.8472958791854339
7,100,B0-heuristic,2.0,0.4452,0.4352,0.222204845532624,0.7847021965632566,0.6592959332045321,0.08232370130444966,0.13219150149823047,0.5522827687776142,,,,,
7,100,B1-MLE,2.0,0.4452,0.542,0.5100818235656422,0.7960217943695718,0.5532411424116229,0.07450869594227295,0.04979997953841993,0.5066273932253313,,,,,
7,100,B2-expert,2.0,0.4452,0.5684,0.487309273562079,0.7978709441386462,0.5531640832672013,0.06316108070116042,0.03823778154690768,0.5486008836524301,,,,,
7,100,MAP,2.0,0.4452,0.5584,0.5107495750972061,0.810966494892585,0.5388998014549221,0.047843091117237,0.04184416187337689,0.5007363770250368,,,,,
7,100,cMAP-full,2.0,0.4452,0.5584,0.5107495750972061,0.810968647489857,0.5388992792940609,0.0478383223924732,0.0418440759341391,0.5007363770250368,,,,,
7,100,Proposed,2.0,0.4452,0.5612,0.5010565914504369,0.8107334284262228,0.5382428013027469,0.03714173808213716,0.03810137426981976,0.5022091310751104,,,,,
7,100,_delta_vs_B1-MLE,,,,,,,,,,0.01471163405665099,-0.037366957860135795,135.0,183.0,0.008296291380188921
7,100,_delta_vs_B2-expert,,,,,,,,,,0.012862484287576526,-0.026019342619023257,363.0,345.0,0.5229176128692028
7,200,B0-heuristic,2.0,0.4452,0.4352,0.222204845532624,0.7847021965632566,0.6592959332045321,0.08232370130444966,0.13219150149823047,0.5522827687776142,,,,,
7,200,B1-MLE,2.0,0.4452,0.5812,0.5056427102451599,0.8105021981749652,0.5328850449881567,0.034722637965676977,0.03519306226352532,0.4963181148748159,,,,,
7,200,B2-expert,2.0,0.4452,0.5684,0.487309273562079,0.7978709441386462,0.5531640832672013,0.06316108070116042,0.03823778154690768,0.5486008836524301,,,,,
7,200,MAP,2.0,0.4452,0.5804,0.5061911431659464,0.8187947086881779,0.5240079078570982,0.01708086472925829,0.02595931985991197,0.47496318114874814,,,,,
7,200,cMAP-full,2.0,0.4452,0.5804,0.5061911431659464,0.8187943295720586,0.5240087089784878,0.017077782373494152,0.025960803418798382,0.47496318114874814,,,,,
7,200,Proposed,2.0,0.4452,0.5784,0.5079864194395911,0.8194884956694372,0.5239354633592289,0.021233178667031116,0.02728087034696188,0.4683357879234168,,,,,
7,200,_delta_vs_B1-MLE,,,,,,,,,,0.008986297494471995,-0.01348945929864586,66.0,59.0,0.5916839270941626
7,200,_delta_vs_B2-expert,,,,,,,,,,0.021617551530790924,-0.0419279020341293,235.0,260.0,0.2806996125913767
7,400,B0-heuristic,2.0,0.4452,0.4352,0.222204845532624,0.7847021965632566,0.6592959332045321,0.08232370130444966,0.13219150149823047,0.5522827687776142,,,,,
7,400,B1-MLE,2.0,0.4452,0.58,0.5073421091762015,0.8152559888121278,0.5277043431341742,0.017351567980804682,0.025832653782737504,0.4852724594992636,,,,,
7,400,B2-expert,2.0,0.4452,0.5684,0.487309273562079,0.7978709441386462,0.5531640832672013,0.06316108070116042,0.03823778154690768,0.5486008836524301,,,,,
7,400,MAP,2.0,0.4452,0.5828,0.5076816516956233,0.8211823750818144,0.5208506609165326,0.015051368451384389,0.023947766028760312,0.4896907216494845,,,,,
7,400,cMAP-full,2.0,0.4452,0.5828,0.5076816516956233,0.8211797520902993,0.5208519044515447,0.015049154169931729,0.023949758697191233,0.4896907216494845,,,,,
7,400,Proposed,2.0,0.4452,0.5816,0.5116303172647537,0.8221493613108697,0.519763516364909,0.018156032322958343,0.02379010453822601,0.49189985272459497,,,,,
7,400,_delta_vs_B1-MLE,,,,,,,,,,0.00689337249874189,0.0008044643421536608,70.0,74.0,0.802693355069728
7,400,_delta_vs_B2-expert,,,,,,,,,,0.024278417172223454,-0.04500504837820207,224.0,257.0,0.14446615420739636
8,10,B0-heuristic,2.0,0.4236,0.4592,0.2323131033384747,0.7887398004865989,0.6579202124743994,0.10553630706975495,0.13472700714724042,0.48328267477203646,,,,,
8,10,B1-MLE,2.0,0.4236,0.506,0.38190678253046684,0.6896322476723005,0.6531619089436351,0.1070463299223195,0.10112002087920316,0.8275075987841946,,,,,
8,10,B2-expert,2.0,0.4236,0.4464,0.33653520348720073,0.7282420669838081,0.7258936911152172,0.15931289362897685,0.13957482667751778,0.5577507598784195,,,,,
8,10,MAP,2.0,0.4236,0.45,0.3436423828357264,0.7601264883160239,0.6817757694060377,0.18674513340637683,0.12583780274533557,0.5091185410334347,,,,,
8,10,cMAP-full,2.0,0.4236,0.4512,0.34515691437323714,0.760533316610678,0.681155230496647,0.18462046090249568,0.12531963917879468,0.5091185410334347,,,,,
8,10,Proposed,2.0,0.4236,0.4572,0.34738258463401817,0.7571307828932125,0.6765346844003809,0.15948042151730646,0.12540025751456013,0.5113981762917933,,,,,
8,10,_delta_vs_B1-MLE,,,,,,,,,,0.06749853522091198,0.052434091594986965,309.0,187.0,4.770227300097378e-08
8,10,_delta_vs_B2-expert,,,,,,,,,,0.02888871590940434,0.00016752788832960497,48.0,75.0,0.01869342540925413
8,20,B0-heuristic,2.0,0.4236,0.4592,0.2323131033384747,0.7887398004865989,0.6579202124743994,0.10553630706975495,0.13472700714724042,0.48328267477203646,,,,,
8,20,B1-MLE,2.0,0.4236,0.486,0.42090245395158743,0.7154091781916074,0.6414404044626799,0.0812546919878154,0.0965454745781346,0.7621580547112462,,,,,
8,20,B2-expert,2.0,0.4236,0.4464,0.33653520348720073,0.7282420669838081,0.7258936911152172,0.15931289362897685,0.13957482667751778,0.5577507598784195,,,,,
8,20,MAP,2.0,0.4236,0.4756,0.4070895476457254,0.7669462731216011,0.645576889579583,0.1313292698327984,0.09937104138164371,0.4749240121580547,,,,,
8,20,cMAP-full,2.0,0.4236,0.4776,0.4076687247334407,0.7671018210232812,0.6453910983182743,0.12925441361299644,0.09985927118702835,0.47416413373860183,,,,,
8,20,Proposed,2.0,0.4236,0.4896,0.3987564997271269,0.7774431313766504,0.613293203825315,0.09439439456584053,0.08646624609559767,0.46656534954407297,,,,,
8,20,_delta_vs_B1-MLE,,,,,,,,,,0.06203395318504301,0.01313970257802513,432.0,441.0,0.7865948680596428
8,20,_delta_vs_B2-expert,,,,,,,,,,0.04920106439284233,-0.06491849906313632,104.0,212.0,1.2199164518129518e-09
8,50,B0-heuristic,2.0,0.4236,0.4592,0.2323131033384747,0.7887398004865989,0.6579202124743994,0.10553630706975495,0.13472700714724042,0.48328267477203646,,,,,
8,50,B1-MLE,2.0,0.4236,0.5452,0.4980326130253392,0.782565758081696,0.5824450677846832,0.05672969751101253,0.05907865793947609,0.48024316109422494,,,,,
8,50,B2-expert,2.0,0.4236,0.4464,0.33653520348720073,0.7282420669838081,0.7258936911152172,0.15931289362897685,0.13957482667751778,0.5577507598784195,,,,,
8,50,MAP,2.0,0.4236,0.5516,0.48114695892261244,0.8015401693225549,0.5703102790958625,0.048184076116591354,0.056081564772667444,0.4490881458966565,,,,,
8,50,cMAP-full,2.0,0.4236,0.5516,0.48114695892261244,0.8015435314644128,0.5703041420760462,0.04818087937591577,0.05607641780787899,0.4490881458966565,,,,,
8,50,Proposed,2.0,0.4236,0.5552,0.4818047309012917,0.8063779672547007,0.555985256633213,0.03981680652816079,0.04870869217343024,0.4521276595744681,,,,,
8,50,_delta_vs_B1-MLE,,,,,,,,,,0.02381220917300464,-0.016912890982851744,254.0,279.0,0.298540592556058
8,50,_delta_vs_B2-expert,,,,,,,,,,0.07813590027089257,-0.11949608710081606,157.0,429.0,3.728573048954208e-30
8,100,B0-heuristic,2.0,0.4236,0.4592,0.2323131033384747,0.7887398004865989,0.6579202124743994,0.10553630706975495,0.13472700714724042,0.48328267477203646,,,,,
8,100,B1-MLE,2.0,0.4236,0.556,0.4851171016536043,0.7997798290541991,0.5582114251985837,0.07704322569618201,0.048091878385419715,0.44680851063829785,,,,,
8,100,B2-expert,2.0,0.4236,0.4464,0.33653520348720073,0.7282420669838081,0.7258936911152172,0.15931289362897685,0.13957482667751778,0.5577507598784195,,,,,
8,100,MAP,2.0,0.4236,0.5648,0.4769332724581158,0.8115517092046626,0.5425773600615176,0.03553507329112715,0.04176866342847348,0.446048632218845,,,,,
8,100,cMAP-full,2.0,0.4236,0.5648,0.4769332724581158,0.8115400793013401,0.5425780299129428,0.035533247572661,0.04176935508320503,0.446048632218845,,,,,
8,100,Proposed,2.0,0.4236,0.5712,0.48537439750678585,0.8139815950860356,0.5385362970285049,0.037696518977171245,0.040395961438235914,0.44376899696048633,,,,,
8,100,_delta_vs_B1-MLE,,,,,,,,,,0.014201766031836538,-0.03934670671901076,171.0,209.0,0.05754529652458285
8,100,_delta_vs_B2-expert,,,,,,,,,,0.08573952810222751,-0.12161637465180561,202.0,514.0,3.1645248418008065e-32
8,200,B0-heuristic,2.0,0.4236,0.4592,0.2323131033384747,0.7887398004865989,0.6579202124743994,0.10553630706975495,0.13472700714724042,0.48328267477203646,,,,,
8,200,B1-MLE,2.0,0.4236,0.5596,0.48364398613655546,0.8089953847283662,0.5382641376257074,0.04877934031500658,0.03410132968568276,0.42325227963525835,,,,,
8,200,B2-expert,2.0,0.4236,0.4464,0.33653520348720073,0.7282420669838081,0.7258936911152172,0.15931289362897685,0.13957482667751778,0.5577507598784195,,,,,
8,200,MAP,2.0,0.4236,0.5628,0.4781970188752258,0.8171566052499759,0.5296488115091728,0.036313331724256104,0.028849340862130163,0.4095744680851064,,,,,
8,200,cMAP-full,2.0,0.4236,0.5628,0.4781970188752258,0.8171519175883246,0.5296488093204658,0.03631209162454118,0.028849637057205012,0.4095744680851064,,,,,
8,200,Proposed,2.0,0.4236,0.5744,0.48490809418889524,0.8225924724931251,0.5216356103411154,0.02032890088941881,0.026840177890912406,0.4217325227963526,,,,,
8,200,_delta_vs_B1-MLE,,,,,,,,,,0.013597087764758875,-0.02845043942558777,194.0,231.0,0.0806444175841613
8,200,_delta_vs_B2-expert,,,,,,,,,,0.09435040550931695,-0.13898399273955805,254.0,574.0,2.9084753059063794e-29
8,400,B0-heuristic,2.0,0.4236,0.4592,0.2323131033384747,0.7887398004865989,0.6579202124743994,0.10553630706975495,0.13472700714724042,0.48328267477203646,,,,,
8,400,B1-MLE,2.0,0.4236,0.5704,0.4680375872927233,0.8176963126576717,0.5252336843753639,0.03860136095527215,0.027897546443278142,0.44072948328267475,,,,,
8,400,B2-expert,2.0,0.4236,0.4464,0.33653520348720073,0.7282420669838081,0.7258936911152172,0.15931289362897685,0.13957482667751778,0.5577507598784195,,,,,
8,400,MAP,2.0,0.4236,0.5812,0.4860461479730838,0.8213247906764282,0.521406335867636,0.023100859166854223,0.023249046392789748,0.4209726443768997,,,,,
8,400,cMAP-full,2.0,0.4236,0.5812,0.4860461479730838,0.8214096735692924,0.521263573100377,0.021252428012552636,0.023400655415459357,0.4217325227963526,,,,,
8,400,Proposed,2.0,0.4236,0.5752,0.49392639710116615,0.8234140362463327,0.5187851432563699,0.02185230874129451,0.02515216432748735,0.4369300911854103,,,,,
8,400,_delta_vs_B1-MLE,,,,,,,,,,0.005717723588660961,-0.016749052213977638,126.0,138.0,0.4984781182145485
8,400,_delta_vs_B2-expert,,,,,,,,,,0.09517196926252458,-0.13746058488768234,292.0,614.0,4.258978211844128e-27
9,10,B0-heuristic,2.0,0.4356,0.448,0.2272727272727273,0.7885743718729346,0.6604811912224422,0.10081717121217408,0.13818270233541158,0.47581227436823104,,,,,
9,10,B1-MLE,2.0,0.4356,0.4352,0.2690235981072121,0.6714441986094181,0.686316666411801,0.07574309211074157,0.10796266477348282,0.5826714801444043,,,,,
9,10,B2-expert,2.0,0.4356,0.5912,0.49811851791613265,0.815953037826302,0.5239005390699889,0.033379084183569704,0.02298169349053503,0.43104693140794226,,,,,
9,10,MAP,2.0,0.4356,0.5956,0.4969753229222606,0.8161247998432175,0.5281607066810331,0.0514853607137318,0.031488560408231184,0.4368231046931408,,,,,
9,10,cMAP-full,2.0,0.4356,0.5956,0.4969753229222606,0.8161227677143456,0.5281615296975473,0.05148564613219809,0.03149016915931397,0.4368231046931408,,,,,
9,10,Proposed,2.0,0.4356,0.5948,0.4853632152457291,0.8210355718501112,0.5191248483095748,0.041265438824650065,0.027105715755383855,0.41732851985559566,,,,,
9,10,_delta_vs_B1-MLE,,,,,,,,,,0.14959137324069316,-0.0344776532860915,303.0,702.0,4.156367294710864e-37
9,10,_delta_vs_B2-expert,,,,,,,,,,0.005082534023809204,0.00788635464108036,78.0,87.0,0.5335448936308462
9,20,B0-heuristic,2.0,0.4356,0.448,0.2272727272727273,0.7885743718729346,0.6604811912224422,0.10081717121217408,0.13818270233541158,0.47581227436823104,,,,,
9,20,B1-MLE,2.0,0.4356,0.504,0.37735670606128024,0.7123477505068034,0.6416084871720521,0.12696711944808015,0.09621307397311202,0.5992779783393501,,,,,
9,20,B2-expert,2.0,0.4356,0.5912,0.49811851791613265,0.815953037826302,0.5239005390699889,0.033379084183569704,0.02298169349053503,0.43104693140794226,,,,,
9,20,MAP,2.0,0.4356,0.6052,0.5081667236899692,0.8212757034531364,0.5215401481033468,0.05080879801240578,0.035960254766579186,0.4296028880866426,,,,,
9,20,cMAP-full,2.0,0.4356,0.6052,0.5081667236899692,0.821279981642052,0.5215411040611029,0.0508158703564218,0.03596307722602109,0.4296028880866426,,,,,
9,20,Proposed,2.0,0.4356,0.6064,0.515888229227,0.8232910285406507,0.5177589858869582,0.04571102150163619,0.03316947945001839,0.42093862815884475,,,,,
9,20,_delta_vs_B1-MLE,,,,,,,,,,0.11094327803384729,-0.08125609794644395,196.0,452.0,3.210646506974183e-24
9,20,_delta_vs_B2-expert,,,,,,,,,,0.007337990714348708,0.012331937318066484,171.0,209.0,0.05754529652458285
9,50,B0-heuristic,2.0,0.4356,0.448,0.2272727272727273,0.7885743718729346,0.6604811912224422,0.10081717121217408,0.13818270233541158,0.47581227436823104,,,,,
9,50,B1-MLE,2.0,0.4356,0.5488,0.4981367914371531,0.7699422226912505,0.5973875793070577,0.10387795559741357,0.0713249023913692,0.4620938628158845,,,,,
9,50,B2-expert,2.0,0.4356,0.5912,0.49811851791613265,0.815953037826302,0.5239005390699889,0.033379084183569704,0.02298169349053503,0.43104693140794226,,,,,
9,50,MAP,2.0,0.4356,0.5868,0.5125122106691511,0.8153844160394274,0.528925704836391,0.04568814710717546,0.0328858100079735,0.4389891696750903,,,,,
9,50,cMAP-full,2.0,0.4356,0.5868,0.5125122106691511,0.8153776762928027,0.5289267909676822,0.045686884966858334,0.03288608368393262,0.43971119133574005,,,,,
9,50,Proposed,2.0,0.4356,0.5968,0.519360302560933,0.8215395553400757,0.5175667672563244,0.03174884354079576,0.020519770615409594,0.4187725631768953,,,,,
9,50,_delta_vs_B1-MLE,,,,,,,,,,0.05159733264882527,-0.07212911205661782,139.0,259.0,1.860039895385425e-09
9,50,_delta_vs_B2-expert,,,,,,,,,,0.005586517513773703,-0.0016302406427739433,101.0,115.0,0.3764471310265597
9,100,B0-heuristic,2.0,0.4356,0.448,0.2272727272727273,0.7885743718729346,0.6604811912224422,0.10081717121217408,0.13818270233541158,0.47581227436823104,,,,,
9,100,B1-MLE,2.0,0.4356,0.58,0.5128245017593539,0.8033117776859711,0.5485553765170987,0.06460646615963683,0.043894036539854485,0.4714801444043321,,,,,
9,100,B2-expert,2.0,0.4356,0.5912,0.49811851791613265,0.815953037826302,0.5239005390699889,0.033379084183569704,0.02298169349053503,0.43104693140794226,,,,,
9,100,MAP,2.0,0.4356,0.5904,0.5066227988270826,0.8179920814909052,0.5273843772446656,0.03859153131152492,0.03148759588801306,0.4411552346570397,,,,,
9,100,cMAP-full,2.0,0.4356,0.5904,0.5066227988270826,0.8179924068890785,0.527384611932436,0.03859689563918738,0.031489634820434056,0.4411552346570397,,,,,
9,100,Proposed,2.0,0.4356,0.5944,0.5173745080976682,0.8191436760462444,0.5226038973635112,0.043029971813622295,0.02774640257258086,0.42454873646209385,,,,,
9,100,_delta_vs_B1-MLE,,,,,,,,,,0.015831898360273322,-0.021576494346014538,79.0,115.0,0.01178042557876383
9,100,_delta_vs_B2-expert,,,,,,,,,,0.0031906382199423655,0.00965088763005259,152.0,160.0,0.691952147257166
9,200,B0-heuristic,2.0,0.4356,0.448,0.2272727272727273,0.7885743718729346,0.6604811912224422,0.10081717121217408,0.13818270233541158,0.47581227436823104,,,,,
9,200,B1-MLE,2.0,0.4356,0.5732,0.46058887848049423,0.8131807092579508,0.5330189845220017,0.048767364981309416,0.027873252924344026,0.4671480144404332,,,,,
9,200,B2-expert,2.0,0.4356,0.5912,0.49811851791613265,0.815953037826302,0.5239005390699889,0.033379084183569704,0.02298169349053503,0.43104693140794226,,,,,
9,200,MAP,2.0,0.4356,0.5812,0.47526044381883814,0.817782128005327,0.5250858326965765,0.04102796707094965,0.02395942335910363,0.4628158844765343,,,,,
9,200,cMAP-full,2.0,0.4356,0.5812,0.47526044381883814,0.8177795914937052,0.5250843088590682,0.04102491057955282,0.02387893069954783,0.4628158844765343,,,,,
9,200,Proposed,2.0,0.4356,0.5956,0.49014138666636475,0.8188637214853896,0.5209770484394252,0.0328848628023774,0.025857939050743566,0.44620938628158846,,,,,
9,200,_delta_vs_B1-MLE,,,,,,,,,,0.005683012227438722,-0.015882502178932015,73.0,129.0,9.912782420372888e-05
9,200,_delta_vs_B2-expert,,,,,,,,,,0.002910683659087532,-0.000494221381192303,120.0,131.0,0.5279966429637912
9,400,B0-heuristic,2.0,0.4356,0.448,0.2272727272727273,0.7885743718729346,0.6604811912224422,0.10081717121217408,0.13818270233541158,0.47581227436823104,,,,,
9,400,B1-MLE,2.0,0.4356,0.5992,0.49532915681879575,0.8235989910393385,0.5147106101995793,0.0177932300635213,0.019291387486492978,0.4505415162454874,,,,,
9,400,B2-expert,2.0,0.4356,0.5912,0.49811851791613265,0.815953037826302,0.5239005390699889,0.033379084183569704,0.02298169349053503,0.43104693140794226,,,,,
9,400,MAP,2.0,0.4356,0.6008,0.49566571351029587,0.8243575289612958,0.5134806718710458,0.015455313215559173,0.016920209037010893,0.44620938628158846,,,,,
9,400,cMAP-full,2.0,0.4356,0.6008,0.49566571351029587,0.8243579304392445,0.5134794161880718,0.015454125629985289,0.01692030984943044,0.44620938628158846,,,,,
9,400,Proposed,2.0,0.4356,0.6016,0.4972418706799846,0.8244638164737399,0.5130837356315507,0.018507892730190365,0.01872559208926815,0.4368231046931408,,,,,
9,400,_delta_vs_B1-MLE,,,,,,,,,,0.0008648254344013617,0.000714662666669065,39.0,45.0,0.5856467947212256
9,400,_delta_vs_B2-expert,,,,,,,,,,0.008510778647437878,-0.01487119145337934,115.0,141.0,0.11799770488405265
10,10,B0-heuristic,2.0,0.4268,0.4576,0.23145607730385812,0.7828360763901084,0.6566743081180061,0.1047227082655149,0.13151531761893578,0.5193916349809886,,,,,
10,10,B1-MLE,2.0,0.4268,0.5172,0.39327486183491334,0.6757114900442159,0.6638461608200455,0.13078190941972334,0.0981394466670927,0.6836501901140685,,,,,
10,10,B2-expert,2.0,0.4268,0.4516,0.3446435270137123,0.7657070033163843,0.7130356760521472,0.2263241957462282,0.14847135991895385,0.532319391634981,,,,,
10,10,MAP,2.0,0.4268,0.492,0.3828956538612448,0.778653609738993,0.6773560387442031,0.19519102770638588,0.1262804693815541,0.5399239543726235,,,,,
10,10,cMAP-full,2.0,0.4268,0.492,0.3828956538612448,0.7786494893071205,0.6773573393667676,0.19519254760206367,0.126281279928886,0.5399239543726235,,,,,
10,10,Proposed,2.0,0.4268,0.4844,0.367621274468111,0.779260821852652,0.6770242715995195,0.20053875921713618,0.12731268946121696,0.5391634980988593,,,,,
10,10,_delta_vs_B1-MLE,,,,,,,,,,0.10354933180843606,0.06975684979741284,371.0,289.0,0.0015967526627670813
10,10,_delta_vs_B2-expert,,,,,,,,,,0.013553818536267692,-0.025785436529092015,41.0,123.0,1.026079149778026e-10
10,20,B0-heuristic,2.0,0.4268,0.4576,0.23145607730385812,0.7828360763901084,0.6566743081180061,0.1047227082655149,0.13151531761893578,0.5193916349809886,,,,,
10,20,B1-MLE,2.0,0.4268,0.5212,0.39895737196779557,0.6896244318220097,0.6897817397949759,0.16706302658448563,0.1094880091807966,0.603041825095057,,,,,
10,20,B2-expert,2.0,0.4268,0.4516,0.3446435270137123,0.7657070033163843,0.7130356760521472,0.2263241957462282,0.14847135991895385,0.532319391634981,,,,,
10,20,MAP,2.0,0.4268,0.5024,0.3936945896736399,0.7838666170805644,0.6576204041883331,0.1841656154647276,0.11461398133882801,0.5254752851711026,,,,,
10,20,cMAP-full,2.0,0.4268,0.5024,0.3936945896736399,0.7838644363433458,0.6576233438297788,0.18416970721896922,0.11461513714074996,0.5254752851711026,,,,,
10,20,Proposed,2.0,0.4268,0.4976,0.38276471453251193,0.7826238055054928,0.6612742339824418,0.1894317955038583,0.11873492018636997,0.5422053231939163,,,,,
10,20,_delta_vs_B1-MLE,,,,,,,,,,0.0929993736834831,0.022368768919372672,380.0,321.0,0.028406871263593564
10,20,_delta_vs_B2-expert,,,,,,,,,,0.016916802189108515,-0.036892400242369894,90.0,205.0,1.782964159353742e-11
10,50,B0-heuristic,2.0,0.4268,0.4576,0.23145607730385812,0.7828360763901084,0.6566743081180061,0.1047227082655149,0.13151531761893578,0.5193916349809886,,,,,
10,50,B1-MLE,2.0,0.4268,0.5324,0.48425173196202465,0.7619404287617785,0.6008184829256814,0.15593325207675462,0.08502026686373902,0.6091254752851711,,,,,
10,50,B2-expert,2.0,0.4268,0.4516,0.3446435270137123,0.7657070033163843,0.7130356760521472,0.2263241957462282,0.14847135991895385,0.532319391634981,,,,,
10,50,MAP,2.0,0.4268,0.5384,0.4746245737072815,0.7993730701480519,0.5883457018302779,0.13120272897265023,0.07892703118529862,0.4790874524714829,,,,,
10,50,cMAP-full,2.0,0.4268,0.5384,0.4746245737072815,0.7993738483646098,0.5883469807269052,0.13120338431347364,0.07892788810903004,0.4790874524714829,,,,,
10,50,Proposed,2.0,0.4268,0.5332,0.46154794246569175,0.7992558719717283,0.5842643620589871,0.12091209084312622,0.07268142480575265,0.5133079847908745,,,,,
10,50,_delta_vs_B1-MLE,,,,,,,,,,0.03731544320994984,-0.0350211612336284,177.0,179.0,0.957741888875997
10,50,_delta_vs_B2-expert,,,,,,,,,,0.03354886865534401,-0.10541210490310197,240.0,444.0,5.291240166792671e-15
10,100,B0-heuristic,2.0,0.4268,0.4576,0.23145607730385812,0.7828360763901084,0.6566743081180061,0.1047227082655149,0.13151531761893578,0.5193916349809886,,,,,
10,100,B1-MLE,2.0,0.4268,0.5544,0.5053543254078835,0.7962507255274328,0.5585989335687509,0.10574761017730241,0.0554233979355898,0.5148288973384031,,,,,
10,100,B2-expert,2.0,0.4268,0.4516,0.3446435270137123,0.7657070033163843,0.7130356760521472,0.2263241957462282,0.14847135991895385,0.532319391634981,,,,,
10,100,MAP,2.0,0.4268,0.5556,0.4874085343238594,0.8080219323530562,0.5508063100668474,0.09140673850205541,0.0544722578903558,0.47452471482889735,,,,,
10,100,cMAP-full,2.0,0.4268,0.5556,0.4874085343238594,0.8080164276878298,0.5508076173740266,0.09141024844817287,0.054473197828387665,0.47452471482889735,,,,,
10,100,Proposed,2.0,0.4268,0.5588,0.4905065280904747,0.8070443538762444,0.5490234580194917,0.07482263881047484,0.04697667668488694,0.5011406844106464,,,,,
10,100,_delta_vs_B1-MLE,,,,,,,,,,0.01079362834881159,-0.030924971366827578,210.0,221.0,0.6300821604001415
10,100,_delta_vs_B2-expert,,,,,,,,,,0.0413373505598601,-0.15150155693575335,319.0,587.0,4.0373781281584774e-19
10,200,B0-heuristic,2.0,0.4268,0.4576,0.23145607730385812,0.7828360763901084,0.6566743081180061,0.1047227082655149,0.13151531761893578,0.5193916349809886,,,,,
10,200,B1-MLE,2.0,0.4268,0.5636,0.4990270251542317,0.8062364976823466,0.5366968342335711,0.07116363520370332,0.03983539744630177,0.46387832699619774,,,,,
10,200,B2-expert,2.0,0.4268,0.4516,0.3446435270137123,0.7657070033163843,0.7130356760521472,0.2263241957462282,0.14847135991895385,0.532319391634981,,,,,
10,200,MAP,2.0,0.4268,0.5572,0.4958141127900853,0.8113151725825188,0.5393504609483579,0.06674713021153814,0.042520180756786395,0.45627376425855515,,,,,
10,200,cMAP-full,2.0,0.4268,0.5572,0.4958141127900853,0.8113165529467019,0.5393504866237425,0.06674690475058587,0.04252033876972049,0.45627376425855515,,,,,
10,200,Proposed,2.0,0.4268,0.56,0.48572685812828953,0.8118545470917622,0.538099880445259,0.06117324311647295,0.0405839126339124,0.46844106463878327,,,,,
10,200,_delta_vs_B1-MLE,,,,,,,,,,0.005618049409415571,-0.00999039208723037,174.0,165.0,0.6639883747317784
10,200,_delta_vs_B2-expert,,,,,,,,,,0.046147543775377886,-0.16515095262975524,314.0,585.0,1.1458629284344702e-19
10,400,B0-heuristic,2.0,0.4268,0.4576,0.23145607730385812,0.7828360763901084,0.6566743081180061,0.1047227082655149,0.13151531761893578,0.5193916349809886,,,,,
10,400,B1-MLE,2.0,0.4268,0.5724,0.4928924185778841,0.8152081201974899,0.5268930376753408,0.04538950541616368,0.027992018456212235,0.45019011406844106,,,,,
10,400,B2-expert,2.0,0.4268,0.4516,0.3446435270137123,0.7657070033163843,0.7130356760521472,0.2263241957462282,0.14847135991895385,0.532319391634981,,,,,
10,400,MAP,2.0,0.4268,0.5608,0.49852516154630333,0.8137020868220913,0.5299606624723032,0.053108002763503324,0.031502060037070845,0.4532319391634981,,,,,
10,400,cMAP-full,2.0,0.4268,0.5608,0.49852516154630333,0.8137006807244184,0.5299610506353498,0.053110090102389075,0.03150296428144029,0.4532319391634981,,,,,
10,400,Proposed,2.0,0.4268,0.5648,0.5013275442578972,0.8146755991641301,0.5290485893478479,0.03525645741801924,0.027007572471206824,0.4585551330798479,,,,,
10,400,_delta_vs_B1-MLE,,,,,,,,,,-0.0005325210333597674,-0.010133047998144434,91.0,72.0,0.15836889793139422
10,400,_delta_vs_B2-expert,,,,,,,,,,0.04896859584774582,-0.19106773832820895,351.0,634.0,1.459498102847655e-19
11,10,B0-heuristic,2.0,0.43,0.4616,0.23288170314282752,0.7839227294774791,0.6559246290970816,0.10871227280370022,0.13308348066136838,0.5431818181818182,,,,,
11,10,B1-MLE,2.0,0.43,0.432,0.2062987531253907,0.5921044311036616,0.7543761111316897,0.09635744069692467,0.14693247370320145,0.8242424242424242,,,,,
11,10,B2-expert,2.0,0.43,0.5012,0.4419775363551923,0.7731634585226441,0.59169222144241,0.08610309395122562,0.07142374697932806,0.5727272727272728,,,,,
11,10,MAP,2.0,0.43,0.5064,0.4503426310120589,0.7700776885571646,0.6028758803801204,0.08170378678642728,0.07868999845664115,0.5909090909090909,,,,,
11,10,cMAP-full,2.0,0.43,0.5084,0.45436975615117725,0.7703497366788183,0.6025147541740394,0.08190757895361457,0.07844401683662089,0.5909090909090909,,,,,
11,10,Proposed,2.0,0.43,0.5032,0.4434947774634566,0.7749088765445973,0.5934890587917967,0.07614255041597368,0.07475564246110164,0.568939393939394,,,,,
11,10,_delta_vs_B1-MLE,,,,,,,,,,0.18280444544093566,-0.020214890280950998,256.0,434.0,1.2414968983069267e-11
11,10,_delta_vs_B2-expert,,,,,,,,,,0.00174541802195316,-0.009960543535251942,83.0,88.0,0.7597940341218291
11,20,B0-heuristic,2.0,0.43,0.4616,0.23288170314282752,0.7839227294774791,0.6559246290970816,0.10871227280370022,0.13308348066136838,0.5431818181818182,,,,,
11,20,B1-MLE,2.0,0.43,0.462,0.29604871924605103,0.6907297586068357,0.6780344601816586,0.08868308549585437,0.1165529631630631,0.718939393939394,,,,,
11,20,B2-expert,2.0,0.43,0.5012,0.4419775363551923,0.7731634585226441,0.59169222144241,0.08610309395122562,0.07142374697932806,0.5727272727272728,,,,,
11,20,MAP,2.0,0.43,0.5156,0.4468885323143254,0.7769025688269598,0.5939532441620872,0.058036444370860626,0.07695363145102241,0.5674242424242424,,,,,
11,20,cMAP-full,2.0,0.43,0.518,0.449051442394425,0.777146322225042,0.5936603392652429,0.05971101667798291,0.07694862902539329,0.5613636363636364,,,,,
11,20,Proposed,2.0,0.43,0.5084,0.4456145497956157,0.7800650061757353,0.5838604690689936,0.04765267297813565,0.0660752470073686,0.5568181818181818,,,,,
11,20,_delta_vs_B1-MLE,,,,,,,,,,0.08933524756889955,-0.04103041251771872,184.0,300.0,1.5089628342802764e-07
11,20,_delta_vs_B2-expert,,,,,,,,,,0.006901547653091145,-0.03845042097308997,126.0,144.0,0.3008520050421353
11,50,B0-heuristic,2.0,0.43,0.4616,0.23288170314282752,0.7839227294774791,0.6559246290970816,0.10871227280370022,0.13308348066136838,0.5431818181818182,,,,,
11,50,B1-MLE,2.0,0.43,0.5332,0.4014267878407656,0.7461054732175465,0.5932057944110227,0.09812376875829922,0.0620796704914262,0.5424242424242425,,,,,
11,50,B2-expert,2.0,0.43,0.5012,0.4419775363551923,0.7731634585226441,0.59169222144241,0.08610309395122562,0.07142374697932806,0.5727272727272728,,,,,
11,50,MAP,2.0,0.43,0.5556,0.45263568351565836,0.7942601202650246,0.5483168195692236,0.02419250804010313,0.035138076356092264,0.4946969696969697,,,,,
11,50,cMAP-full,2.0,0.43,0.5532,0.4503694775151658,0.7945045063190954,0.5479765896206791,0.024357936482079068,0.034889794722848644,0.49393939393939396,,,,,
11,50,Proposed,2.0,0.43,0.548,0.4637294167620701,0.8000366431210895,0.5432771105448473,0.03699774570692303,0.03723223460267849,0.503030303030303,,,,,
11,50,_delta_vs_B1-MLE,,,,,,,,,,0.053931169903542964,-0.06112602305137618,343.0,380.0,0.1805783041890379
11,50,_delta_vs_B2-expert,,,,,,,,,,0.026873184598445343,-0.049105348244302585,162.0,279.0,2.7695664176848278e-08
11,100,B0-heuristic,2.0,0.43,0.4616,0.23288170314282752,0.7839227294774791,0.6559246290970816,0.10871227280370022,0.13308348066136838,0.5431818181818182,,,,,
11,100,B1-MLE,2.0,0.43,0.5604,0.4588705713973005,0.7964737690093461,0.5631074479354916,0.07382097348022752,0.049370003710089504,0.48484848484848486,,,,,
11,100,B2-expert,2.0,0.43,0.5012,0.4419775363551923,0.7731634585226441,0.59169222144241,0.08610309395122562,0.07142374697932806,0.5727272727272728,,,,,
11,100,MAP,2.0,0.43,0.552,0.4642349213372656,0.8030109041557647,0.5455035842363432,0.041062303643249476,0.04222353731872064,0.49696969696969695,,,,,
11,100,cMAP-full,2.0,0.43,0.5512,0.4634156264218248,0.8034115809801216,0.5450925652719517,0.04067139788514723,0.04154293511857825,0.49242424242424243,,,,,
11,100,Proposed,2.0,0.43,0.5552,0.4823888943465877,0.8060103452358937,0.5378554583330535,0.03118484345294444,0.03615184670560723,0.5128787878787879,,,,,
11,100,_delta_vs_B1-MLE,,,,,,,,,,0.009536576226547577,-0.04263613002728309,161.0,148.0,0.49488683006341116
11,100,_delta_vs_B2-expert,,,,,,,,,,0.032846886713249535,-0.05491825049828118,279.0,414.0,3.2957779809138535e-07
11,200,B0-heuristic,2.0,0.43,0.4616,0.23288170314282752,0.7839227294774791,0.6559246290970816,0.10871227280370022,0.13308348066136838,0.5431818181818182,,,,,
11,200,B1-MLE,2.0,0.43,0.5712,0.4714963658591497,0.809968933448987,0.5395758918262149,0.05151479939265779,0.03896875095440866,0.4621212121212121,,,,,
11,200,B2-expert,2.0,0.43,0.5012,0.4419775363551923,0.7731634585226441,0.59169222144241,0.08610309395122562,0.07142374697932806,0.5727272727272728,,,,,
11,200,MAP,2.0,0.43,0.568,0.48493872098586743,0.810657372326908,0.5358723009509789,0.032978099623060864,0.037045233322418644,0.4893939393939394,,,,,
11,200,cMAP-full,2.0,0.43,0.568,0.48493872098586743,0.8106573631254618,0.5358732811193693,0.032978401429011005,0.03704573215401405,0.4893939393939394,,,,,
11,200,Proposed,2.0,0.43,0.562,0.4883631452145327,0.8109392033706047,0.5339560474522156,0.029798275158623922,0.034581179915554025,0.4962121212121212,,,,,
11,200,_delta_vs_B1-MLE,,,,,,,,,,0.0009702699216176391,-0.021716524234033866,151.0,128.0,0.18770674549808108
11,200,_delta_vs_B2-expert,,,,,,,,,,0.037775744847960535,-0.0563048187926017,288.0,440.0,1.9524295160107016e-08
11,400,B0-heuristic,2.0,0.43,0.4616,0.23288170314282752,0.7839227294774791,0.6559246290970816,0.10871227280370022,0.13308348066136838,0.5431818181818182,,,,,
11,400,B1-MLE,2.0,0.43,0.576,0.49134693838884397,0.813772081025964,0.5326863057290518,0.04050434694364404,0.03339592407565513,0.48863636363636365,,,,,
11,400,B2-expert,2.0,0.43,0.5012,0.4419775363551923,0.7731634585226441,0.59169222144241,0.08610309395122562,0.07142374697932806,0.5727272727272728,,,,,
11,400,MAP,2.0,0.43,0.5728,0.48836497282758495,0.8144168796356869,0.5306592117095421,0.036993234659214454,0.03493534819969411,0.4803030303030303,,,,,
11,400,cMAP-full,2.0,0.43,0.5728,0.48836497282758495,0.814387468905114,0.5307054782103751,0.036521429940217995,0.034120887057323454,0.4803030303030303,,,,,
11,400,Proposed,2.0,0.43,0.5704,0.4878071323225971,0.8145215793802468,0.5301189810253695,0.0291672091368931,0.03205373298172372,0.49015151515151517,,,,,
11,400,_delta_vs_B1-MLE,,,,,,,,,,0.0007494983542828404,-0.011337137806750941,67.0,53.0,0.2352033679725253
11,400,_delta_vs_B2-expert,,,,,,,,,,0.04135812085760271,-0.05693588481433252,323.0,496.0,1.6194828192561177e-09
12,10,B0-heuristic,2.0,0.4448,0.4348,0.22035781216174496,0.7785122922020301,0.6603714395002149,0.08379245557320959,0.13164001546592397,0.5724690458849235,,,,,
12,10,B1-MLE,2.0,0.4448,0.5216,0.27913409143032986,0.6442369590778562,0.650786948426482,0.13578327258022585,0.09381112071280046,0.8113619810633649,,,,,
12,10,B2-expert,2.0,0.4448,0.4532,0.3444114055410129,0.7495781340976442,0.7050151940950704,0.2073899542278448,0.1341571517833592,0.627822286962855,,,,,
12,10,MAP,2.0,0.4448,0.4648,0.35318824493343653,0.7562940420516672,0.6993760721727759,0.20818451553178957,0.13289320637405272,0.5994173343044428,,,,,
12,10,cMAP-full,2.0,0.4448,0.4652,0.353448129164639,0.7572916566727289,0.698035535849259,0.2071548800524006,0.13267482182774662,0.5870356882738529,,,,,
12,10,Proposed,2.0,0.4448,0.4656,0.35314706258085965,0.7559620351801222,0.6983932582596207,0.1979310279121912,0.1278360125742292,0.5994173343044428,,,,,
12,10,_delta_vs_B1-MLE,,,,,,,,,,0.11172507610226601,0.06214775533196534,519.0,379.0,3.36147707154896e-06
12,10,_delta_vs_B2-expert,,,,,,,,,,0.006383901082477994,-0.00945892631565362,35.0,66.0,0.002653786057228506
12,20,B0-heuristic,2.0,0.4448,0.4348,0.22035781216174496,0.7785122922020301,0.6603714395002149,0.08379245557320959,0.13164001546592397,0.5724690458849235,,,,,
12,20,B1-MLE,2.0,0.4448,0.5404,0.41538704157998335,0.6994662788191841,0.6792342479232549,0.2026706432124277,0.1170582098228126,0.6911871813546977,,,,,
12,20,B2-expert,2.0,0.4448,0.4532,0.3444114055410129,0.7495781340976442,0.7050151940950704,0.2073899542278448,0.1341571517833592,0.627822286962855,,,,,
12,20,MAP,2.0,0.4448,0.5148,0.38671904059705225,0.7699977157248525,0.6743038556528912,0.20446097004387806,0.1280126307912866,0.5637290604515659,,,,,
12,20,cMAP-full,2.0,0.4448,0.5132,0.3858254888329427,0.7708499380933683,0.6726588742687458,0.2049029041889826,0.12798880900888235,0.562272396212673,,,,,
12,20,Proposed,2.0,0.4448,0.5148,0.3839027627843721,0.7691440551450099,0.6644725991267009,0.17504068998350572,0.11778008473715859,0.5688273852876912,,,,,
12,20,_delta_vs_B1-MLE,,,,,,,,,,0.06967777632582584,-0.027629953228921977,245.0,181.0,0.0022329223979973317
12,20,_delta_vs_B2-expert,,,,,,,,,,0.019565921047365764,-0.03234926424433909,102.0,256.0,2.098598865269032e-16
12,50,B0-heuristic,2.0,0.4448,0.4348,0.22035781216174496,0.7785122922020301,0.6603714395002149,0.08379245557320959,0.13164001546592397,0.5724690458849235,,,,,
12,50,B1-MLE,2.0,0.4448,0.552,0.4434931562084622,0.746011800644953,0.6105183477254301,0.15134349773133565,0.08485546052682205,0.5142024763292061,,,,,
12,50,B2-expert,2.0,0.4448,0.4532,0.3444114055410129,0.7495781340976442,0.7050151940950704,0.2073899542278448,0.1341571517833592,0.627822286962855,,,,,
12,50,MAP,2.0,0.4448,0.5428,0.41453028171742007,0.7898156493422833,0.5983901015752489,0.10963617459287461,0.0861224997504994,0.5127458120903132,,,,,
12,50,cMAP-full,2.0,0.4448,0.544,0.4168811497699671,0.7910276756236323,0.5964314314334699,0.10739812514882396,0.08583805106980577,0.5083758193736344,,,,,
12,50,Proposed,2.0,0.4448,0.5304,0.41467784791988155,0.7873039665266245,0.598498386513295,0.10427384876565575,0.08132544690721921,0.5214857975236707,,,,,
12,50,_delta_vs_B1-MLE,,,,,,,,,,0.041292165881671505,-0.0470696489656799,256.0,202.0,0.013180638414120219
12,50,_delta_vs_B2-expert,,,,,,,,,,0.03772583242898031,-0.10311610546218906,119.0,312.0,4.890470953216671e-21
12,100,B0-heuristic,2.0,0.4448,0.4348,0.22035781216174496,0.7785122922020301,0.6603714395002149,0.08379245557320959,0.13164001546592397,0.5724690458849235,,,,,
12,100,B1-MLE,2.0,0.4448,0.5732,0.48040808956600434,0.7970842206180608,0.5483697120105069,0.06405438790478751,0.03936249553721327,0.4857975236707939,,,,,
12,100,B2-expert,2.0,0.4448,0.4532,0.3444114055410129,0.7495781340976442,0.7050151940950704,0.2073899542278448,0.1341571517833592,0.627822286962855,,,,,
12,100,MAP,2.0,0.4448,0.5712,0.4622784573535439,0.8047790413475142,0.5495221649119231,0.04508386141151333,0.049542999435871246,0.5054624908958485,,,,,
12,100,cMAP-full,2.0,0.4448,0.5712,0.4622784573535439,0.8047782526103396,0.5495220724312567,0.04508569937499783,0.04954265109932047,0.5054624908958485,,,,,
12,100,Proposed,2.0,0.4448,0.5704,0.4519182226029783,0.8042035254440858,0.5510135275892104,0.042304213882442106,0.0472226775453007,0.4879825200291333,,,,,
12,100,_delta_vs_B1-MLE,,,,,,,,,,0.007119304826024964,-0.021750174022345407,173.0,166.0,0.7445731616644515
12,100,_delta_vs_B2-expert,,,,,,,,,,0.05462539134644162,-0.16508574034540272,169.0,462.0,2.2014334783431724e-32
12,200,B0-heuristic,2.0,0.4448,0.4348,0.22035781216174496,0.7785122922020301,0.6603714395002149,0.08379245557320959,0.13164001546592397,0.5724690458849235,,,,,
12,200,B1-MLE,2.0,0.4448,0.584,0.49408247599734156,0.8065503153286191,0.5314510145582231,0.032235964772728255,0.02443371561107997,0.4959941733430444,,,,,
12,200,B2-expert,2.0,0.4448,0.4532,0.3444114055410129,0.7495781340976442,0.7050151940950704,0.2073899542278448,0.1341571517833592,0.627822286962855,,,,,
12,200,MAP,2.0,0.4448,0.5776,0.48299754433678943,0.8098544263644611,0.533712162273898,0.022398914314849708,0.03529593124091461,0.49526584122359796,,,,,
12,200,cMAP-full,2.0,0.4448,0.5776,0.48299754433678943,0.8104525544837095,0.5336486596526471,0.021217543117946772,0.03542440479763871,0.49526584122359796,,,,,
12,200,Proposed,2.0,0.4448,0.584,0.48265545218267775,0.8154762778394344,0.5287764051242708,0.017819082254426792,0.03280971769176524,0.5032774945375091,,,,,
12,200,_delta_vs_B1-MLE,,,,,,,,,,0.008925962510815344,-0.014416882518301463,123.0,123.0,1.0
12,200,_delta_vs_B2-expert,,,,,,,,,,0.06589814374179026,-0.18957087197341801,220.0,547.0,5.7758457596803176e-33
12,400,B0-heuristic,2.0,0.4448,0.4348,0.22035781216174496,0.7785122922020301,0.6603714395002149,0.08379245557320959,0.13164001546592397,0.5724690458849235,,,,,
12,400,B1-MLE,2.0,0.4448,0.5812,0.4847451505608916,0.8120224981715254,0.5227372938937906,0.019990859073867096,0.02005027942575547,0.4850691915513474,,,,,
12,400,B2-expert,2.0,0.4448,0.4532,0.3444114055410129,0.7495781340976442,0.7050151940950704,0.2073899542278448,0.1341571517833592,0.627822286962855,,,,,
12,400,MAP,2.0,0.4448,0.5864,0.48996942259226195,0.8149132901722983,0.523809104948795,0.021872477031138156,0.02270347217384229,0.48943918426802624,,,,,
12,400,cMAP-full,2.0,0.4448,0.5864,0.48996942259226195,0.8149142620173007,0.5238091627813708,0.021872217934677692,0.022703899695577248,0.48943918426802624,,,,,
12,400,Proposed,2.0,0.4448,0.5888,0.481248816325011,0.8164272628101148,0.5228991230243409,0.01632625211096344,0.023436230769944603,0.5018208302986161,,,,,
12,400,_delta_vs_B1-MLE,,,,,,,,,,0.004404764638589409,-0.003664606962903657,53.0,72.0,0.10703141160601266
12,400,_delta_vs_B2-expert,,,,,,,,,,0.06684912871247062,-0.19106370211688137,299.0,638.0,5.935343018892807e-29
13,10,B0-heuristic,2.0,0.4052,0.4564,0.23156823640266666,0.7793385951959455,0.6589359952571403,0.10351861485088733,0.12751434034226572,0.5629860031104199,,,,,
13,10,B1-MLE,2.0,0.4052,0.5284,0.2942178385957779,0.6932589337668382,0.6624034545552416,0.1176675710825406,0.08299412201125499,0.6788491446345256,,,,,
13,10,B2-expert,2.0,0.4052,0.5208,0.4340378088345196,0.7794260950791105,0.6111402701035442,0.06594539437211691,0.08318026249828768,0.5155520995334371,,,,,
13,10,MAP,2.0,0.4052,0.562,0.4385787517405943,0.798937063741155,0.5623642529904258,0.022636796509171067,0.04482687406420317,0.5163297045101088,,,,,
13,10,cMAP-full,2.0,0.4052,0.562,0.4385787517405943,0.7989430072259887,0.5623625283653402,0.02263434992712105,0.044824543775601855,0.5132192846034215,,,,,
13,10,Proposed,2.0,0.4052,0.5572,0.4527953357624289,0.800512352083717,0.5573287829433635,0.02926677657668936,0.04115448873976176,0.5108864696734059,,,,,
13,10,_delta_vs_B1-MLE,,,,,,,,,,0.10725341831687873,-0.08840079450585124,290.0,362.0,0.005386263863167566
13,10,_delta_vs_B2-expert,,,,,,,,,,0.021086257004606423,-0.036678617795427554,121.0,212.0,6.993418064967904e-07
13,20,B0-heuristic,2.0,0.4052,0.4564,0.23156823640266666,0.7793385951959455,0.6589359952571403,0.10351861485088733,0.12751434034226572,0.5629860031104199,,,,,
13,20,B1-MLE,2.0,0.4052,0.5456,0.39858805867103997,0.7258129972129277,0.6416350458870115,0.16342551192579866,0.0991806602423132,0.5349922239502333,,,,,
13,20,B2-expert,2.0,0.4052,0.5208,0.4340378088345196,0.7794260950791105,0.6111402701035442,0.06594539437211691,0.08318026249828768,0.5155520995334371,,,,,
13,20,MAP,2.0,0.4052,0.5664,0.4449845318550355,0.807915865161721,0.551785834659848,0.02078045132979924,0.042326066083196584,0.4867807153965785,,,,,
13,20,cMAP-full,2.0,0.4052,0.5664,0.4449845318550355,0.8079253702076576,0.5517862837739214,0.02077781108204105,0.04232677219827515,0.4867807153965785,,,,,
13,20,Proposed,2.0,0.4052,0.5704,0.4497638826406468,0.8058721379281476,0.552201683327641,0.03113426144278224,0.04293172927564978,0.4891135303265941,,,,,
13,20,_delta_vs_B1-MLE,,,,,,,,,,0.08005914071521991,-0.1322912504830164,154.0,216.0,0.0014841179140421801
13,20,_delta_vs_B2-expert,,,,,,,,,,0.026446042849037066,-0.03481113292933467,163.0,287.0,5.402211362152842e-09
13,50,B0-heuristic,2.0,0.4052,0.4564,0.23156823640266666,0.7793385951959455,0.6589359952571403,0.10351861485088733,0.12751434034226572,0.5629860031104199,,,,,
13,50,B1-MLE,2.0,0.4052,0.5264,0.4524648453165862,0.7590289284823956,0.6139345327257102,0.11902371675322619,0.07398191131485704,0.5357698289269052,,,,,
13,50,B2-expert,2.0,0.4052,0.5208,0.4340378088345196,0.7794260950791105,0.6111402701035442,0.06594539437211691,0.08318026249828768,0.5155520995334371,,,,,
13,50,MAP,2.0,0.4052,0.5536,0.4576510011177235,0.8086154442714084,0.5533429131735497,0.05061143053363453,0.04734932379051318,0.48055987558320373,,,,,
13,50,cMAP-full,2.0,0.4052,0.5536,0.4576510011177235,0.8086319144541946,0.5533377350938556,0.05061324740604474,0.047343758464178556,0.48055987558320373,,,,,
13,50,Proposed,2.0,0.4052,0.5516,0.44694863024943904,0.8093558400452866,0.5559677713310032,0.050856458448388396,0.048434487891913056,0.47667185069984447,,,,,
13,50,_delta_vs_B1-MLE,,,,,,,,,,0.05032691156289104,-0.0681672583048378,198.0,261.0,0.0037577578094095264
13,50,_delta_vs_B2-expert,,,,,,,,,,0.029929744966176064,-0.015088935923728515,132.0,209.0,3.596891983799356e-05
13,100,B0-heuristic,2.0,0.4052,0.4564,0.23156823640266666,0.7793385951959455,0.6589359952571403,0.10351861485088733,0.12751434034226572,0.5629860031104199,,,,,
13,100,B1-MLE,2.0,0.4052,0.5344,0.4669088150143544,0.7865718083464511,0.5852944408154029,0.1201129179144244,0.06278961718786352,0.5155520995334371,,,,,
13,100,B2-expert,2.0,0.4052,0.5208,0.4340378088345196,0.7794260950791105,0.6111402701035442,0.06594539437211691,0.08318026249828768,0.5155520995334371,,,,,
13,100,MAP,2.0,0.4052,0.5416,0.48011449546044205,0.8063226194037709,0.5551351651360573,0.08143412166731673,0.04961397420347324,0.48522550544323484,,,,,
13,100,cMAP-full,2.0,0.4052,0.5412,0.47950504621308737,0.8064643300879292,0.5547828381919214,0.08122995144013737,0.04919473180863417,0.48522550544323484,,,,,
13,100,Proposed,2.0,0.4052,0.5452,0.475098620779602,0.8095201257540575,0.5518032376476995,0.061931267708319956,0.04788782158152775,0.4937791601866252,,,,,
13,100,_delta_vs_B1-MLE,,,,,,,,,,0.02294831740760639,-0.05818165020610444,125.0,152.0,0.11808416554409987
13,100,_delta_vs_B2-expert,,,,,,,,,,0.03009403067494698,-0.004014126663796955,142.0,203.0,0.0012048319177685438
13,200,B0-heuristic,2.0,0.4052,0.4564,0.23156823640266666,0.7793385951959455,0.6589359952571403,0.10351861485088733,0.12751434034226572,0.5629860031104199,,,,,
13,200,B1-MLE,2.0,0.4052,0.568,0.4829044979056334,0.8128629970302339,0.5396696534516588,0.04206640921802915,0.03598005149713016,0.4735614307931571,,,,,
13,200,B2-expert,2.0,0.4052,0.5208,0.4340378088345196,0.7794260950791105,0.6111402701035442,0.06594539437211691,0.08318026249828768,0.5155520995334371,,,,,
13,200,MAP,2.0,0.4052,0.5724,0.47559172897177937,0.8161145388878002,0.5338551054961226,0.03241985884483918,0.03356716975922006,0.4782270606531882,,,,,
13,200,cMAP-full,2.0,0.4052,0.5724,0.47559172897177937,0.8161631883469029,0.5338177977364856,0.03235482140478782,0.033434840895945235,0.4782270606531882,,,,,
13,200,Proposed,2.0,0.4052,0.5624,0.47385062438788633,0.8176119558583786,0.5340013139796637,0.02882825149913603,0.03340105462247133,0.46967340590979784,,,,,
13,200,_delta_vs_B1-MLE,,,,,,,,,,0.004748958828144745,-0.013238157718893119,105.0,91.0,0.35314085510666426
13,200,_delta_vs_B2-expert,,,,,,,,,,0.03818586077926811,-0.03711714287298088,158.0,262.0,4.4038014840591575e-07
13,400,B0-heuristic,2.0,0.4052,0.4564,0.23156823640266666,0.7793385951959455,0.6589359952571403,0.10351861485088733,0.12751434034226572,0.5629860031104199,,,,,
13,400,B1-MLE,2.0,0.4052,0.5888,0.5035303566689376,0.8210215550863772,0.5256345267199469,0.012034939031373206,0.017744217436962813,0.468895800933126,,,,,
13,400,B2-expert,2.0,0.4052,0.5208,0.4340378088345196,0.7794260950791105,0.6111402701035442,0.06594539437211691,0.08318026249828768,0.5155520995334371,,,,,
13,400,MAP,2.0,0.4052,0.5884,0.5000850190968691,0.8220087725649421,0.5244189798838111,0.0128490224460799,0.018142563314010242,0.47667185069984447,,,,,
13,400,cMAP-full,2.0,0.4052,0.5884,0.5000850190968691,0.8220197528946751,0.5244195125393336,0.012691635530906749,0.018104151039229317,0.47667185069984447,,,,,
13,400,Proposed,2.0,0.4052,0.588,0.5103592268837943,0.8235600003291634,0.5237976246328124,0.014954918138301649,0.019241132973449492,0.45800933125972004,,,,,
13,400,_delta_vs_B1-MLE,,,,,,,,,,0.002538445242786236,0.002919979106928443,41.0,39.0,0.9110721212260928
13,400,_delta_vs_B2-expert,,,,,,,,,,0.044133905250052896,-0.050990476233815266,233.0,401.0,2.5429834753985582e-11
14,10,B0-heuristic,2.0,0.4312,0.4444,0.22550495792316838,0.7776871250932325,0.6620099836376779,0.09184394939853592,0.12983908232957417,0.5522058823529412,,,,,
14,10,B1-MLE,2.0,0.4312,0.4984,0.35290747115740445,0.6864585188874829,0.6489706918202001,0.15148085607879996,0.09489228779686588,0.7338235294117647,,,,,
14,10,B2-expert,2.0,0.4312,0.5528,0.4781218427383752,0.790793019260529,0.5632631982361181,0.05366465692371033,0.04091707557793581,0.5022058823529412,,,,,
14,10,MAP,2.0,0.4312,0.574,0.4724515697977192,0.8092070626766023,0.5393684612569295,0.045555597799778705,0.03078382179676846,0.46176470588235297,,,,,
14,10,cMAP-full,2.0,0.4312,0.574,0.4724515697977192,0.8092060663463502,0.5393678268289461,0.045558123393147784,0.030784476063906968,0.46176470588235297,,,,,
14,10,Proposed,2.0,0.4312,0.5816,0.4814690066432763,0.8085661136470386,0.5385129566607335,0.042242677488358395,0.029831535889341634,0.46176470588235297,,,,,
14,10,_delta_vs_B1-MLE,,,,,,,,,,0.12210759475955568,-0.10923817859044158,297.0,505.0,1.9786229291733246e-13
14,10,_delta_vs_B2-expert,,,,,,,,,,0.017773094386509536,-0.011421979435351934,115.0,187.0,4.066918004894323e-05
14,20,B0-heuristic,2.0,0.4312,0.4444,0.22550495792316838,0.7776871250932325,0.6620099836376779,0.09184394939853592,0.12983908232957417,0.5522058823529412,,,,,
14,20,B1-MLE,2.0,0.4312,0.5076,0.43249765674069396,0.698850445437355,0.6732710274519064,0.20533215901263507,0.11997544317735633,0.7088235294117647,,,,,
14,20,B2-expert,2.0,0.4312,0.5528,0.4781218427383752,0.790793019260529,0.5632631982361181,0.05366465692371033,0.04091707557793581,0.5022058823529412,,,,,
14,20,MAP,2.0,0.4312,0.5628,0.48008220562461623,0.8077555418459584,0.5488029066613832,0.05629898843684478,0.04434921847997338,0.4963235294117647,,,,,
14,20,cMAP-full,2.0,0.4312,0.5628,0.48008220562461623,0.8077564780949302,0.5488033761028758,0.056299195487989694,0.044348698248124825,0.4963235294117647,,,,,
14,20,Proposed,2.0,0.4312,0.5608,0.4850643003884437,0.8072772937217334,0.5444938162125612,0.046888129749703446,0.04150525078465176,0.4823529411764706,,,,,
14,20,_delta_vs_B1-MLE,,,,,,,,,,0.10842684828437843,-0.15844402926293163,283.0,416.0,5.524841319482897e-07
14,20,_delta_vs_B2-expert,,,,,,,,,,0.016484274461204373,-0.006776527174006883,165.0,185.0,0.3098201765186666
14,50,B0-heuristic,2.0,0.4312,0.4444,0.22550495792316838,0.7776871250932325,0.6620099836376779,0.09184394939853592,0.12983908232957417,0.5522058823529412,,,,,
14,50,B1-MLE,2.0,0.4312,0.5164,0.4655977761012394,0.7699913221496155,0.6182773538043392,0.13548149034339202,0.08315690197428925,0.6338235294117647,,,,,
14,50,B2-expert,2.0,0.4312,0.5528,0.4781218427383752,0.790793019260529,0.5632631982361181,0.05366465692371033,0.04091707557793581,0.5022058823529412,,,,,
14,50,MAP,2.0,0.4312,0.5556,0.49136729057743694,0.8066087904255941,0.5503737800786638,0.06134953242832472,0.0434326382042805,0.49117647058823527,,,,,
14,50,cMAP-full,2.0,0.4312,0.5556,0.49136729057743694,0.8066083361354326,0.5503751032975912,0.06134989532802226,0.0434331327719252,0.49117647058823527,,,,,
14,50,Proposed,2.0,0.4312,0.5552,0.48285002959294,0.808522335292266,0.5446343557071467,0.0581577592858631,0.040097218096568694,0.4889705882352941,,,,,
14,50,_delta_vs_B1-MLE,,,,,,,,,,0.038531013142650505,-0.07732373105752892,172.0,269.0,4.455478883961574e-06
14,50,_delta_vs_B2-expert,,,,,,,,,,0.017729316031736997,0.004493102362152772,194.0,200.0,0.8011598917108483
14,100,B0-heuristic,2.0,0.4312,0.4444,0.22550495792316838,0.7776871250932325,0.6620099836376779,0.09184394939853592,0.12983908232957417,0.5522058823529412,,,,,
14,100,B1-MLE,2.0,0.4312,0.5576,0.5021988429745772,0.8009356818977947,0.5640767815192372,0.06608201610647868,0.04852052815088339,0.4852941176470588,,,,,
14,100,B2-expert,2.0,0.4312,0.5528,0.4781218427383752,0.790793019260529,0.5632631982361181,0.05366465692371033,0.04091707557793581,0.5022058823529412,,,,,
14,100,MAP,2.0,0.4312,0.5596,0.49766837571937284,0.8083027293266678,0.5442578307066946,0.039747763705226445,0.03839004782694337,0.4786764705882353,,,,,
14,100,cMAP-full,2.0,0.4312,0.5596,0.49766837571937284,0.8083020157716854,0.5442573912932892,0.03974946337885904,0.03839066680140259,0.4786764705882353,,,,,
14,100,Proposed,2.0,0.4312,0.55,0.4903915079157447,0.810904556841903,0.5354875108789,0.03333242749959024,0.03271609152959086,0.475,,,,,
14,100,_delta_vs_B1-MLE,,,,,,,,,,0.009968874944108252,-0.03274958860688844,193.0,174.0,0.34743993196865774
14,100,_delta_vs_B2-expert,,,,,,,,,,0.02011153758137396,-0.020332229424120087,179.0,172.0,0.7488260020389275
14,200,B0-heuristic,2.0,0.4312,0.4444,0.22550495792316838,0.7776871250932325,0.6620099836376779,0.09184394939853592,0.12983908232957417,0.5522058823529412,,,,,
14,200,B1-MLE,2.0,0.4312,0.5676,0.4957582319309934,0.8122947430683436,0.5345135762275184,0.038916433840575346,0.029682359569160002,0.45294117647058824,,,,,
14,200,B2-expert,2.0,0.4312,0.5528,0.4781218427383752,0.790793019260529,0.5632631982361181,0.05366465692371033,0.04091707557793581,0.5022058823529412,,,,,
14,200,MAP,2.0,0.4312,0.5716,0.4952993336817959,0.8148977582680075,0.5303237357716951,0.033719218302486954,0.026461356201590458,0.45,,,,,
14,200,cMAP-full,2.0,0.4312,0.5716,0.4952993336817959,0.8148985640149784,0.5303226650154751,0.033574682605979844,0.026459284105828457,0.45,,,,,
14,200,Proposed,2.0,0.4312,0.5724,0.4860894177953117,0.8159247361404856,0.5264014827838187,0.024174594599681992,0.02255498794460745,0.47205882352941175,,,,,
14,200,_delta_vs_B1-MLE,,,,,,,,,,0.003629993072141957,-0.014741839240893354,117.0,129.0,0.48317056022932736
14,200,_delta_vs_B2-expert,,,,,,,,,,0.025131716879956523,-0.029490062324028336,156.0,205.0,0.01142337602014771
14,400,B0-heuristic,2.0,0.4312,0.4444,0.22550495792316838,0.7776871250932325,0.6620099836376779,0.09184394939853592,0.12983908232957417,0.5522058823529412,,,,,
14,400,B1-MLE,2.0,0.4312,0.5764,0.48250057468930696,0.817664603279508,0.5258348145292481,0.027335166944860895,0.02616379873087047,0.45294117647058824,,,,,
14,400,B2-expert,2.0,0.4312,0.5528,0.4781218427383752,0.790793019260529,0.5632631982361181,0.05366465692371033,0.04091707557793581,0.5022058823529412,,,,,
14,400,MAP,2.0,0.4312,0.5808,0.4869468454405342,0.8188393908089979,0.5244049202753333,0.023987214160415136,0.02664722157580145,0.4625,,,,,
14,400,cMAP-full,2.0,0.4312,0.5808,0.4869468454405342,0.8188402587084873,0.5244045450311902,0.023986609707486665,0.026646634838077703,0.4625,,,,,
14,400,Proposed,2.0,0.4312,0.5868,0.4767319924617413,0.8214835281005948,0.5199176442854266,0.017403286797215915,0.024149076698446664,0.4661764705882353,,,,,
14,400,_delta_vs_B1-MLE,,,,,,,,,,0.003818924821086811,-0.00993188014764498,86.0,112.0,0.07535614736054361
14,400,_delta_vs_B2-expert,,,,,,,,,,0.030690508840065744,-0.03626137012649441,153.0,238.0,2.010160853648355e-05
15,10,B0-heuristic,2.0,0.4312,0.44,0.22121069582998515,0.7755342226901042,0.66019548688204,0.09066876223275463,0.12992586755756488,0.5467464472700074,,,,,
15,10,B1-MLE,2.0,0.4312,0.4328,0.3988772011739703,0.6795289601795235,0.6691254623145444,0.1095056363918019,0.11231567706434056,0.6432311144353029,,,,,
15,10,B2-expert,2.0,0.4312,0.5628,0.4834906182788363,0.799658750572521,0.5507987842236315,0.036187170575846216,0.03324788412900932,0.5272999252056844,,,,,
15,10,MAP,2.0,0.4312,0.5556,0.48282333286903883,0.8028232561644685,0.5479715661494164,0.04797126886486067,0.036795262680153935,0.5041136873597607,,,,,
15,10,cMAP-full,2.0,0.4312,0.5556,0.48282333286903883,0.8028517013630543,0.5479711630439313,0.04797243037145641,0.036796360741666416,0.5041136873597607,,,,,
15,10,Proposed,2.0,0.4312,0.5604,0.4834364380290369,0.8052908009933316,0.5456169542150902,0.028021485185721316,0.035425052045059774,0.49962602842183995,,,,,
15,10,_delta_vs_B1-MLE,,,,,,,,,,0.12576184081380815,-0.08148415120608059,313.0,632.0,1.5376264710546429e-25
15,10,_delta_vs_B2-expert,,,,,,,,,,0.005632050420810608,-0.0081656853901249,249.0,243.0,0.8216828469409905
15,20,B0-heuristic,2.0,0.4312,0.44,0.22121069582998515,0.7755342226901042,0.66019548688204,0.09066876223275463,0.12992586755756488,0.5467464472700074,,,,,
15,20,B1-MLE,2.0,0.4312,0.456,0.44211391765596403,0.7061238049325091,0.6528823053594537,0.14662495702382364,0.10271018471167401,0.6604338070306657,,,,,
15,20,B2-expert,2.0,0.4312,0.5628,0.4834906182788363,0.799658750572521,0.5507987842236315,0.036187170575846216,0.03324788412900932,0.5272999252056844,,,,,
15,20,MAP,2.0,0.4312,0.5628,0.48747982309892224,0.7998263824130383,0.5508016850560215,0.05828214470984588,0.0372733375852059,0.5168287210172027,,,,,
15,20,cMAP-full,2.0,0.4312,0.5628,0.48747982309892224,0.7998424774889318,0.550801554831237,0.05828156361976528,0.037273469761441254,0.5168287210172027,,,,,
15,20,Proposed,2.0,0.4312,0.5604,0.4862743597517027,0.800930840922775,0.5485868929094482,0.05383324299176216,0.03523584130392946,0.5093492894540015,,,,,
15,20,_delta_vs_B1-MLE,,,,,,,,,,0.09480703599026585,-0.09279171403206148,267.0,528.0,1.330100932284433e-20
15,20,_delta_vs_B2-expert,,,,,,,,,,0.001272090350253996,0.017646072415915946,274.0,268.0,0.8299725259747498
15,50,B0-heuristic,2.0,0.4312,0.44,0.22121069582998515,0.7755342226901042,0.66019548688204,0.09066876223275463,0.12992586755756488,0.5467464472700074,,,,,
15,50,B1-MLE,2.0,0.4312,0.546,0.4580581195746459,0.7822742291690665,0.5874834437061008,0.12161423507522776,0.07069819045383731,0.5130890052356021,,,,,
15,50,B2-expert,2.0,0.4312,0.5628,0.4834906182788363,0.799658750572521,0.5507987842236315,0.036187170575846216,0.03324788412900932,0.5272999252056844,,,,,
15,50,MAP,2.0,0.4312,0.5684,0.46248039969980853,0.8106063153993075,0.5381175060747115,0.04811637462623595,0.03106998334905023,0.47569184741959614,,,,,
15,50,cMAP-full,2.0,0.4312,0.5684,0.46248039969980853,0.8106106060247823,0.5381165307102519,0.048114868283373566,0.03106941078770977,0.47569184741959614,,,,,
15,50,Proposed,2.0,0.4312,0.5732,0.4691121029421861,0.8129532570503671,0.5340093976957209,0.030898792222869606,0.027459545493796884,0.4846671652954376,,,,,
15,50,_delta_vs_B1-MLE,,,,,,,,,,0.030679027881300613,-0.09071544285235815,139.0,207.0,0.0003032909823774058
15,50,_delta_vs_B2-expert,,,,,,,,,,0.013294506477846135,-0.00528837835297661,259.0,285.0,0.28376933606067645
15,100,B0-heuristic,2.0,0.4312,0.44,0.22121069582998515,0.7755342226901042,0.66019548688204,0.09066876223275463,0.12992586755756488,0.5467464472700074,,,,,
15,100,B1-MLE,2.0,0.4312,0.5644,0.4599088646564969,0.7939110328388148,0.5458097305848311,0.06527842095161407,0.039246675153635294,0.4786836200448766,,,,,
15,100,B2-expert,2.0,0.4312,0.5628,0.4834906182788363,0.799658750572521,0.5507987842236315,0.036187170575846216,0.03324788412900932,0.5272999252056844,,,,,
15,100,MAP,2.0,0.4312,0.572,0.481008342772782,0.8125190947260608,0.5342064740286219,0.03892158540674135,0.028270326881358852,0.47718773373223633,,,,,
15,100,cMAP-full,2.0,0.4312,0.572,0.481008342772782,0.8125314489597141,0.53420526816817,0.03891746261535737,0.028268572584665082,0.47718773373223633,,,,,
15,100,Proposed,2.0,0.4312,0.5732,0.46501216442329585,0.8139749480679837,0.5319815682558195,0.02953515048355265,0.025701964290150196,0.4906507105459985,,,,,
15,100,_delta_vs_B1-MLE,,,,,,,,,,0.02006391522916884,-0.03574327046806142,60.0,82.0,0.07765321401762203
15,100,_delta_vs_B2-expert,,,,,,,,,,0.014316197495462646,-0.006652020092293567,266.0,292.0,0.28989452985975883
15,200,B0-heuristic,2.0,0.4312,0.44,0.22121069582998515,0.7755342226901042,0.66019548688204,0.09066876223275463,0.12992586755756488,0.5467464472700074,,,,,
15,200,B1-MLE,2.0,0.4312,0.5796,0.4755867726791857,0.8110764556716666,0.5353204507142443,0.04364192266237483,0.03548162098997136,0.4816753926701571,,,,,
15,200,B2-expert,2.0,0.4312,0.5628,0.4834906182788363,0.799658750572521,0.5507987842236315,0.036187170575846216,0.03324788412900932,0.5272999252056844,,,,,
15,200,MAP,2.0,0.4312,0.5784,0.48477991792139596,0.8148520050289686,0.5317436785576971,0.03333391295996945,0.028929539999321498,0.47643979057591623,,,,,
15,200,cMAP-full,2.0,0.4312,0.5784,0.48477991792139596,0.8148871504629158,0.5317446388253224,0.03333633277458895,0.028933875988368735,0.47643979057591623,,,,,
15,200,Proposed,2.0,0.4312,0.5804,0.4782553722013461,0.8151549541360088,0.5307725583688767,0.03655495802622141,0.027698961058023074,0.48541510845175767,,,,,
15,200,_delta_vs_B1-MLE,,,,,,,,,,0.004078498464342162,-0.007086964636153416,56.0,58.0,0.9254349612567241
15,200,_delta_vs_B2-expert,,,,,,,,,,0.015496203563487798,0.00036778745037519683,212.0,256.0,0.04673183409695451
15,400,B0-heuristic,2.0,0.4312,0.44,0.22121069582998515,0.7755342226901042,0.66019548688204,0.09066876223275463,0.12992586755756488,0.5467464472700074,,,,,
15,400,B1-MLE,2.0,0.4312,0.5744,0.4747580771733725,0.8142363140014982,0.529472139170798,0.032385472658035055,0.025794790545377946,0.47718773373223633,,,,,
15,400,B2-expert,2.0,0.4312,0.5628,0.4834906182788363,0.799658750572521,0.5507987842236315,0.036187170575846216,0.03324788412900932,0.5272999252056844,,,,,
15,400,MAP,2.0,0.4312,0.578,0.47643097647195753,0.8156958985127223,0.5276976297406795,0.024975867318374017,0.02288501681919674,0.4704562453253553,,,,,
15,400,cMAP-full,2.0,0.4312,0.578,0.47643097647195753,0.8156891596011864,0.5276981377363164,0.02497684144962992,0.022885218512536488,0.4704562453253553,,,,,
15,400,Proposed,2.0,0.4312,0.5876,0.4725124789813992,0.8171011240122912,0.5260381397400373,0.025528554581741,0.018738521817107407,0.4869109947643979,,,,,
15,400,_delta_vs_B1-MLE,,,,,,,,,,0.002864810010792973,-0.0068569180762940544,57.0,90.0,0.008087589471194527
15,400,_delta_vs_B2-expert,,,,,,,,,,0.017442373439770176,-0.010658615994105215,181.0,243.0,0.0030073779436270605
16,10,B0-heuristic,2.0,0.4344,0.4648,0.23683727206644292,0.7837243358954308,0.6561270449950862,0.11175123992122868,0.13603025651860043,0.5309667673716012,,,,,
16,10,B1-MLE,2.0,0.4344,0.4216,0.3765899562543887,0.7043796493976979,0.6905246581394381,0.07026061520222755,0.1397453320931275,0.6487915407854985,,,,,
16,10,B2-expert,2.0,0.4344,0.5704,0.47118507275636523,0.8021977476946304,0.5446673978512219,0.04098814126518978,0.034177774620257534,0.49697885196374625,,,,,
16,10,MAP,2.0,0.4344,0.5648,0.47341819802887,0.8022341119831049,0.5579556061703511,0.06870272048317563,0.05243715375728674,0.49395770392749244,,,,,
16,10,cMAP-full,2.0,0.4344,0.5648,0.47341819802887,0.8022278262968974,0.5579562725580318,0.06870748345907679,0.05243740443331184,0.49395770392749244,,,,,
16,10,Proposed,2.0,0.4344,0.57,0.47404218073181437,0.8020303677086857,0.5566314812904222,0.06392003524372067,0.05101311804282258,0.4901812688821752,,,,,
16,10,_delta_vs_B1-MLE,,,,,,,,,,0.09765071831098782,-0.006340579958506884,339.0,710.0,7.641158577408023e-31
16,10,_delta_vs_B2-expert,,,,,,,,,,-0.00016737998594462677,0.02293189397853089,92.0,91.0,1.0
16,20,B0-heuristic,2.0,0.4344,0.4648,0.23683727206644292,0.7837243358954308,0.6561270449950862,0.11175123992122868,0.13603025651860043,0.5309667673716012,,,,,
16,20,B1-MLE,2.0,0.4344,0.4868,0.44902631762768097,0.6901397796630129,0.66564986951334,0.11160957363633858,0.09961234557626165,0.8119335347432024,,,,,
16,20,B2-expert,2.0,0.4344,0.5704,0.47118507275636523,0.8021977476946304,0.5446673978512219,0.04098814126518978,0.034177774620257534,0.49697885196374625,,,,,
16,20,MAP,2.0,0.4344,0.556,0.4800438785841356,0.8028213154180907,0.5501054016772879,0.056956157646046265,0.045476673954252235,0.49697885196374625,,,,,
16,20,cMAP-full,2.0,0.4344,0.556,0.4800438785841356,0.8028102071534807,0.550105630176362,0.056952577401434626,0.045476594180760305,0.49697885196374625,,,,,
16,20,Proposed,2.0,0.4344,0.5576,0.4922257325874909,0.8042091722786171,0.5483991795977761,0.044102181626969876,0.04576452842450781,0.4962235649546828,,,,,
16,20,_delta_vs_B1-MLE,,,,,,,,,,0.11406939261560423,-0.0675073920093687,357.0,534.0,3.3165445787091345e-09
16,20,_delta_vs_B2-expert,,,,,,,,,,0.0020114245839867317,0.0031140403617800974,179.0,147.0,0.08583539316071884
16,50,B0-heuristic,2.0,0.4344,0.4648,0.23683727206644292,0.7837243358954308,0.6561270449950862,0.11175123992122868,0.13603025651860043,0.5309667673716012,,,,,
16,50,B1-MLE,2.0,0.4344,0.53,0.4528107396921899,0.7776920416934701,0.5775785529477183,0.04780840139236536,0.05480402161388978,0.5105740181268882,,,,,
16,50,B2-expert,2.0,0.4344,0.5704,0.47118507275636523,0.8021977476946304,0.5446673978512219,0.04098814126518978,0.034177774620257534,0.49697885196374625,,,,,
16,50,MAP,2.0,0.4344,0.5444,0.4673976203287066,0.7997062871686895,0.5526047567289771,0.0346362951977222,0.04413902843241854,0.48413897280966767,,,,,
16,50,cMAP-full,2.0,0.4344,0.5448,0.4685778890336167,0.8001165337051747,0.5521223145183131,0.03389814355154951,0.04369317507796127,0.48413897280966767,,,,,
16,50,Proposed,2.0,0.4344,0.5576,0.474368157071008,0.8039890910513134,0.5487471457068814,0.030056442130418564,0.041464880752754535,0.48564954682779454,,,,,
16,50,_delta_vs_B1-MLE,,,,,,,,,,0.026297049357843383,-0.0177519592619468,144.0,213.0,0.00030724203398670787
16,50,_delta_vs_B2-expert,,,,,,,,,,0.0017913433566830728,-0.010931699134771215,267.0,235.0,0.16641741744750704
16,100,B0-heuristic,2.0,0.4344,0.4648,0.23683727206644292,0.7837243358954308,0.6561270449950862,0.11175123992122868,0.13603025651860043,0.5309667673716012,,,,,
16,100,B1-MLE,2.0,0.4344,0.5596,0.4814887269264431,0.7936600511247434,0.5494970709200883,0.045543853313888764,0.03834484116108743,0.513595166163142,,,,,
16,100,B2-expert,2.0,0.4344,0.5704,0.47118507275636523,0.8021977476946304,0.5446673978512219,0.04098814126518978,0.034177774620257534,0.49697885196374625,,,,,
16,100,MAP,2.0,0.4344,0.5672,0.48174055647559355,0.8063953175248305,0.5357206524473423,0.04027760164259854,0.030440098517579353,0.49697885196374625,,,,,
16,100,cMAP-full,2.0,0.4344,0.5676,0.4838726850034833,0.8072149727856647,0.5348700863908207,0.03627922871654605,0.03081758883424538,0.49697885196374625,,,,,
16,100,Proposed,2.0,0.4344,0.5748,0.4856816789903853,0.8100543044420663,0.5320714222237427,0.031517851948008185,0.026354600976086533,0.49924471299093653,,,,,
16,100,_delta_vs_B1-MLE,,,,,,,,,,0.016394253317322915,-0.014026001365880579,128.0,166.0,0.03076250777492895
16,100,_delta_vs_B2-expert,,,,,,,,,,0.007856556747435905,-0.009470289317181593,151.0,162.0,0.5719851357827063
16,200,B0-heuristic,2.0,0.4344,0.4648,0.23683727206644292,0.7837243358954308,0.6561270449950862,0.11175123992122868,0.13603025651860043,0.5309667673716012,,,,,
16,200,B1-MLE,2.0,0.4344,0.5588,0.4726858805896014,0.8102566529983344,0.5333048438894659,0.026796257325894822,0.03080312699461693,0.472809667673716,,,,,
16,200,B2-expert,2.0,0.4344,0.5704,0.47118507275636523,0.8021977476946304,0.5446673978512219,0.04098814126518978,0.034177774620257534,0.49697885196374625,,,,,
16,200,MAP,2.0,0.4344,0.566,0.48372524102657233,0.8142317839156181,0.5267476541925115,0.025044531140824527,0.02827144260301932,0.4818731117824773,,,,,
16,200,cMAP-full,2.0,0.4344,0.568,0.4832424274686883,0.8145164481205953,0.5262975016374323,0.020643016851143794,0.0282028425239554,0.48036253776435045,,,,,
16,200,Proposed,2.0,0.4344,0.5728,0.47777319650820604,0.8161648049229071,0.5244060190466888,0.014628375895971301,0.02766812311603684,0.4818731117824773,,,,,
16,200,_delta_vs_B1-MLE,,,,,,,,,,0.005908151924572724,-0.01216788142992352,88.0,123.0,0.01903563298189157
16,200,_delta_vs_B2-expert,,,,,,,,,,0.013967057228276736,-0.026359765369218476,172.0,178.0,0.7893137194406856
16,400,B0-heuristic,2.0,0.4344,0.4648,0.23683727206644292,0.7837243358954308,0.6561270449950862,0.11175123992122868,0.13603025651860043,0.5309667673716012,,,,,
16,400,B1-MLE,2.0,0.4344,0.5748,0.46889426866009637,0.8134111832110889,0.5275089864822037,0.026903477987445794,0.026369544645313346,0.4780966767371601,,,,,
16,400,B2-expert,2.0,0.4344,0.5704,0.47118507275636523,0.8021977476946304,0.5446673978512219,0.04098814126518978,0.034177774620257534,0.49697885196374625,,,,,
16,400,MAP,2.0,0.4344,0.58,0.47834712753095965,0.8153402319332232,0.5243273119994495,0.024979388094195306,0.02196417461379528,0.4743202416918429,,,,,
16,400,cMAP-full,2.0,0.4344,0.58,0.47834712753095965,0.8154588848068629,0.5241995253834358,0.02600663480721527,0.02218888355600774,0.4773413897280967,,,,,
16,400,Proposed,2.0,0.4344,0.5804,0.48805926994982485,0.8151743598340582,0.5242688581636271,0.029249839878197337,0.021741759221297757,0.47205438066465255,,,,,
16,400,_delta_vs_B1-MLE,,,,,,,,,,0.0017631766229693202,0.0023463618907515436,27.0,41.0,0.11425430684992327
16,400,_delta_vs_B2-expert,,,,,,,,,,0.012976612139427801,-0.011738301386992441,156.0,181.0,0.19101178973607086
17,10,B0-heuristic,2.0,0.4252,0.448,0.2251931988777126,0.789063571598728,0.6588230861839781,0.10240253515611109,0.13749558323824548,0.4929368029739777,,,,,
17,10,B1-MLE,2.0,0.4252,0.4396,0.3808356878705268,0.6903273157766061,0.7038105005951087,0.10179780751233529,0.14568685842591525,0.8052044609665427,,,,,
17,10,B2-expert,2.0,0.4252,0.5488,0.4402309856309176,0.794085867597974,0.5779134019387939,0.09840526653346358,0.06738000378647283,0.48475836431226765,,,,,
17,10,MAP,2.0,0.4252,0.556,0.44327223241860847,0.7928331387051143,0.5736219495242793,0.09847893234690525,0.062274167666071474,0.5434944237918216,,,,,
17,10,cMAP-full,2.0,0.4252,0.556,0.44327223241860847,0.7928312587473348,0.5736230273250978,0.09847733892617049,0.062274155382187675,0.5434944237918216,,,,,
17,10,Proposed,2.0,0.4252,0.5512,0.4486808278084866,0.7930585788921922,0.5688196004982832,0.08547192167964322,0.051192909879426964,0.5405204460966543,,,,,
17,10,_delta_vs_B1-MLE,,,,,,,,,,0.10273126311558611,-0.016325885832692066,456.0,735.0,5.861072092158103e-16
17,10,_delta_vs_B2-expert,,,,,,,,,,-0.001027288705781726,-0.012933344853820361,51.0,57.0,0.6306338345308322
17,20,B0-heuristic,2.0,0.4252,0.448,0.2251931988777126,0.789063571598728,0.6588230861839781,0.10240253515611109,0.13749558323824548,0.4929368029739777,,,,,
17,20,B1-MLE,2.0,0.4252,0.4564,0.37376758346876937,0.6394927595230748,0.7368773945137062,0.18805222304766817,0.13754560709237312,0.8736059479553904,,,,,
17,20,B2-expert,2.0,0.4252,0.5488,0.4402309856309176,0.794085867597974,0.5779134019387939,0.09840526653346358,0.06738000378647283,0.48475836431226765,,,,,
17,20,MAP,2.0,0.4252,0.5692,0.4750753551971678,0.7904045080223097,0.5630614269290054,0.06383999922182042,0.03894186912391489,0.5434944237918216,,,,,
17,20,cMAP-full,2.0,0.4252,0.5688,0.4748189164403769,0.792487829419399,0.5595505572720495,0.061947848962450924,0.039159224098783,0.5434944237918216,,,,,
17,20,Proposed,2.0,0.4252,0.5716,0.45713158913589214,0.79563871951703,0.551117570718383,0.0470892480582681,0.03287999011015093,0.5368029739776952,,,,,
17,20,_delta_vs_B1-MLE,,,,,,,,,,0.1561459599939552,-0.14096297498940008,361.0,649.0,9.675540043675875e-20
17,20,_delta_vs_B2-expert,,,,,,,,,,0.0015528519190560752,-0.051316018475195485,143.0,200.0,0.0024475218561385427
17,50,B0-heuristic,2.0,0.4252,0.448,0.2251931988777126,0.789063571598728,0.6588230861839781,0.10240253515611109,0.13749558323824548,0.4929368029739777,,,,,
17,50,B1-MLE,2.0,0.4252,0.508,0.4522403619917482,0.7268390486098868,0.6590001471692661,0.16062349993980543,0.10926819628674347,0.5100371747211896,,,,,
17,50,B2-expert,2.0,0.4252,0.5488,0.4402309856309176,0.794085867597974,0.5779134019387939,0.09840526653346358,0.06738000378647283,0.48475836431226765,,,,,
17,50,MAP,2.0,0.4252,0.554,0.4975349005899374,0.8008685054801007,0.5469361453916761,0.042782259253526744,0.03762359246318097,0.4855018587360595,,,,,
17,50,cMAP-full,2.0,0.4252,0.554,0.4975349005899374,0.8008659382532229,0.5469359147865864,0.04278270656251168,0.03762387319709638,0.4855018587360595,,,,,
17,50,Proposed,2.0,0.4252,0.586,0.49305091452660926,0.8175769696937416,0.5270840104109228,0.027222364875138152,0.02940987762993731,0.45427509293680296,,,,,
17,50,_delta_vs_B1-MLE,,,,,,,,,,0.09073792108385481,-0.13340113506466728,183.0,378.0,1.28688600244058e-16
17,50,_delta_vs_B2-expert,,,,,,,,,,0.023491102095767658,-0.07118290165832543,244.0,337.0,0.0001311447509734292
17,100,B0-heuristic,2.0,0.4252,0.448,0.2251931988777126,0.789063571598728,0.6588230861839781,0.10240253515611109,0.13749558323824548,0.4929368029739777,,,,,
17,100,B1-MLE,2.0,0.4252,0.5392,0.4969123985413768,0.7859309285736649,0.6051230826041578,0.0827477597360878,0.07816645835050921,0.5130111524163569,,,,,
17,100,B2-expert,2.0,0.4252,0.5488,0.4402309856309176,0.794085867597974,0.5779134019387939,0.09840526653346358,0.06738000378647283,0.48475836431226765,,,,,
17,100,MAP,2.0,0.4252,0.57,0.5122431420688232,0.8106975663382097,0.5397069116848069,0.014354227017678295,0.03860013058106033,0.48029739776951674,,,,,
17,100,cMAP-full,2.0,0.4252,0.57,0.5122431420688232,0.810699030169534,0.5397042595695155,0.014352392329378991,0.038598309020693916,0.48029739776951674,,,,,
17,100,Proposed,2.0,0.4252,0.578,0.5083001330858944,0.8252473652069887,0.5220476565202968,0.020200823582454237,0.0368038145900141,0.4356877323420074,,,,,
17,100,_delta_vs_B1-MLE,,,,,,,,,,0.03931643663332385,-0.06254693615363358,168.0,265.0,3.6249395881867164e-06
17,100,_delta_vs_B2-expert,,,,,,,,,,0.031161497609014766,-0.07820444295100934,269.0,342.0,0.0035478210943304645
17,200,B0-heuristic,2.0,0.4252,0.448,0.2251931988777126,0.789063571598728,0.6588230861839781,0.10240253515611109,0.13749558323824548,0.4929368029739777,,,,,
17,200,B1-MLE,2.0,0.4252,0.5588,0.48953276867112394,0.8075957291486423,0.5454045740296268,0.054546869221123125,0.04379429484232729,0.48252788104089217,,,,,
17,200,B2-expert,2.0,0.4252,0.5488,0.4402309856309176,0.794085867597974,0.5779134019387939,0.09840526653346358,0.06738000378647283,0.48475836431226765,,,,,
17,200,MAP,2.0,0.4252,0.568,0.4899092174250849,0.816081628905166,0.5324220514483815,0.029640868939393508,0.03583084407979105,0.46765799256505575,,,,,
17,200,cMAP-full,2.0,0.4252,0.568,0.4899092174250849,0.8160751906603962,0.5324215495644544,0.02964089073809467,0.03583030536814761,0.46765799256505575,,,,,
17,200,Proposed,2.0,0.4252,0.5864,0.4933785420525614,0.825939790952,0.5217009780680659,0.024062473321450305,0.0371415994283977,0.4401486988847584,,,,,
17,200,_delta_vs_B1-MLE,,,,,,,,,,0.01834406180335768,-0.03048439589967282,113.0,182.0,7.012882943229756e-05
17,200,_delta_vs_B2-expert,,,,,,,,,,0.03185392335402604,-0.07434279321201329,226.0,320.0,6.631234471851862e-05
17,400,B0-heuristic,2.0,0.4252,0.448,0.2251931988777126,0.789063571598728,0.6588230861839781,0.10240253515611109,0.13749558323824548,0.4929368029739777,,,,,
17,400,B1-MLE,2.0,0.4252,0.5752,0.49468989477316255,0.8205316710317795,0.5213433464362727,0.052252454492842965,0.03204319605531964,0.4349442379182156,,,,,
17,400,B2-expert,2.0,0.4252,0.5488,0.4402309856309176,0.794085867597974,0.5779134019387939,0.09840526653346358,0.06738000378647283,0.48475836431226765,,,,,
17,400,MAP,2.0,0.4252,0.5844,0.49970586997582983,0.8224059408529988,0.5190855704175326,0.031596323118300886,0.02777052772650858,0.441635687732342,,,,,
17,400,cMAP-full,2.0,0.4252,0.5844,0.49970586997582983,0.8224067411868525,0.5190854697286393,0.03159556185927521,0.027769811381249225,0.441635687732342,,,,,
17,400,Proposed,2.0,0.4252,0.5956,0.4879858397208556,0.8284013826504545,0.5122087187534679,0.03162322840350246,0.02530133561602021,0.43866171003717475,,,,,
17,400,_delta_vs_B1-MLE,,,,,,,,,,0.007869711618675002,-0.020629226089340508,101.0,152.0,0.0016171293221001859
17,400,_delta_vs_B2-expert,,,,,,,,,,0.03431551505248054,-0.06678203812996113,181.0,298.0,1.0056393024243479e-07
18,10,B0-heuristic,2.0,0.426,0.4636,0.2289553076043059,0.7910319596792981,0.6537700877474093,0.11115704384688971,0.13958907251276523,0.5349194167306216,,,,,
18,10,B1-MLE,2.0,0.426,0.4636,0.4279386624579689,0.699656495439987,0.6911935053569732,0.08130152382863506,0.13002760076075467,0.8526477359938603,,,,,
18,10,B2-expert,2.0,0.426,0.5716,0.4720215323606352,0.8128456520891711,0.5300241279664973,0.04645021743649421,0.03585507259956501,0.47889485801995396,,,,,
18,10,MAP,2.0,0.426,0.57,0.5080587539139129,0.8136649018419484,0.5306087052687717,0.03613544898327962,0.03380032122560702,0.48503453568687643,,,,,
18,10,cMAP-full,2.0,0.426,0.57,0.5080587539139129,0.8136645928062798,0.530606718121298,0.03613243855297905,0.03379888081972083,0.48503453568687643,,,,,
18,10,Proposed,2.0,0.426,0.584,0.5065285802144327,0.8165305004148328,0.5262485295712366,0.0359406619081619,0.03097700524065422,0.48810437452033767,,,,,
18,10,_delta_vs_B1-MLE,,,,,,,,,,0.11687400497484579,-0.045360861920473165,364.0,665.0,4.520535374724437e-21
18,10,_delta_vs_B2-expert,,,,,,,,,,0.003684848325661627,-0.010509555528332312,148.0,179.0,0.0969656686338939
18,20,B0-heuristic,2.0,0.426,0.4636,0.2289553076043059,0.7910319596792981,0.6537700877474093,0.11115704384688971,0.13958907251276523,0.5349194167306216,,,,,
18,20,B1-MLE,2.0,0.426,0.544,0.475098028400169,0.7399531332485125,0.6357850487325559,0.113182767904055,0.09617072048627033,0.7214121258633922,,,,,
18,20,B2-expert,2.0,0.426,0.5716,0.4720215323606352,0.8128456520891711,0.5300241279664973,0.04645021743649421,0.03585507259956501,0.47889485801995396,,,,,
18,20,MAP,2.0,0.426,0.5652,0.499061277284616,0.8122463198801175,0.5340703350354974,0.055284030153628046,0.037575509200142514,0.5126630851880276,,,,,
18,20,cMAP-full,2.0,0.426,0.5652,0.499061277284616,0.8122482742076915,0.534070729459005,0.05528584500351196,0.037576115761624895,0.5126630851880276,,,,,
18,20,Proposed,2.0,0.426,0.5716,0.48909930673483526,0.8173553251098412,0.5258730854486171,0.05493454224149803,0.032618510869494924,0.49731389102072143,,,,,
18,20,_delta_vs_B1-MLE,,,,,,,,,,0.07740219186132868,-0.05824822566255697,273.0,342.0,0.006061108735499108
18,20,_delta_vs_B2-expert,,,,,,,,,,0.004509673020670069,0.008484324805003822,194.0,194.0,1.0
18,50,B0-heuristic,2.0,0.426,0.4636,0.2289553076043059,0.7910319596792981,0.6537700877474093,0.11115704384688971,0.13958907251276523,0.5349194167306216,,,,,
18,50,B1-MLE,2.0,0.426,0.5424,0.4884792617344886,0.7867833343139669,0.582287815866092,0.0941532488378216,0.0758606276818282,0.5610130468150422,,,,,
18,50,B2-expert,2.0,0.426,0.5716,0.4720215323606352,0.8128456520891711,0.5300241279664973,0.04645021743649421,0.03585507259956501,0.47889485801995396,,,,,
18,50,MAP,2.0,0.426,0.558,0.4973807680827592,0.8131903957268132,0.5328851470211795,0.04770743765397946,0.03689371716441445,0.5126630851880276,,,,,
18,50,cMAP-full,2.0,0.426,0.558,0.4973807680827592,0.8131898843473291,0.5328860429086354,0.04770738139323533,0.03689478572142229,0.5126630851880276,,,,,
18,50,Proposed,2.0,0.426,0.5744,0.49885424608533874,0.8153646267569479,0.526250075797303,0.047777956694723026,0.03389111419414319,0.5157329240214888,,,,,
18,50,_delta_vs_B1-MLE,,,,,,,,,,0.02858129244298102,-0.04637529214309857,322.0,402.0,0.0032970049716404427
18,50,_delta_vs_B2-expert,,,,,,,,,,0.00251897466777673,0.0013277392582288147,166.0,173.0,0.7445731616644515
18,100,B0-heuristic,2.0,0.426,0.4636,0.2289553076043059,0.7910319596792981,0.6537700877474093,0.11115704384688971,0.13958907251276523,0.5349194167306216,,,,,
18,100,B1-MLE,2.0,0.426,0.5568,0.4981350395332675,0.8025466627756953,0.5432712780202817,0.0515332588388501,0.0515600930985064,0.5049884881043745,,,,,
18,100,B2-expert,2.0,0.426,0.5716,0.4720215323606352,0.8128456520891711,0.5300241279664973,0.04645021743649421,0.03585507259956501,0.47889485801995396,,,,,
18,100,MAP,2.0,0.426,0.5672,0.5082363328379591,0.8118429967533607,0.5276114823879646,0.03492619693875998,0.03461548181893395,0.5118956254796623,,,,,
18,100,cMAP-full,2.0,0.426,0.5672,0.5082363328379591,0.8118514756514483,0.5276062074992819,0.03492527937051024,0.03461184002428237,0.5118956254796623,,,,,
18,100,Proposed,2.0,0.426,0.5592,0.5106478359496931,0.8126938423108618,0.5289401201134795,0.0331650978337875,0.0350880125513344,0.5141980046047583,,,,,
18,100,_delta_vs_B1-MLE,,,,,,,,,,0.010147179535166528,-0.018368161005062597,174.0,180.0,0.7904790381119982
18,100,_delta_vs_B2-expert,,,,,,,,,,-0.00015180977830930864,-0.013285119602706709,307.0,276.0,0.21402657681043102
18,200,B0-heuristic,2.0,0.426,0.4636,0.2289553076043059,0.7910319596792981,0.6537700877474093,0.11115704384688971,0.13958907251276523,0.5349194167306216,,,,,
18,200,B1-MLE,2.0,0.426,0.574,0.5010076841504066,0.8133278852576692,0.527543318742787,0.039266018816367806,0.0356985620105982,0.5049884881043745,,,,,
18,200,B2-expert,2.0,0.426,0.5716,0.4720215323606352,0.8128456520891711,0.5300241279664973,0.04645021743649421,0.03585507259956501,0.47889485801995396,,,,,
18,200,MAP,2.0,0.426,0.5764,0.5074736104775859,0.8159760464832643,0.5230281911322144,0.026796391340095867,0.03132078347873316,0.49731389102072143,,,,,
18,200,cMAP-full,2.0,0.426,0.5764,0.5074736104775859,0.8159773909842156,0.5230286607364553,0.026796268091034223,0.03132078054481341,0.49731389102072143,,,,,
18,200,Proposed,2.0,0.426,0.5804,0.5148623131949311,0.8188393589718759,0.5188367552011875,0.022688299453205638,0.026271427300318336,0.4927091327705295,,,,,
18,200,_delta_vs_B1-MLE,,,,,,,,,,0.005511473714206683,-0.016577719363162168,125.0,141.0,0.35774883281586045
18,200,_delta_vs_B2-expert,,,,,,,,,,0.00599370688270473,-0.023761917983288573,223.0,245.0,0.33169027961185166
18,400,B0-heuristic,2.0,0.426,0.4636,0.2289553076043059,0.7910319596792981,0.6537700877474093,0.11115704384688971,0.13958907251276523,0.5349194167306216,,,,,
18,400,B1-MLE,2.0,0.426,0.5928,0.49270469002476985,0.8212062021067922,0.5158154561679092,0.03060798159237023,0.02366530143385675,0.48810437452033767,,,,,
18,400,B2-expert,2.0,0.426,0.5716,0.4720215323606352,0.8128456520891711,0.5300241279664973,0.04645021743649421,0.03585507259956501,0.47889485801995396,,,,,
18,400,MAP,2.0,0.426,0.5944,0.4926472709035353,0.8218676426919632,0.514565362518553,0.03410145267779246,0.022309468811141184,0.4904067536454336,,,,,
18,400,cMAP-full,2.0,0.426,0.5944,0.4926472709035353,0.8218682970244622,0.51456498326133,0.034101462355663144,0.022309886762353154,0.4904067536454336,,,,,
18,400,Proposed,2.0,0.426,0.59,0.49509988028630586,0.8229489182290938,0.5129372408544872,0.011028071618618993,0.01945533932572152,0.48580199539524177,,,,,
18,400,_delta_vs_B1-MLE,,,,,,,,,,0.0017427161223015908,-0.019579909973751235,54.0,47.0,0.5507089135982713
18,400,_delta_vs_B2-expert,,,,,,,,,,0.010103266139922629,-0.035422145817875214,157.0,203.0,0.017584134684727165
19,10,B0-heuristic,2.0,0.4296,0.4476,0.2261008543323415,0.7844134965275624,0.6581861055994573,0.0948811107599265,0.13155319114381425,0.5226586102719033,,,,,
19,10,B1-MLE,2.0,0.4296,0.5056,0.4539536235183942,0.6671273005061653,0.6899732794104088,0.14878298778507798,0.11583794788713919,0.904833836858006,,,,,
19,10,B2-expert,2.0,0.4296,0.5424,0.44690881404282556,0.7902242707721892,0.6155593340921454,0.06719165152704974,0.09520565648349483,0.4561933534743202,,,,,
19,10,MAP,2.0,0.4296,0.5424,0.43657790141213276,0.797183686482659,0.5924249403856513,0.041823086508390096,0.07514490006746638,0.49773413897280966,,,,,
19,10,cMAP-full,2.0,0.4296,0.5424,0.43657790141213276,0.7971794723758759,0.5924247674253921,0.041824703042234616,0.07514460856963497,0.49773413897280966,,,,,
19,10,Proposed,2.0,0.4296,0.5384,0.43228928100623293,0.7974912683756046,0.5924017988305924,0.05544500287550207,0.0800878192452637,0.49924471299093653,,,,,
19,10,_delta_vs_B1-MLE,,,,,,,,,,0.13036396786943927,-0.09333798490957591,326.0,408.0,0.0027672901988396075
19,10,_delta_vs_B2-expert,,,,,,,,,,0.007266997603415426,-0.011746648651547675,73.0,63.0,0.4403825433795313
19,20,B0-heuristic,2.0,0.4296,0.4476,0.2261008543323415,0.7844134965275624,0.6581861055994573,0.0948811107599265,0.13155319114381425,0.5226586102719033,,,,,
19,20,B1-MLE,2.0,0.4296,0.5192,0.4635977052854264,0.6780097202001487,0.6987641021038502,0.193525277381742,0.12831145617573925,0.8587613293051359,,,,,
19,20,B2-expert,2.0,0.4296,0.5424,0.44690881404282556,0.7902242707721892,0.6155593340921454,0.06719165152704974,0.09520565648349483,0.4561933534743202,,,,,
19,20,MAP,2.0,0.4296,0.5452,0.4362059488078009,0.78305442667299,0.5958850453423389,0.06549738617310776,0.07158858517887665,0.5422960725075529,,,,,
19,20,cMAP-full,2.0,0.4296,0.546,0.4366480032964522,0.7832476148543466,0.5958602732022918,0.0642505018248791,0.07115552440481063,0.5422960725075529,,,,,
19,20,Proposed,2.0,0.4296,0.5488,0.4353565537257605,0.7826576958324298,0.5958321157783252,0.05798447017070733,0.07160452470464358,0.5317220543806647,,,,,
19,20,_delta_vs_B1-MLE,,,,,,,,,,0.10464797563228112,-0.13554080721103468,226.0,300.0,0.001434649105154496
19,20,_delta_vs_B2-expert,,,,,,,,,,-0.0075665749397593185,-0.009207181356342409,133.0,149.0,0.37175952768072584
19,50,B0-heuristic,2.0,0.4296,0.4476,0.2261008543323415,0.7844134965275624,0.6581861055994573,0.0948811107599265,0.13155319114381425,0.5226586102719033,,,,,
19,50,B1-MLE,2.0,0.4296,0.538,0.4608624311683852,0.7664163133327264,0.5792757639347068,0.06183952156635404,0.06427795008376933,0.5158610271903323,,,,,
19,50,B2-expert,2.0,0.4296,0.5424,0.44690881404282556,0.7902242707721892,0.6155593340921454,0.06719165152704974,0.09520565648349483,0.4561933534743202,,,,,
19,50,MAP,2.0,0.4296,0.5496,0.46950264688779164,0.7828370188938621,0.5684753183124042,0.031185279496023073,0.06011040023111104,0.5060422960725075,,,,,
19,50,cMAP-full,2.0,0.4296,0.5492,0.4701293685342246,0.7917174389499546,0.565825248613212,0.028801845044366392,0.05596457928026528,0.5060422960725075,,,,,
19,50,Proposed,2.0,0.4296,0.5604,0.48424276959069124,0.8025973166995964,0.5589559738838726,0.038194633418844506,0.05729804174796109,0.4962235649546828,,,,,
19,50,_delta_vs_B1-MLE,,,,,,,,,,0.036181003366870024,-0.023644888147509535,122.0,178.0,0.0014548792549569313
19,50,_delta_vs_B2-expert,,,,,,,,,,0.012373045927407289,-0.028997018108205236,117.0,162.0,0.008316949955552476
19,100,B0-heuristic,2.0,0.4296,0.4476,0.2261008543323415,0.7844134965275624,0.6581861055994573,0.0948811107599265,0.13155319114381425,0.5226586102719033,,,,,
19,100,B1-MLE,2.0,0.4296,0.5636,0.46873705205706157,0.7744734903419136,0.5553121172908081,0.06772681155322288,0.04421366790556608,0.4569486404833837,,,,,
19,100,B2-expert,2.0,0.4296,0.5424,0.44690881404282556,0.7902242707721892,0.6155593340921454,0.06719165152704974,0.09520565648349483,0.4561933534743202,,,,,
19,100,MAP,2.0,0.4296,0.566,0.46913428749437974,0.7834600321185564,0.5535716752376411,0.05181209188402118,0.05160275700783673,0.4690332326283988,,,,,
19,100,cMAP-full,2.0,0.4296,0.5672,0.47316210658334407,0.7964175272724163,0.5502447760606708,0.05224321935743289,0.05126450481352142,0.4690332326283988,,,,,
19,100,Proposed,2.0,0.4296,0.5664,0.47252767408230734,0.809264970680436,0.5398029913804823,0.0205085725159855,0.04066252191599789,0.46676737160120846,,,,,
19,100,_delta_vs_B1-MLE,,,,,,,,,,0.03479148033852242,-0.04721823903723738,145.0,152.0,0.7277883720544657
19,100,_delta_vs_B2-expert,,,,,,,,,,0.01904069990824686,-0.04668307901106424,130.0,190.0,0.0009437174415435863
19,200,B0-heuristic,2.0,0.4296,0.4476,0.2261008543323415,0.7844134965275624,0.6581861055994573,0.0948811107599265,0.13155319114381425,0.5226586102719033,,,,,
19,200,B1-MLE,2.0,0.4296,0.572,0.4870687363586639,0.8107630245591295,0.535453337537129,0.02974152541616529,0.031122754610353576,0.45845921450151056,,,,,
19,200,B2-expert,2.0,0.4296,0.5424,0.44690881404282556,0.7902242707721892,0.6155593340921454,0.06719165152704974,0.09520565648349483,0.4561933534743202,,,,,
19,200,MAP,2.0,0.4296,0.5792,0.4716349110874005,0.8149838328838315,0.530603863840737,0.02760330290415734,0.02794034588689891,0.472809667673716,,,,,
19,200,cMAP-full,2.0,0.4296,0.5792,0.4716349110874005,0.8149833982300974,0.5306061874062805,0.027606389750982598,0.027942371790811927,0.472809667673716,,,,,
19,200,Proposed,2.0,0.4296,0.5816,0.481618400359401,0.818929837948258,0.5246887541016253,0.017739772411734838,0.025447781692460827,0.46148036253776437,,,,,
19,200,_delta_vs_B1-MLE,,,,,,,,,,0.008166813389128502,-0.012001753004430453,106.0,130.0,0.13417781921872288
19,200,_delta_vs_B2-expert,,,,,,,,,,0.02870556717606887,-0.0494518791153149,207.0,305.0,1.71478161060113e-05
19,400,B0-heuristic,2.0,0.4296,0.4476,0.2261008543323415,0.7844134965275624,0.6581861055994573,0.0948811107599265,0.13155319114381425,0.5226586102719033,,,,,
19,400,B1-MLE,2.0,0.4296,0.5732,0.4781742811607368,0.8149206040750264,0.5304024595546889,0.026209294909499692,0.028473861856096686,0.45317220543806647,,,,,
19,400,B2-expert,2.0,0.4296,0.5424,0.44690881404282556,0.7902242707721892,0.6155593340921454,0.06719165152704974,0.09520565648349483,0.4561933534743202,,,,,
19,400,MAP,2.0,0.4296,0.5808,0.48243403149504915,0.8183510582465235,0.5259085825776718,0.02983383176531089,0.0231146561602287,0.45317220543806647,,,,,
19,400,cMAP-full,2.0,0.4296,0.5808,0.48243403149504915,0.8183476346251243,0.5259092866623961,0.029834135772315872,0.02315119872889188,0.45317220543806647,,,,,
19,400,Proposed,2.0,0.4296,0.576,0.4784651012337469,0.8211490232928712,0.5222628127020399,0.013758914871468533,0.023169521927667483,0.4516616314199396,,,,,
19,400,_delta_vs_B1-MLE,,,,,,,,,,0.006228419217844783,-0.012450380038031159,90.0,97.0,0.6609484635151924
19,400,_delta_vs_B2-expert,,,,,,,,,,0.030924752520682053,-0.05343273665558121,328.0,412.0,0.0022580559649425106
